Spend_Date,Campaign_ID,Daily_Cost,Impressions,Clicks
2024-01-01,CMP-META-01,$508.20,31928.0,501
2024-01-01,CMP-META-02,335.76,22633.0,811
2024-01-01,CMP-GOOG-01,  ,35511.0,1173
2024-01-01,CMP-GOOG-02,$404.47,25145.0,598
2024-01-01,CMP-EML-01,39.09 USD,2791.0,109
2024-01-01,CMP-AFF-01,112.53 USD,4877.0,146
2024-01-01,CMP-ORG-00,$0.00,,26
2024-01-02,CMP-META-01,$592.65,35982.0,583
2024-01-02,CMP-META-02,318.93,15142.0,603
2024-01-02,CMP-GOOG-01,586.37,37030.0,1235
2024-01-02,CMP-GOOG-02,598.08,,1610
2024-01-02,CMP-EML-01,50.15,2722.0,105
2024-01-02,CMP-AFF-01,128.11,9557.0,341
2024-01-02,CMP-ORG-00,$0.00,1038.0,39
2024-01-03,CMP-META-01,298.57,13171.0,428
2024-01-03,CMP-META-02,$695.24,32246.0,705
2024-01-03,CMP-GOOG-01,$669.87,31197.0,1014
2024-01-03,CMP-GOOG-02,568.2,38198.0,1071
2024-01-03,CMP-EML-01,32.17,,46
2024-01-03,CMP-AFF-01,$96.86,5812.0,107
03/01/2024,CMP-ORG-00,$0.00,552.0,10
2024-01-04,CMP-META-01,471.18 USD,35387.0,1370
2024-01-04,CMP-META-02,$489.08,28584.0,884
2024-01-04,CMP-GOOG-01,478.53 USD,21391.0,348
04/01/2024,CMP-EML-01,61.88,4485.0,142
04/01/2024,CMP-AFF-01,$171.25,9758.0,306
2024-01-04,CMP-ORG-00,0.0,709.0,22
2024-01-05,CMP-META-01,$514.81,36006.0,624
2024-01-05,CMP-META-02,642.26,43345.0,1403
2024-01-05,CMP-GOOG-01,$573.28,45297.0,909
2024-01-05,CMP-GOOG-02,$464.46,22807.0,369
05/01/2024,CMP-EML-01,$75.20,3248.0,98
2024-01-05,CMP-AFF-01,168.32,9277.0,142
2024-01-05,CMP-ORG-00,0.00 USD,1342.0,33
2024-01-06,CMP-META-01,525.83 USD,,1147
2024-01-06,CMP-META-02,$597.28,32072.0,811
2024-01-06,CMP-GOOG-01,431.89,34012.0,755
2024-01-06,CMP-GOOG-02,381.02,17212.0,664
2024-01-06,CMP-EML-01,47.57 USD,,124
06/01/2024,CMP-AFF-01,$178.14,9894.0,381
2024-01-06,CMP-ORG-00,$0.00,1236.0,25
2024-01-07,CMP-META-01,661.89,46613.0,1159
2024-01-07,CMP-META-02,350.09,23982.0,866
2024-01-07,CMP-GOOG-01,502.76,28898.0,691
2024-01-07,CMP-GOOG-02,431.86,28561.0,707
2024-01-07,CMP-EML-01,62.89,3426.0,81
2024-01-07,CMP-AFF-01,107.34,8532.0,132
2024-01-07,CMP-ORG-00,0.0,1048.0,30
2024-01-08,CMP-META-01,287.38,21752.0,386
2024-01-08,CMP-META-02,$562.89,24786.0,812
08/01/2024,CMP-GOOG-01,$784.73,53213.0,1152
2024-01-08,CMP-GOOG-02,$800.48,50578.0,1213
08/01/2024,CMP-EML-01,72.63,3620.0,124
2024-01-08,CMP-AFF-01,86.37,6512.0,142
2024-01-08,CMP-ORG-00,$0.00,1080.0,40
2024-01-09,CMP-META-01,  ,31709.0,1211
2024-01-09,CMP-META-02,$508.58,39575.0,1134
09/01/2024,CMP-GOOG-01,445.29 USD,29339.0,779
2024-01-09,CMP-GOOG-02,647.05 USD,39113.0,804
2024-01-09,CMP-EML-01,66.72,4802.0,177
2024-01-09,CMP-AFF-01,122.37,7877.0,134
2024-01-09,CMP-ORG-00,0.00 USD,819.0,28
2024-01-10,CMP-META-01,686.20 USD,51896.0,1673
2024-01-10,CMP-META-02,707.98,39850.0,759
2024-01-10,CMP-GOOG-01,401.25,19641.0,295
2024-01-10,CMP-GOOG-02,$424.73,32805.0,1097
2024-01-10,CMP-EML-01,75.87,4866.0,128
2024-01-10,CMP-AFF-01,123.89 USD,6843.0,212
2024-01-10,CMP-ORG-00,$0.00,1306.0,23
2024-01-11,CMP-META-01,615.28,24745.0,773
2024-01-11,CMP-GOOG-01,549.18,26374.0,811
2024-01-11,CMP-GOOG-02,$309.79,22782.0,641
2024-01-11,CMP-EML-01,48.55,2768.0,59
2024-01-11,CMP-AFF-01,  ,11301.0,381
2024-01-11,CMP-ORG-00,$0.00,1020.0,27
2024-01-12,CMP-META-01,  ,18417.0,607
2024-01-12,CMP-META-02,$475.37,32035.0,1067
2024-01-12,CMP-GOOG-01,382.39,24610.0,899
2024-01-12,CMP-GOOG-02,$306.39,22059.0,856
2024-01-12,CMP-EML-01,$35.26,2041.0,52
2024-01-12,CMP-AFF-01,166.9,9140.0,227
2024-01-12,CMP-ORG-00,0.0,808.0,24
2024-01-13,CMP-META-01,342.4,26946.0,996
13/01/2024,CMP-META-02,309.76 USD,20940.0,787
13/01/2024,CMP-GOOG-01,632.27,37718.0,1313
2024-01-13,CMP-GOOG-02,397.36 USD,21330.0,456
2024-01-13,CMP-EML-01,41.63,2932.0,113
13/01/2024,CMP-ORG-00,$0.00,977.0,15
2024-01-14,CMP-META-01,$546.06,29198.0,805
14/01/2024,CMP-META-02,261.87 USD,13739.0,500
2024-01-14,CMP-GOOG-01,523.28 USD,32985.0,1064
2024-01-14,CMP-GOOG-02,775.12 USD,56847.0,1944
2024-01-14,CMP-EML-01,44.33,2315.0,82
2024-01-14,CMP-AFF-01,159.9,7983.0,122
14/01/2024,CMP-ORG-00,0.0,832.0,20
2024-01-15,CMP-META-01,650.65,49333.0,1671
2024-01-15,CMP-META-02,584.52 USD,42676.0,706
2024-01-15,CMP-GOOG-01,729.34,31132.0,569
2024-01-15,CMP-GOOG-02,699.91,35026.0,1004
2024-01-15,CMP-EML-01,$30.67,1315.0,24
2024-01-15,CMP-AFF-01,127.80 USD,8059.0,162
2024-01-15,CMP-ORG-00,0.0,1423.0,30
2024-01-16,CMP-META-01,$597.16,42036.0,1678
2024-01-16,CMP-META-02,$643.76,35071.0,818
2024-01-16,CMP-GOOG-01,$708.77,37486.0,918
2024-01-16,CMP-GOOG-02,681.34,38069.0,684
2024-01-16,CMP-EML-01,$58.55,2769.0,73
2024-01-16,CMP-AFF-01,211.34,12206.0,376
2024-01-16,CMP-ORG-00,0.0,785.0,23
2024-01-17,CMP-META-01,592.67,43157.0,984
2024-01-17,CMP-META-02,390.43,20261.0,530
2024-01-17,CMP-GOOG-01,$624.19,47061.0,1880
2024-01-17,CMP-GOOG-02,505.65,,791
2024-01-17,CMP-EML-01,56.1,3887.0,120
17/01/2024,CMP-AFF-01,171.02,12955.0,366
2024-01-17,CMP-ORG-00,$0.00,695.0,12
2024-01-18,CMP-META-01,737.31,36272.0,749
2024-01-18,CMP-META-02,$581.39,34366.0,1128
2024-01-18,CMP-GOOG-01,689.21,41349.0,751
2024-01-18,CMP-GOOG-02,787.65 USD,38111.0,981
2024-01-18,CMP-EML-01,75.61 USD,5864.0,172
2024-01-18,CMP-AFF-01,200.93,13530.0,365
2024-01-18,CMP-ORG-00,0.0,943.0,16
19/01/2024,CMP-META-01,$470.88,27011.0,723
2024-01-19,CMP-META-02,$401.94,30377.0,462
2024-01-19,CMP-GOOG-01,$352.29,23529.0,593
2024-01-19,CMP-GOOG-02,764.97 USD,40138.0,1461
2024-01-19,CMP-EML-01,$31.69,2525.0,98
2024-01-19,CMP-AFF-01,215.97 USD,9019.0,342
2024-01-19,CMP-ORG-00,0.00 USD,1156.0,31
2024-01-20,CMP-META-01,$413.69,31693.0,544
2024-01-20,CMP-META-02,$677.31,34392.0,962
2024-01-20,CMP-GOOG-01,594.42,44471.0,701
2024-01-20,CMP-GOOG-02,792.49,34863.0,1276
2024-01-20,CMP-EML-01,75.61 USD,5354.0,85
2024-01-20,CMP-AFF-01,129.86 USD,8443.0,155
2024-01-21,CMP-META-01,662.03 USD,26508.0,858
2024-01-21,CMP-META-02,$532.47,25838.0,786
2024-01-21,CMP-GOOG-01,772.35 USD,52890.0,1645
2024-01-21,CMP-GOOG-02,$675.17,39559.0,986
2024-01-21,CMP-EML-01,35.12 USD,1442.0,37
2024-01-21,CMP-AFF-01,$167.36,8864.0,255
2024-01-21,CMP-ORG-00,0.00 USD,1191.0,19
2024-01-22,CMP-META-01,$571.52,42121.0,1441
2024-01-22,CMP-META-02,283.26,15514.0,426
2024-01-22,CMP-GOOG-01,521.08 USD,24679.0,923
2024-01-22,CMP-GOOG-02,$815.40,35711.0,741
2024-01-22,CMP-EML-01,$30.02,1817.0,63
22/01/2024,CMP-AFF-01,134.67,6971.0,179
2024-01-23,CMP-META-01,$472.33,36897.0,568
23/01/2024,CMP-META-02,378.53 USD,15216.0,430
23/01/2024,CMP-GOOG-01,$728.34,53568.0,2029
23/01/2024,CMP-GOOG-02,499.48,30544.0,1087
2024-01-23,CMP-EML-01,67.63,3612.0,117
2024-01-23,CMP-AFF-01,203.67,8637.0,271
2024-01-23,CMP-ORG-00,0.0,843.0,19
2024-01-24,CMP-META-01,700.09,37536.0,1477
2024-01-24,CMP-META-02,591.94,37387.0,1486
2024-01-24,CMP-GOOG-01,$427.32,18250.0,293
2024-01-24,CMP-GOOG-02,791.65,54726.0,1801
2024-01-24,CMP-EML-01,$68.66,4825.0,81
2024-01-24,CMP-AFF-01,139.29,7746.0,209
2024-01-24,CMP-ORG-00,0.0,1081.0,17
2024-01-25,CMP-META-01,719.71,45888.0,1124
2024-01-25,CMP-META-02,$747.60,38701.0,816
2024-01-25,CMP-GOOG-01,839.31 USD,47495.0,1444
25/01/2024,CMP-GOOG-02,$306.50,19302.0,345
2024-01-25,CMP-EML-01,$47.97,2490.0,47
25/01/2024,CMP-AFF-01,$129.06,9984.0,342
2024-01-25,CMP-ORG-00,$0.00,1407.0,23
2024-01-26,CMP-META-01,436.0,23362.0,427
2024-01-26,CMP-META-02,684.85 USD,28435.0,569
2024-01-26,CMP-GOOG-01,$573.17,44823.0,691
2024-01-26,CMP-GOOG-02,719.57 USD,37113.0,1078
2024-01-26,CMP-EML-01,34.15,2231.0,52
2024-01-26,CMP-AFF-01,158.15,11424.0,444
2024-01-26,CMP-ORG-00,0.00 USD,1123.0,18
2024-01-27,CMP-META-01,458.83,23233.0,800
2024-01-27,CMP-META-02,651.65,41690.0,1102
2024-01-27,CMP-GOOG-01,384.94,20689.0,569
2024-01-27,CMP-GOOG-02,612.07,25343.0,796
2024-01-27,CMP-EML-01,$44.86,2863.0,86
27/01/2024,CMP-AFF-01,$146.80,9767.0,291
2024-01-27,CMP-ORG-00,  ,1327.0,30
2024-01-28,CMP-META-01,391.55,20167.0,530
2024-01-28,CMP-META-02,702.71,33946.0,1332
2024-01-28,CMP-GOOG-01,379.29,22854.0,662
2024-01-28,CMP-GOOG-02,358.53,16348.0,493
2024-01-28,CMP-EML-01,68.26,3433.0,55
2024-01-28,CMP-AFF-01,109.85 USD,5698.0,124
2024-01-28,CMP-ORG-00,0.00 USD,613.0,22
2024-01-29,CMP-META-01,253.52 USD,16996.0,537
2024-01-29,CMP-META-02,373.51,16424.0,411
2024-01-29,CMP-GOOG-01,348.89 USD,14165.0,553
2024-01-29,CMP-GOOG-02,309.76,12589.0,218
2024-01-29,CMP-EML-01,$65.16,4849.0,177
2024-01-29,CMP-AFF-01,88.6,5661.0,163
2024-01-29,CMP-ORG-00,0.0,1308.0,44
30/01/2024,CMP-META-01,448.26,26587.0,578
2024-01-30,CMP-META-02,  ,36738.0,992
2024-01-30,CMP-GOOG-01,808.47 USD,54772.0,1877
2024-01-30,CMP-GOOG-02,$468.41,31997.0,683
2024-01-30,CMP-EML-01,78.97,4153.0,137
2024-01-30,CMP-AFF-01,81.45 USD,3873.0,61
2024-01-30,CMP-ORG-00,$0.00,799.0,16
2024-01-31,CMP-META-01,$277.91,16649.0,320
2024-01-31,CMP-META-02,699.38,51480.0,1838
2024-01-31,CMP-GOOG-01,$564.92,42977.0,897
2024-01-31,CMP-GOOG-02,463.56,24733.0,912
2024-01-31,CMP-EML-01,43.29,2553.0,74
2024-01-31,CMP-AFF-01,145.37 USD,9944.0,242
2024-01-31,CMP-ORG-00,0.0,1119.0,37
2024-02-01,CMP-META-01,708.63,35636.0,625
2024-02-01,CMP-META-02,748.93,44825.0,1767
2024-02-01,CMP-GOOG-01,817.34,46606.0,1150
2024-02-01,CMP-GOOG-02,$544.06,32251.0,989
01/02/2024,CMP-EML-01,$43.15,3427.0,54
2024-02-01,CMP-AFF-01,$97.85,6351.0,233
2024-02-01,CMP-ORG-00,$0.00,1492.0,40
2024-02-02,CMP-META-02,$700.32,47628.0,949
2024-02-02,CMP-GOOG-01,808.68,35280.0,899
2024-02-02,CMP-GOOG-02,739.38,49017.0,1834
2024-02-02,CMP-EML-01,39.16,2477.0,59
2024-02-02,CMP-AFF-01,125.35,6998.0,275
2024-02-02,CMP-ORG-00,$0.00,1322.0,34
2024-02-03,CMP-META-01,456.14,28666.0,765
2024-02-03,CMP-META-02,$427.15,31590.0,1077
2024-02-03,CMP-GOOG-01,  ,28977.0,751
2024-02-03,CMP-GOOG-02,668.34,40854.0,1617
2024-02-03,CMP-EML-01,72.04 USD,4031.0,95
03/02/2024,CMP-AFF-01,169.81 USD,10046.0,255
2024-02-03,CMP-ORG-00,0.0,1299.0,47
2024-02-04,CMP-META-01,$667.32,42864.0,1023
2024-02-04,CMP-META-02,$668.05,36656.0,794
2024-02-04,CMP-GOOG-01,488.05,34441.0,1353
2024-02-04,CMP-GOOG-02,$352.29,23451.0,806
2024-02-04,CMP-EML-01,$54.96,3634.0,102
2024-02-04,CMP-AFF-01,$145.13,5917.0,181
04/02/2024,CMP-ORG-00,0.0,931.0,32
2024-02-05,CMP-META-01,443.18,20470.0,436
2024-02-05,CMP-META-02,683.08,38781.0,1213
2024-02-05,CMP-GOOG-01,447.77 USD,24518.0,712
2024-02-05,CMP-GOOG-02,613.15 USD,27312.0,466
2024-02-05,CMP-EML-01,$36.03,1975.0,58
2024-02-05,CMP-AFF-01,135.66,9727.0,336
2024-02-05,CMP-ORG-00,  ,1318.0,32
2024-02-06,CMP-META-01,$325.94,19649.0,594
06/02/2024,CMP-META-02,$308.68,19796.0,410
2024-02-06,CMP-GOOG-01,482.06 USD,22474.0,484
2024-02-06,CMP-GOOG-02,363.65,17781.0,536
2024-02-06,CMP-EML-01,42.77,2363.0,46
2024-02-06,CMP-AFF-01,$126.95,9926.0,306
2024-02-06,CMP-ORG-00,$0.00,954.0,30
2024-02-07,CMP-META-01,$442.88,31398.0,1074
2024-02-07,CMP-META-02,$350.46,23972.0,776
2024-02-07,CMP-GOOG-01,644.74,50246.0,1309
2024-02-07,CMP-GOOG-02,688.9,35175.0,704
2024-02-07,CMP-EML-01,48.26 USD,2401.0,60
2024-02-07,CMP-AFF-01,163.24,9248.0,275
2024-02-07,CMP-ORG-00,0.0,947.0,26
08/02/2024,CMP-META-01,461.65,31226.0,698
2024-02-08,CMP-META-02,$725.07,51039.0,1328
2024-02-08,CMP-GOOG-01,563.29 USD,42233.0,1518
2024-02-08,CMP-GOOG-02,667.24,29608.0,1181
2024-02-08,CMP-EML-01,74.11,4043.0,94
2024-02-08,CMP-AFF-01,$192.00,8125.0,320
2024-02-08,CMP-ORG-00,0.00 USD,1224.0,19
2024-02-09,CMP-META-01,548.64 USD,25612.0,999
2024-02-09,CMP-META-02,$687.79,45931.0,859
2024-02-09,CMP-GOOG-01,$428.22,17846.0,653
2024-02-09,CMP-GOOG-02,519.46 USD,33683.0,970
2024-02-09,CMP-EML-01,36.81 USD,,47
2024-02-09,CMP-AFF-01,190.22 USD,9123.0,209
2024-02-09,CMP-ORG-00,0.0,1277.0,38
2024-02-10,CMP-META-02,470.76,35836.0,1251
2024-02-10,CMP-GOOG-02,$497.00,25472.0,720
2024-02-10,CMP-EML-01,$51.75,3198.0,60
2024-02-10,CMP-AFF-01,86.25 USD,6516.0,253
2024-02-10,CMP-ORG-00,0.0,809.0,14
11/02/2024,CMP-META-01,359.47,26122.0,879
2024-02-11,CMP-META-02,$278.21,16473.0,270
2024-02-11,CMP-GOOG-01,318.77 USD,23279.0,413
2024-02-11,CMP-GOOG-02,$324.59,18214.0,653
11/02/2024,CMP-EML-01,73.55,3423.0,95
11/02/2024,CMP-AFF-01,$172.13,8314.0,157
2024-02-11,CMP-ORG-00,0.0,1283.0,26
2024-02-12,CMP-META-01,380.80 USD,16389.0,526
2024-02-12,CMP-META-02,  ,27424.0,622
12/02/2024,CMP-GOOG-01,$777.17,34935.0,1221
2024-02-12,CMP-GOOG-02,773.94,59817.0,1680
12/02/2024,CMP-EML-01,$39.94,3007.0,91
2024-02-12,CMP-AFF-01,$100.65,5569.0,144
12/02/2024,CMP-ORG-00,$0.00,897.0,33
13/02/2024,CMP-META-01,$412.97,17630.0,691
2024-02-13,CMP-META-02,261.15,11018.0,250
2024-02-13,CMP-GOOG-01,636.90 USD,50950.0,1895
2024-02-13,CMP-GOOG-02,412.12 USD,32148.0,794
2024-02-13,CMP-EML-01,56.51,3561.0,107
2024-02-13,CMP-AFF-01,214.13,16007.0,510
13/02/2024,CMP-ORG-00,0.0,1309.0,39
2024-02-14,CMP-META-01,408.25,16469.0,427
2024-02-14,CMP-META-02,$680.65,29593.0,521
2024-02-14,CMP-GOOG-01,$754.77,36188.0,543
2024-02-14,CMP-GOOG-02,$489.11,27417.0,860
14/02/2024,CMP-EML-01,52.51,4140.0,71
2024-02-14,CMP-AFF-01,111.84 USD,7220.0,228
2024-02-14,CMP-ORG-00,0.00 USD,556.0,17
2024-02-15,CMP-META-01,570.85,42522.0,1390
2024-02-15,CMP-META-02,729.18,34509.0,662
15/02/2024,CMP-GOOG-01,$440.67,27142.0,453
2024-02-15,CMP-GOOG-02,450.37 USD,32765.0,692
2024-02-15,CMP-EML-01,61.44,2685.0,51
2024-02-15,CMP-AFF-01,$104.38,7944.0,122
2024-02-15,CMP-ORG-00,$0.00,1059.0,28
2024-02-16,CMP-META-01,$291.79,18109.0,330
2024-02-16,CMP-META-02,$258.20,14431.0,356
2024-02-16,CMP-GOOG-01,  ,22692.0,733
2024-02-16,CMP-GOOG-02,829.11 USD,61970.0,1595
2024-02-16,CMP-EML-01,69.04,3152.0,122
2024-02-16,CMP-AFF-01,146.8,8976.0,351
2024-02-16,CMP-ORG-00,0.0,1189.0,32
2024-02-17,CMP-META-01,321.08 USD,19699.0,320
2024-02-17,CMP-META-02,$696.36,48686.0,760
2024-02-17,CMP-GOOG-02,456.67,26032.0,1025
2024-02-17,CMP-EML-01,31.12 USD,1568.0,38
2024-02-17,CMP-AFF-01,194.76,15510.0,465
2024-02-17,CMP-ORG-00,0.0,1045.0,18
2024-02-18,CMP-META-01,572.1,28620.0,683
2024-02-18,CMP-META-02,473.05,22751.0,548
2024-02-18,CMP-GOOG-01,764.71,33875.0,1297
2024-02-18,CMP-GOOG-02,372.13,29031.0,839
2024-02-18,CMP-EML-01,52.62,2118.0,46
2024-02-18,CMP-AFF-01,  ,8363.0,245
2024-02-18,CMP-ORG-00,$0.00,1117.0,26
2024-02-19,CMP-META-01,529.88,26606.0,918
2024-02-19,CMP-META-02,$352.00,21062.0,492
2024-02-19,CMP-GOOG-01,463.62 USD,26531.0,826
2024-02-19,CMP-GOOG-02,$540.46,31648.0,923
2024-02-19,CMP-EML-01,64.12,3587.0,96
2024-02-19,CMP-AFF-01,123.54,6141.0,213
2024-02-19,CMP-ORG-00,0.0,1456.0,37
2024-02-20,CMP-META-01,566.06,29455.0,866
2024-02-20,CMP-META-02,251.65,15782.0,614
2024-02-20,CMP-GOOG-01,375.95,27854.0,680
2024-02-20,CMP-GOOG-02,437.54 USD,24338.0,387
2024-02-20,CMP-EML-01,$40.37,2816.0,99
2024-02-20,CMP-AFF-01,$198.14,12612.0,436
2024-02-20,CMP-ORG-00,$0.00,644.0,16
21/02/2024,CMP-META-01,$325.71,17550.0,484
2024-02-21,CMP-META-02,$653.29,32361.0,1106
2024-02-21,CMP-GOOG-01,815.53,,1017
2024-02-21,CMP-GOOG-02,841.13 USD,34497.0,991
2024-02-21,CMP-EML-01,55.09 USD,2914.0,103
2024-02-21,CMP-AFF-01,$141.84,7067.0,259
2024-02-21,CMP-ORG-00,$0.00,1010.0,36
22/02/2024,CMP-META-01,395.78,22537.0,819
2024-02-22,CMP-META-02,411.89 USD,30899.0,633
2024-02-22,CMP-GOOG-01,$577.81,44253.0,1241
2024-02-22,CMP-GOOG-02,479.54,36791.0,1376
2024-02-22,CMP-EML-01,35.21,1860.0,65
2024-02-22,CMP-AFF-01,107.27 USD,6214.0,135
23/02/2024,CMP-META-01,$679.52,49218.0,1817
2024-02-23,CMP-META-02,391.70 USD,31276.0,1241
2024-02-23,CMP-GOOG-01,570.94,33114.0,1267
2024-02-23,CMP-GOOG-02,788.67,62966.0,2428
2024-02-23,CMP-EML-01,41.8,3124.0,51
2024-02-23,CMP-AFF-01,$169.29,13125.0,504
23/02/2024,CMP-ORG-00,$0.00,1388.0,32
2024-02-24,CMP-META-01,$708.64,47582.0,1660
2024-02-24,CMP-META-02,$460.69,20118.0,462
2024-02-24,CMP-GOOG-01,533.66 USD,38716.0,1016
2024-02-24,CMP-GOOG-02,571.78,44481.0,1622
2024-02-24,CMP-AFF-01,$182.60,12148.0,406
24/02/2024,CMP-ORG-00,0.00 USD,1054.0,31
2024-02-25,CMP-META-01,$508.98,25794.0,437
2024-02-25,CMP-META-02,732.99 USD,41884.0,1540
25/02/2024,CMP-GOOG-01,$579.82,28486.0,956
25/02/2024,CMP-GOOG-02,841.97 USD,64402.0,2337
2024-02-25,CMP-EML-01,78.51,,81
2024-02-25,CMP-AFF-01,$145.15,10851.0,286
2024-02-25,CMP-ORG-00,0.00 USD,1272.0,43
2024-02-26,CMP-META-01,315.27,19672.0,511
2024-02-26,CMP-META-02,665.81,43493.0,725
2024-02-26,CMP-GOOG-01,$609.26,41697.0,764
2024-02-26,CMP-GOOG-02,$654.53,40985.0,1271
2024-02-26,CMP-EML-01,$59.03,3710.0,118
2024-02-26,CMP-AFF-01,117.9,6262.0,184
26/02/2024,CMP-ORG-00,$0.00,642.0,22
2024-02-27,CMP-META-01,529.51,28659.0,688
2024-02-27,CMP-META-02,262.59,16244.0,621
2024-02-27,CMP-GOOG-01,408.64,26306.0,610
2024-02-27,CMP-GOOG-02,$782.06,43046.0,806
2024-02-27,CMP-EML-01,  ,2826.0,62
2024-02-27,CMP-AFF-01,$202.47,15160.0,270
2024-02-27,CMP-ORG-00,$0.00,1065.0,33
2024-02-28,CMP-META-01,  ,13375.0,495
2024-02-28,CMP-META-02,576.56,41472.0,803
2024-02-28,CMP-GOOG-01,336.83,18174.0,403
2024-02-28,CMP-GOOG-02,$817.80,51349.0,1797
2024-02-28,CMP-EML-01,51.01,2049.0,31
2024-02-28,CMP-AFF-01,101.72,7691.0,134
2024-02-28,CMP-ORG-00,0.00 USD,788.0,30
29/02/2024,CMP-META-02,443.39,27993.0,713
2024-02-29,CMP-GOOG-01,$506.10,37900.0,1426
29/02/2024,CMP-GOOG-02,$472.32,28373.0,1108
2024-02-29,CMP-AFF-01,187.65 USD,12622.0,258
2024-02-29,CMP-ORG-00,$0.00,745.0,22
2024-03-01,CMP-META-01,$610.42,39066.0,1086
2024-03-01,CMP-META-02,$577.34,31034.0,1212
2024-03-01,CMP-GOOG-01,611.87 USD,41985.0,1389
2024-03-01,CMP-GOOG-02,$438.11,31374.0,628
2024-03-01,CMP-EML-01,$53.53,2504.0,66
2024-03-01,CMP-AFF-01,159.84,11783.0,344
2024-03-01,CMP-ORG-00,0.0,1359.0,34
2024-03-02,CMP-META-01,329.96,23275.0,701
2024-03-02,CMP-META-02,295.05 USD,16683.0,408
2024-03-02,CMP-GOOG-01,  ,24241.0,465
2024-03-02,CMP-GOOG-02,537.24,35694.0,1181
2024-03-02,CMP-EML-01,$64.15,4961.0,98
2024-03-02,CMP-AFF-01,130.52 USD,6039.0,235
2024-03-02,CMP-ORG-00,$0.00,1040.0,32
2024-03-03,CMP-META-01,430.30 USD,17353.0,283
2024-03-03,CMP-META-02,$721.64,56118.0,1316
03/03/2024,CMP-GOOG-01,689.4,45559.0,1350
2024-03-03,CMP-GOOG-02,$682.27,42072.0,716
2024-03-03,CMP-EML-01,51.33,4028.0,69
2024-03-03,CMP-AFF-01,$80.64,4692.0,129
2024-03-03,CMP-ORG-00,$0.00,976.0,32
2024-03-04,CMP-META-01,$545.58,36350.0,1149
2024-03-04,CMP-META-02,516.62,32288.0,875
2024-03-04,CMP-GOOG-01,  ,27797.0,816
2024-03-04,CMP-GOOG-02,336.98 USD,19998.0,442
2024-03-04,CMP-EML-01,69.81,5430.0,200
2024-03-04,CMP-AFF-01,$218.21,10040.0,219
2024-03-04,CMP-ORG-00,$0.00,677.0,14
2024-03-05,CMP-META-01,697.38,49707.0,978
2024-03-05,CMP-META-02,745.35 USD,51062.0,830
2024-03-05,CMP-GOOG-01,792.63,54361.0,1771
05/03/2024,CMP-GOOG-02,  ,33095.0,1038
2024-03-05,CMP-EML-01,44.96,2326.0,49
2024-03-05,CMP-AFF-01,193.52 USD,10264.0,339
2024-03-05,CMP-ORG-00,0.00 USD,892.0,22
2024-03-06,CMP-META-01,471.03,23903.0,687
06/03/2024,CMP-META-02,$571.87,25142.0,416
06/03/2024,CMP-GOOG-01,$796.38,35814.0,598
2024-03-06,CMP-GOOG-02,617.32,48637.0,1043
06/03/2024,CMP-EML-01,$35.87,1916.0,62
2024-03-06,CMP-AFF-01,$90.28,4648.0,172
2024-03-06,CMP-ORG-00,0.00 USD,948.0,36
2024-03-07,CMP-META-01,672.51 USD,32193.0,946
07/03/2024,CMP-META-02,269.17,20237.0,552
07/03/2024,CMP-GOOG-01,$834.58,46549.0,1184
2024-03-07,CMP-GOOG-02,$371.16,24474.0,760
07/03/2024,CMP-EML-01,$42.19,3079.0,64
2024-03-07,CMP-AFF-01,114.9,8034.0,146
2024-03-07,CMP-ORG-00,0.0,723.0,16
2024-03-08,CMP-META-01,250.6,10117.0,237
08/03/2024,CMP-META-02,368.62 USD,21284.0,543
2024-03-08,CMP-GOOG-01,505.66,23049.0,689
2024-03-08,CMP-GOOG-02,684.90 USD,29820.0,1072
2024-03-08,CMP-EML-01,34.57 USD,1610.0,25
2024-03-08,CMP-AFF-01,115.16 USD,5717.0,162
2024-03-08,CMP-ORG-00,0.00 USD,1327.0,27
2024-03-09,CMP-META-01,462.62,28514.0,755
2024-03-09,CMP-META-02,$654.31,26216.0,545
2024-03-09,CMP-GOOG-01,$466.09,33866.0,638
2024-03-09,CMP-GOOG-02,$565.71,40132.0,1119
09/03/2024,CMP-EML-01,62.29,4312.0,105
2024-03-09,CMP-AFF-01,93.9,6478.0,115
2024-03-09,CMP-ORG-00,$0.00,787.0,25
2024-03-10,CMP-META-01,662.24,34775.0,1232
2024-03-10,CMP-META-02,$284.88,14943.0,475
2024-03-10,CMP-GOOG-01,761.59 USD,45036.0,1132
2024-03-10,CMP-GOOG-02,749.23,32359.0,1172
2024-03-10,CMP-EML-01,60.85 USD,4481.0,145
2024-03-10,CMP-AFF-01,$84.99,5673.0,142
2024-03-10,CMP-ORG-00,0.0,867.0,13
11/03/2024,CMP-META-01,  ,23308.0,409
2024-03-11,CMP-META-02,698.02,36723.0,941
2024-03-11,CMP-GOOG-01,377.80 USD,25960.0,635
2024-03-11,CMP-GOOG-02,$781.41,47433.0,1734
2024-03-11,CMP-EML-01,37.15,1728.0,38
2024-03-11,CMP-AFF-01,102.59 USD,7186.0,243
2024-03-11,CMP-ORG-00,$0.00,722.0,12
2024-03-12,CMP-META-01,449.80 USD,22013.0,452
2024-03-12,CMP-META-02,444.10 USD,25613.0,923
2024-03-12,CMP-GOOG-01,807.59,46272.0,1520
12/03/2024,CMP-GOOG-02,$415.90,24430.0,596
2024-03-12,CMP-EML-01,58.25 USD,3248.0,68
2024-03-12,CMP-AFF-01,  ,8301.0,228
2024-03-12,CMP-ORG-00,0.0,1422.0,27
2024-03-13,CMP-META-01,$682.07,46221.0,1541
2024-03-13,CMP-META-02,314.49,13417.0,284
2024-03-13,CMP-GOOG-01,$495.10,22211.0,838
2024-03-13,CMP-GOOG-02,  ,51140.0,1938
2024-03-13,CMP-EML-01,51.39 USD,2176.0,79
13/03/2024,CMP-AFF-01,178.99,10487.0,367
2024-03-13,CMP-ORG-00,$0.00,829.0,32
2024-03-14,CMP-META-01,$468.07,30994.0,1001
14/03/2024,CMP-META-02,551.06 USD,32811.0,1073
2024-03-14,CMP-GOOG-01,  ,26374.0,592
2024-03-14,CMP-GOOG-02,$549.41,29155.0,747
2024-03-14,CMP-EML-01,$72.00,4618.0,178
2024-03-14,CMP-AFF-01,95.68,6847.0,183
14/03/2024,CMP-ORG-00,0.00 USD,1388.0,31
2024-03-15,CMP-META-01,548.17,24526.0,775
15/03/2024,CMP-META-02,  ,42889.0,1576
2024-03-15,CMP-GOOG-01,813.0,56552.0,1701
2024-03-15,CMP-GOOG-02,746.62 USD,50616.0,1927
2024-03-15,CMP-EML-01,$71.14,3082.0,78
2024-03-15,CMP-AFF-01,$155.67,11539.0,173
2024-03-15,CMP-ORG-00,0.0,1046.0,16
2024-03-16,CMP-META-01,$356.45,21798.0,617
2024-03-16,CMP-META-02,$632.55,44619.0,1116
2024-03-16,CMP-GOOG-01,469.44,30531.0,804
2024-03-16,CMP-GOOG-02,511.23,35562.0,1199
2024-03-16,CMP-EML-01,73.73,4886.0,100
2024-03-16,CMP-AFF-01,84.27,3695.0,70
2024-03-16,CMP-ORG-00,0.0,1471.0,53
2024-03-17,CMP-META-01,669.51,38767.0,830
2024-03-17,CMP-META-02,616.52 USD,47516.0,1000
2024-03-17,CMP-GOOG-01,759.31,58521.0,1252
2024-03-17,CMP-GOOG-02,698.16 USD,54619.0,1432
2024-03-17,CMP-EML-01,71.79 USD,3811.0,82
2024-03-17,CMP-AFF-01,194.90 USD,15533.0,410
2024-03-17,CMP-ORG-00,0.0,624.0,17
2024-03-18,CMP-META-01,589.5,33551.0,1214
2024-03-18,CMP-META-02,$362.80,19241.0,507
2024-03-18,CMP-GOOG-01,545.44 USD,35617.0,613
2024-03-18,CMP-GOOG-02,598.77 USD,41144.0,1621
2024-03-18,CMP-EML-01,$31.95,2379.0,38
2024-03-18,CMP-AFF-01,$95.36,5272.0,84
2024-03-18,CMP-ORG-00,0.0,1313.0,25
19/03/2024,CMP-META-02,$476.64,32960.0,684
19/03/2024,CMP-GOOG-01,$317.15,17226.0,591
2024-03-19,CMP-GOOG-02,376.60 USD,26338.0,454
19/03/2024,CMP-EML-01,$40.71,2667.0,90
2024-03-19,CMP-AFF-01,$116.75,8855.0,296
19/03/2024,CMP-ORG-00,0.0,1232.0,42
2024-03-20,CMP-META-01,$730.59,31209.0,980
2024-03-20,CMP-META-02,$745.36,40811.0,817
2024-03-20,CMP-GOOG-01,$605.23,42283.0,689
20/03/2024,CMP-GOOG-02,$505.69,31735.0,736
20/03/2024,CMP-EML-01,66.44 USD,2911.0,108
2024-03-20,CMP-AFF-01,116.13,5327.0,195
2024-03-20,CMP-ORG-00,0.00 USD,656.0,25
2024-03-21,CMP-META-01,667.41 USD,33508.0,1204
21/03/2024,CMP-META-02,$617.74,41717.0,1452
2024-03-21,CMP-GOOG-01,813.05,34944.0,546
2024-03-21,CMP-GOOG-02,455.29,31289.0,767
2024-03-21,CMP-EML-01,$68.86,4052.0,126
2024-03-21,CMP-AFF-01,$156.48,8766.0,162
2024-03-21,CMP-ORG-00,$0.00,927.0,29
2024-03-22,CMP-META-01,$450.88,19381.0,425
2024-03-22,CMP-META-02,$717.79,47944.0,1405
2024-03-22,CMP-GOOG-01,388.64,23135.0,385
2024-03-22,CMP-GOOG-02,321.98 USD,13579.0,385
2024-03-22,CMP-EML-01,$55.05,3383.0,94
2024-03-22,CMP-AFF-01,201.48,11263.0,385
2024-03-22,CMP-ORG-00,0.0,1043.0,27
2024-03-23,CMP-META-01,  ,28860.0,667
2024-03-23,CMP-META-02,575.67 USD,25798.0,518
2024-03-23,CMP-GOOG-01,780.80 USD,44116.0,1640
2024-03-23,CMP-GOOG-02,$472.20,33849.0,1344
2024-03-23,CMP-EML-01,77.16 USD,5689.0,191
23/03/2024,CMP-AFF-01,$153.65,7567.0,134
2024-03-23,CMP-ORG-00,0.0,840.0,23
2024-03-24,CMP-META-01,541.72,35329.0,1040
2024-03-24,CMP-META-02,374.35,27298.0,664
2024-03-24,CMP-GOOG-01,680.26 USD,43402.0,845
2024-03-24,CMP-GOOG-02,  ,30084.0,557
2024-03-24,CMP-EML-01,  ,1785.0,37
2024-03-24,CMP-AFF-01,147.32 USD,11625.0,451
2024-03-24,CMP-ORG-00,0.0,582.0,14
2024-03-25,CMP-META-01,266.92,15665.0,576
25/03/2024,CMP-META-02,277.41 USD,14542.0,430
2024-03-25,CMP-GOOG-01,$706.51,44826.0,1598
2024-03-25,CMP-GOOG-02,538.55 USD,26837.0,920
2024-03-25,CMP-AFF-01,$208.84,15334.0,439
2024-03-25,CMP-ORG-00,0.0,1029.0,25
2024-03-26,CMP-META-01,408.7,27927.0,783
26/03/2024,CMP-META-02,$494.72,20965.0,568
26/03/2024,CMP-GOOG-01,$787.06,48874.0,1637
26/03/2024,CMP-GOOG-02,504.37 USD,29895.0,634
2024-03-26,CMP-EML-01,69.45,4186.0,63
2024-03-26,CMP-AFF-01,172.83,13776.0,432
2024-03-26,CMP-ORG-00,0.0,681.0,12
2024-03-27,CMP-META-02,$731.20,50991.0,1261
2024-03-27,CMP-GOOG-01,$566.84,36943.0,988
27/03/2024,CMP-GOOG-02,806.1,45588.0,727
2024-03-27,CMP-EML-01,$66.09,4736.0,85
2024-03-27,CMP-AFF-01,  ,5198.0,96
2024-03-27,CMP-ORG-00,$0.00,1199.0,38
2024-03-28,CMP-META-01,643.37,31992.0,665
28/03/2024,CMP-META-02,584.29,39544.0,885
2024-03-28,CMP-GOOG-01,336.74 USD,25343.0,473
2024-03-28,CMP-GOOG-02,$737.97,42340.0,1380
2024-03-28,CMP-EML-01,$72.14,3655.0,82
28/03/2024,CMP-AFF-01,174.38 USD,11146.0,300
2024-03-28,CMP-ORG-00,$0.00,964.0,22
2024-03-29,CMP-META-01,$707.94,48359.0,979
2024-03-29,CMP-META-02,573.67 USD,29447.0,980
2024-03-29,CMP-GOOG-01,541.23 USD,40745.0,1038
2024-03-29,CMP-GOOG-02,309.01,14892.0,283
2024-03-29,CMP-EML-01,$47.13,2914.0,47
2024-03-29,CMP-AFF-01,  ,8898.0,154
29/03/2024,CMP-ORG-00,0.00 USD,708.0,17
30/03/2024,CMP-META-01,$499.20,27425.0,641
2024-03-30,CMP-META-02,$268.57,19500.0,565
2024-03-30,CMP-GOOG-01,  ,29132.0,645
2024-03-30,CMP-GOOG-02,$728.39,37631.0,767
2024-03-30,CMP-EML-01,42.83,1998.0,62
2024-03-30,CMP-AFF-01,  ,15940.0,516
2024-03-30,CMP-ORG-00,$0.00,1118.0,24
2024-03-31,CMP-META-01,623.96,45465.0,926
31/03/2024,CMP-META-02,652.2,37958.0,1176
2024-03-31,CMP-GOOG-01,670.16,51074.0,771
2024-03-31,CMP-GOOG-02,519.80 USD,35237.0,1220
2024-03-31,CMP-EML-01,39.76 USD,3111.0,116
2024-03-31,CMP-AFF-01,$138.70,,350
2024-03-31,CMP-ORG-00,$0.00,809.0,19
2024-04-01,CMP-META-01,  ,24263.0,460
2024-04-01,CMP-META-02,324.12,17757.0,419
2024-04-01,CMP-GOOG-01,565.08 USD,29520.0,575
2024-04-01,CMP-GOOG-02,811.58,47572.0,1634
01/04/2024,CMP-EML-01,$38.59,1853.0,47
2024-04-01,CMP-AFF-01,212.89 USD,14086.0,381
2024-04-01,CMP-ORG-00,$0.00,1296.0,46
2024-04-02,CMP-META-01,547.05 USD,26985.0,762
2024-04-02,CMP-META-02,645.89,31925.0,1248
2024-04-02,CMP-GOOG-01,529.87,28120.0,1116
2024-04-02,CMP-GOOG-02,620.09 USD,45827.0,726
2024-04-02,CMP-EML-01,$40.48,1976.0,74
2024-04-02,CMP-AFF-01,$83.90,6578.0,152
2024-04-02,CMP-ORG-00,$0.00,1457.0,26
2024-04-03,CMP-META-01,270.79,14519.0,555
2024-04-03,CMP-META-02,410.21,24678.0,915
2024-04-03,CMP-GOOG-01,372.86,28615.0,582
2024-04-03,CMP-GOOG-02,764.66,32584.0,559
2024-04-03,CMP-AFF-01,143.01,7677.0,131
2024-04-03,CMP-ORG-00,0.00 USD,1377.0,34
2024-04-04,CMP-META-01,$288.83,12639.0,290
2024-04-04,CMP-META-02,721.54,39834.0,1043
04/04/2024,CMP-GOOG-01,689.91,41474.0,1313
2024-04-04,CMP-GOOG-02,467.3,21454.0,471
2024-04-04,CMP-EML-01,  ,5823.0,176
2024-04-04,CMP-AFF-01,$180.98,8343.0,323
2024-04-04,CMP-ORG-00,$0.00,1256.0,23
2024-04-05,CMP-META-01,618.37 USD,32016.0,1205
2024-04-05,CMP-META-02,739.89 USD,41348.0,1353
05/04/2024,CMP-GOOG-02,$545.47,38918.0,1441
2024-04-05,CMP-EML-01,$59.52,2400.0,84
2024-04-05,CMP-AFF-01,109.58,6954.0,124
2024-04-05,CMP-ORG-00,0.00 USD,731.0,27
2024-04-06,CMP-META-01,$583.63,36749.0,1114
2024-04-06,CMP-META-02,$697.56,55219.0,1647
2024-04-06,CMP-GOOG-01,311.82,18012.0,649
2024-04-06,CMP-GOOG-02,555.15,29550.0,908
2024-04-06,CMP-EML-01,32.60 USD,1599.0,35
2024-04-06,CMP-AFF-01,106.76,5812.0,174
2024-04-06,CMP-ORG-00,$0.00,1224.0,33
2024-04-07,CMP-META-01,$388.67,16358.0,293
2024-04-07,CMP-META-02,580.43 USD,41295.0,621
2024-04-07,CMP-GOOG-01,$609.65,35116.0,1396
2024-04-07,CMP-GOOG-02,432.66,23366.0,916
2024-04-07,CMP-EML-01,62.16,4475.0,149
2024-04-07,CMP-AFF-01,120.36,7630.0,235
2024-04-07,CMP-ORG-00,0.00 USD,799.0,17
2024-04-08,CMP-META-01,$626.37,38973.0,666
2024-04-08,CMP-META-02,443.78,22537.0,477
2024-04-08,CMP-GOOG-01,784.55,38300.0,1170
2024-04-08,CMP-EML-01,62.10 USD,3873.0,133
2024-04-08,CMP-AFF-01,111.16,5922.0,130
2024-04-08,CMP-ORG-00,0.00 USD,972.0,37
2024-04-09,CMP-META-02,334.38,14304.0,562
2024-04-09,CMP-GOOG-01,$319.50,20512.0,338
2024-04-09,CMP-GOOG-02,$568.66,26941.0,833
2024-04-09,CMP-EML-01,66.94,2832.0,44
09/04/2024,CMP-AFF-01,170.24,12833.0,466
2024-04-09,CMP-ORG-00,0.0,1427.0,35
2024-04-10,CMP-META-01,553.01,37987.0,815
2024-04-10,CMP-META-02,  ,35803.0,568
2024-04-10,CMP-GOOG-01,729.61 USD,41069.0,684
10/04/2024,CMP-GOOG-02,  ,41367.0,1237
2024-04-10,CMP-EML-01,61.55,2852.0,49
2024-04-10,CMP-AFF-01,133.02 USD,8407.0,231
2024-04-10,CMP-ORG-00,$0.00,643.0,11
2024-04-11,CMP-META-01,333.76 USD,23765.0,636
2024-04-11,CMP-META-02,580.36 USD,42970.0,1705
2024-04-11,CMP-GOOG-01,454.2,26683.0,1041
2024-04-11,CMP-GOOG-02,321.97,18515.0,581
2024-04-11,CMP-EML-01,31.04,2329.0,40
11/04/2024,CMP-AFF-01,100.53,6167.0,156
11/04/2024,CMP-ORG-00,0.00 USD,1355.0,22
2024-04-12,CMP-META-01,513.28 USD,29792.0,580
2024-04-12,CMP-META-02,313.19 USD,22987.0,350
2024-04-12,CMP-GOOG-01,815.62 USD,,795
2024-04-12,CMP-GOOG-02,557.95,39571.0,1364
2024-04-12,CMP-EML-01,41.12 USD,1840.0,28
2024-04-12,CMP-AFF-01,$175.57,10584.0,175
2024-04-12,CMP-ORG-00,0.00 USD,1125.0,39
2024-04-13,CMP-META-02,$652.11,39410.0,1013
2024-04-13,CMP-GOOG-01,599.98,27814.0,1030
13/04/2024,CMP-GOOG-02,696.52,46550.0,1196
2024-04-13,CMP-EML-01,$49.53,2880.0,113
2024-04-13,CMP-AFF-01,$113.95,5378.0,176
2024-04-13,CMP-ORG-00,0.00 USD,1158.0,24
2024-04-14,CMP-META-01,575.43 USD,26306.0,476
2024-04-14,CMP-META-02,$457.99,36329.0,662
2024-04-14,CMP-GOOG-01,545.88,31976.0,1268
2024-04-14,CMP-GOOG-02,641.07,40910.0,1283
2024-04-14,CMP-EML-01,72.36 USD,5281.0,170
2024-04-14,CMP-AFF-01,206.92,12182.0,446
2024-04-14,CMP-ORG-00,0.00 USD,812.0,24
2024-04-15,CMP-META-01,364.87 USD,15474.0,390
2024-04-15,CMP-META-02,$302.57,21110.0,827
2024-04-15,CMP-GOOG-01,680.81 USD,46880.0,1057
2024-04-15,CMP-EML-01,37.50 USD,1976.0,35
2024-04-15,CMP-AFF-01,216.28,9058.0,348
2024-04-15,CMP-ORG-00,0.0,1220.0,40
2024-04-16,CMP-META-01,  ,33686.0,875
2024-04-16,CMP-META-02,$396.21,19433.0,567
2024-04-16,CMP-GOOG-01,577.37,39150.0,645
2024-04-16,CMP-GOOG-02,$576.59,33609.0,1233
16/04/2024,CMP-EML-01,$43.68,3432.0,115
16/04/2024,CMP-AFF-01,98.9,4412.0,107
2024-04-16,CMP-ORG-00,0.00 USD,1246.0,37
2024-04-17,CMP-META-01,$463.70,32210.0,551
2024-04-17,CMP-META-02,  ,13481.0,328
2024-04-17,CMP-GOOG-01,347.84,15676.0,619
2024-04-17,CMP-GOOG-02,624.10 USD,27931.0,1008
2024-04-17,CMP-EML-01,$52.72,3333.0,70
2024-04-17,CMP-AFF-01,$123.73,5550.0,174
2024-04-17,CMP-ORG-00,0.0,953.0,32
2024-04-18,CMP-META-01,$641.03,36802.0,1350
2024-04-18,CMP-META-02,263.49,11835.0,350
18/04/2024,CMP-GOOG-01,301.34 USD,16962.0,290
2024-04-18,CMP-EML-01,47.79,2104.0,68
18/04/2024,CMP-AFF-01,$158.96,11457.0,348
2024-04-18,CMP-ORG-00,$0.00,1175.0,39
2024-04-19,CMP-META-01,410.24 USD,25653.0,413
2024-04-19,CMP-GOOG-01,547.84,32287.0,1074
2024-04-19,CMP-GOOG-02,$539.86,33674.0,620
2024-04-19,CMP-EML-01,34.56,1593.0,24
2024-04-19,CMP-AFF-01,185.91,12961.0,228
2024-04-19,CMP-ORG-00,  ,1290.0,41
2024-04-20,CMP-META-01,  ,27695.0,465
2024-04-20,CMP-META-02,297.84,20746.0,668
2024-04-20,CMP-GOOG-01,649.8,43162.0,1606
20/04/2024,CMP-GOOG-02,$472.21,29263.0,672
2024-04-20,CMP-EML-01,50.24,2650.0,83
20/04/2024,CMP-AFF-01,$183.19,11183.0,323
2024-04-20,CMP-ORG-00,$0.00,1407.0,24
2024-04-21,CMP-META-02,716.77,35388.0,711
2024-04-21,CMP-GOOG-01,797.5,55638.0,1967
21/04/2024,CMP-GOOG-02,332.91,14938.0,388
21/04/2024,CMP-EML-01,52.38 USD,2635.0,89
2024-04-21,CMP-AFF-01,129.48,7324.0,213
2024-04-21,CMP-ORG-00,$0.00,1094.0,30
2024-04-22,CMP-META-01,462.5,32842.0,957
2024-04-22,CMP-META-02,689.75,47436.0,1341
2024-04-22,CMP-GOOG-01,$709.25,37485.0,1260
2024-04-22,CMP-GOOG-02,392.42 USD,27930.0,480
2024-04-22,CMP-EML-01,$30.03,1221.0,32
22/04/2024,CMP-AFF-01,161.87 USD,9140.0,296
2024-04-22,CMP-ORG-00,$0.00,1333.0,36
2024-04-23,CMP-META-01,737.36 USD,47734.0,1404
2024-04-23,CMP-META-02,253.11,17461.0,602
2024-04-23,CMP-GOOG-01,735.61,36725.0,1452
2024-04-23,CMP-GOOG-02,$702.71,52432.0,1665
2024-04-23,CMP-EML-01,77.58,3214.0,110
2024-04-23,CMP-AFF-01,191.1,8861.0,193
2024-04-23,CMP-ORG-00,$0.00,1134.0,42
2024-04-24,CMP-META-01,$583.59,39838.0,1561
2024-04-24,CMP-META-02,294.23,12270.0,195
2024-04-24,CMP-GOOG-01,$552.27,38729.0,1255
2024-04-24,CMP-GOOG-02,327.1,22937.0,477
2024-04-24,CMP-EML-01,70.79,5503.0,86
2024-04-24,CMP-AFF-01,$91.12,5622.0,170
2024-04-24,CMP-ORG-00,$0.00,892.0,30
25/04/2024,CMP-META-01,567.01,42271.0,1141
2024-04-25,CMP-META-02,352.92,24291.0,605
2024-04-25,CMP-GOOG-01,558.23 USD,30786.0,540
2024-04-25,CMP-GOOG-02,623.43,41095.0,1303
2024-04-25,CMP-EML-01,39.31,2858.0,62
2024-04-25,CMP-AFF-01,217.86,14356.0,266
2024-04-25,CMP-ORG-00,$0.00,1255.0,46
2024-04-26,CMP-META-01,731.57,41159.0,1485
2024-04-26,CMP-META-02,347.13,14433.0,231
2024-04-26,CMP-GOOG-01,$404.33,17077.0,673
2024-04-26,CMP-GOOG-02,$483.39,25662.0,993
26/04/2024,CMP-EML-01,$38.31,1657.0,37
2024-04-26,CMP-AFF-01,$104.94,7668.0,267
2024-04-26,CMP-ORG-00,$0.00,511.0,7
2024-04-27,CMP-META-01,$719.72,34946.0,926
2024-04-27,CMP-META-02,696.45,34615.0,815
2024-04-27,CMP-GOOG-01,$642.47,38730.0,1218
2024-04-27,CMP-GOOG-02,356.59 USD,24968.0,592
2024-04-27,CMP-EML-01,64.32,3843.0,77
2024-04-27,CMP-AFF-01,203.5,10670.0,289
2024-04-27,CMP-ORG-00,$0.00,1414.0,37
28/04/2024,CMP-META-01,$279.57,19544.0,614
28/04/2024,CMP-META-02,277.04,16282.0,273
2024-04-28,CMP-GOOG-01,$741.49,39176.0,1014
2024-04-28,CMP-GOOG-02,357.47 USD,21502.0,610
2024-04-28,CMP-EML-01,79.76,,63
2024-04-28,CMP-AFF-01,$147.51,7369.0,125
2024-04-29,CMP-META-01,$566.82,37280.0,927
2024-04-29,CMP-META-02,$561.23,28310.0,759
29/04/2024,CMP-GOOG-01,579.38,35942.0,815
2024-04-29,CMP-GOOG-02,395.35,23603.0,650
2024-04-29,CMP-EML-01,46.18,2316.0,67
2024-04-29,CMP-AFF-01,129.41,7039.0,128
2024-04-29,CMP-ORG-00,0.0,1115.0,41
2024-04-30,CMP-META-01,553.82,34536.0,1054
2024-04-30,CMP-META-02,$736.76,42564.0,1203
2024-04-30,CMP-GOOG-01,$616.00,26238.0,976
2024-04-30,CMP-GOOG-02,$357.45,22211.0,501
2024-04-30,CMP-EML-01,75.6,5844.0,143
30/04/2024,CMP-AFF-01,193.0,13914.0,234
2024-04-30,CMP-ORG-00,0.00 USD,950.0,18
2024-05-01,CMP-META-01,336.58,20004.0,519
2024-05-01,CMP-META-02,  ,26107.0,625
2024-05-01,CMP-GOOG-01,751.3,49366.0,1259
2024-05-01,CMP-GOOG-02,690.74 USD,41373.0,797
2024-05-01,CMP-EML-01,$52.79,2929.0,62
2024-05-01,CMP-AFF-01,168.4,8941.0,181
2024-05-01,CMP-ORG-00,0.0,1082.0,29
2024-05-02,CMP-META-01,572.22,24488.0,387
2024-05-02,CMP-META-02,558.85,41708.0,944
2024-05-02,CMP-GOOG-01,467.23,35715.0,1043
2024-05-02,CMP-GOOG-02,735.78,53998.0,1148
2024-05-02,CMP-EML-01,42.99,2971.0,50
2024-05-02,CMP-AFF-01,  ,11477.0,337
2024-05-02,CMP-ORG-00,0.0,1337.0,26
2024-05-03,CMP-META-01,$258.24,12434.0,322
2024-05-03,CMP-META-02,552.57 USD,38499.0,1254
2024-05-03,CMP-GOOG-01,760.71 USD,42147.0,1546
2024-05-03,CMP-GOOG-02,$415.05,22095.0,811
2024-05-03,CMP-EML-01,75.06 USD,4377.0,93
03/05/2024,CMP-AFF-01,142.14,9358.0,228
2024-05-03,CMP-ORG-00,0.0,1416.0,40
2024-05-04,CMP-META-01,424.36 USD,25008.0,510
2024-05-04,CMP-META-02,429.23,32401.0,901
2024-05-04,CMP-GOOG-01,367.11,28143.0,581
2024-05-04,CMP-GOOG-02,$566.05,38052.0,634
2024-05-04,CMP-EML-01,31.69,1958.0,72
2024-05-04,CMP-AFF-01,$138.40,6470.0,192
2024-05-04,CMP-ORG-00,  ,1446.0,22
2024-05-05,CMP-META-01,$557.90,27107.0,904
05/05/2024,CMP-META-02,578.32,43143.0,1489
2024-05-05,CMP-GOOG-01,$733.76,57436.0,1110
2024-05-05,CMP-AFF-01,198.98 USD,13277.0,285
2024-05-05,CMP-ORG-00,$0.00,1315.0,32
2024-05-06,CMP-META-01,325.80 USD,18023.0,435
2024-05-06,CMP-META-02,729.93 USD,39651.0,1004
2024-05-06,CMP-GOOG-01,$315.29,22483.0,841
2024-05-06,CMP-GOOG-02,300.69 USD,23911.0,573
06/05/2024,CMP-EML-01,37.94 USD,2699.0,47
2024-05-06,CMP-AFF-01,212.08 USD,15174.0,559
06/05/2024,CMP-ORG-00,0.0,1446.0,28
2024-05-07,CMP-META-01,$452.17,35130.0,614
2024-05-07,CMP-META-02,575.81,32768.0,1124
2024-05-07,CMP-GOOG-01,$308.90,24267.0,700
2024-05-07,CMP-GOOG-02,$758.26,51502.0,1540
2024-05-07,CMP-AFF-01,190.32 USD,9950.0,355
2024-05-07,CMP-ORG-00,0.0,687.0,26
2024-05-08,CMP-META-01,$376.82,25007.0,515
2024-05-08,CMP-META-02,$601.01,27747.0,476
2024-05-08,CMP-GOOG-01,724.69,49604.0,1560
2024-05-08,CMP-GOOG-02,554.63,33770.0,977
2024-05-08,CMP-EML-01,71.78,4827.0,132
2024-05-08,CMP-AFF-01,$161.95,10246.0,371
2024-05-09,CMP-META-02,436.98,24999.0,588
2024-05-09,CMP-GOOG-01,  ,19777.0,628
2024-05-09,CMP-GOOG-02,  ,23388.0,652
2024-05-09,CMP-EML-01,59.06 USD,2721.0,103
2024-05-09,CMP-AFF-01,126.25 USD,9315.0,344
2024-05-10,CMP-META-01,706.73,54567.0,896
2024-05-10,CMP-META-02,740.03,54582.0,1162
2024-05-10,CMP-GOOG-01,$494.17,34791.0,1095
10/05/2024,CMP-GOOG-02,780.05,37045.0,1134
2024-05-10,CMP-EML-01,63.61,4217.0,127
10/05/2024,CMP-AFF-01,  ,7221.0,199
2024-05-10,CMP-ORG-00,  ,1052.0,37
2024-05-11,CMP-META-01,561.02,30102.0,534
2024-05-11,CMP-META-02,$746.35,43897.0,1651
2024-05-11,CMP-GOOG-01,$458.86,27091.0,785
2024-05-11,CMP-GOOG-02,$600.03,44558.0,899
2024-05-11,CMP-EML-01,  ,2855.0,56
2024-05-11,CMP-AFF-01,189.59,9071.0,186
2024-05-11,CMP-ORG-00,$0.00,1153.0,31
2024-05-12,CMP-META-01,429.45 USD,31629.0,1022
2024-05-12,CMP-META-02,530.59,24673.0,464
2024-05-12,CMP-GOOG-01,$581.71,44071.0,1276
12/05/2024,CMP-GOOG-02,  ,57797.0,877
2024-05-12,CMP-EML-01,$77.19,5785.0,166
2024-05-12,CMP-AFF-01,149.62,7384.0,290
2024-05-12,CMP-ORG-00,  ,843.0,15
2024-05-13,CMP-META-01,651.87 USD,44780.0,693
2024-05-13,CMP-META-02,$451.32,18375.0,541
2024-05-13,CMP-GOOG-01,  ,27222.0,1012
2024-05-13,CMP-GOOG-02,$437.65,25939.0,1004
2024-05-13,CMP-EML-01,  ,3063.0,51
2024-05-13,CMP-AFF-01,$149.02,10558.0,376
2024-05-13,CMP-ORG-00,$0.00,915.0,29
2024-05-14,CMP-META-01,542.22 USD,30199.0,932
2024-05-14,CMP-META-02,255.16,10672.0,371
14/05/2024,CMP-GOOG-01,310.01,19264.0,451
2024-05-14,CMP-GOOG-02,  ,37719.0,608
2024-05-14,CMP-EML-01,78.41,4181.0,81
2024-05-14,CMP-AFF-01,83.26 USD,5120.0,195
2024-05-14,CMP-ORG-00,$0.00,739.0,15
2024-05-15,CMP-META-01,644.42,40989.0,1345
2024-05-15,CMP-META-02,$489.60,22964.0,445
2024-05-15,CMP-GOOG-01,402.1,31499.0,969
2024-05-15,CMP-GOOG-02,$576.03,27607.0,605
2024-05-15,CMP-EML-01,$63.49,4565.0,143
2024-05-15,CMP-AFF-01,102.98,6262.0,234
2024-05-15,CMP-ORG-00,$0.00,1186.0,44
2024-05-16,CMP-META-01,$286.80,15801.0,501
2024-05-16,CMP-META-02,$726.17,,997
2024-05-16,CMP-GOOG-01,698.8,30618.0,785
2024-05-16,CMP-GOOG-02,$654.96,30542.0,540
2024-05-16,CMP-EML-01,$75.47,3757.0,64
2024-05-16,CMP-AFF-01,$93.56,7029.0,158
2024-05-16,CMP-ORG-00,0.0,799.0,20
2024-05-17,CMP-META-01,427.14,20227.0,604
2024-05-17,CMP-META-02,$635.96,28450.0,454
2024-05-17,CMP-GOOG-01,806.22 USD,,1461
2024-05-17,CMP-GOOG-02,501.92,38457.0,1098
2024-05-17,CMP-EML-01,79.99,3951.0,121
2024-05-17,CMP-AFF-01,99.33,6011.0,96
2024-05-17,CMP-ORG-00,0.0,1250.0,33
2024-05-18,CMP-META-01,386.55,17854.0,659
2024-05-18,CMP-META-02,$665.02,37841.0,1335
2024-05-18,CMP-GOOG-01,$777.62,34540.0,1348
2024-05-18,CMP-GOOG-02,$396.05,17124.0,650
2024-05-18,CMP-EML-01,43.42,2914.0,89
2024-05-18,CMP-AFF-01,103.44 USD,4878.0,135
2024-05-18,CMP-ORG-00,$0.00,1305.0,35
2024-05-19,CMP-META-01,637.21,44001.0,1408
2024-05-19,CMP-META-02,$309.62,23190.0,405
2024-05-19,CMP-GOOG-01,364.10 USD,27879.0,573
2024-05-19,CMP-GOOG-02,724.08,34516.0,1056
19/05/2024,CMP-EML-01,35.39,2490.0,66
2024-05-19,CMP-AFF-01,$174.55,7607.0,210
2024-05-19,CMP-ORG-00,$0.00,862.0,26
2024-05-20,CMP-META-01,$400.08,,714
2024-05-20,CMP-META-02,$371.49,27377.0,885
2024-05-20,CMP-GOOG-01,$429.63,18351.0,584
2024-05-20,CMP-GOOG-02,$777.76,43435.0,1200
2024-05-20,CMP-EML-01,$78.50,3375.0,56
2024-05-20,CMP-AFF-01,149.94,10896.0,373
20/05/2024,CMP-ORG-00,$0.00,633.0,14
2024-05-21,CMP-META-01,  ,36582.0,1257
2024-05-21,CMP-META-02,393.96 USD,28134.0,845
2024-05-21,CMP-GOOG-01,$782.09,35474.0,799
2024-05-21,CMP-GOOG-02,$310.40,,421
2024-05-21,CMP-EML-01,71.96,5023.0,129
2024-05-21,CMP-AFF-01,$134.00,9060.0,278
2024-05-21,CMP-ORG-00,0.0,955.0,14
2024-05-22,CMP-META-01,671.58,28735.0,784
2024-05-22,CMP-META-02,654.38,30628.0,954
2024-05-22,CMP-GOOG-01,381.38,28550.0,627
2024-05-22,CMP-GOOG-02,$430.15,29864.0,1083
2024-05-22,CMP-EML-01,$75.98,5684.0,154
2024-05-22,CMP-AFF-01,177.11 USD,12036.0,218
2024-05-22,CMP-ORG-00,0.0,896.0,25
2024-05-23,CMP-META-01,$443.90,30752.0,723
2024-05-23,CMP-META-02,278.14 USD,12770.0,268
2024-05-23,CMP-GOOG-01,693.33,36643.0,1394
2024-05-23,CMP-GOOG-02,707.92,32253.0,902
23/05/2024,CMP-EML-01,  ,4113.0,71
2024-05-23,CMP-AFF-01,$144.19,10551.0,370
2024-05-23,CMP-ORG-00,$0.00,1096.0,26
2024-05-24,CMP-META-01,625.46 USD,42000.0,790
2024-05-24,CMP-META-02,554.97,43146.0,1268
2024-05-24,CMP-GOOG-01,826.00 USD,53826.0,961
2024-05-24,CMP-GOOG-02,402.5,25347.0,730
2024-05-24,CMP-EML-01,$38.86,2056.0,56
2024-05-24,CMP-AFF-01,$161.96,6735.0,235
2024-05-24,CMP-ORG-00,$0.00,772.0,20
25/05/2024,CMP-META-01,$325.29,24746.0,684
2024-05-25,CMP-META-02,  ,38893.0,1248
25/05/2024,CMP-GOOG-01,$803.74,54732.0,1371
2024-05-25,CMP-GOOG-02,756.03,,1340
2024-05-25,CMP-EML-01,36.51,2024.0,41
2024-05-25,CMP-AFF-01,219.58,16189.0,440
2024-05-26,CMP-META-01,747.81,37749.0,1126
2024-05-26,CMP-META-02,397.75,26065.0,509
2024-05-26,CMP-GOOG-01,442.81 USD,24746.0,434
26/05/2024,CMP-GOOG-02,$530.18,,631
2024-05-26,CMP-EML-01,59.82,4628.0,126
2024-05-26,CMP-AFF-01,170.16,9127.0,229
2024-05-26,CMP-ORG-00,$0.00,1350.0,36
2024-05-27,CMP-META-01,332.87 USD,21660.0,385
2024-05-27,CMP-META-02,482.32,38267.0,1081
2024-05-27,CMP-GOOG-01,509.53,37038.0,1084
27/05/2024,CMP-GOOG-02,$305.43,23651.0,936
2024-05-27,CMP-EML-01,37.65 USD,2150.0,39
2024-05-27,CMP-AFF-01,$91.95,,134
2024-05-27,CMP-ORG-00,$0.00,856.0,18
28/05/2024,CMP-META-01,$432.57,26088.0,1014
2024-05-28,CMP-META-02,331.53,16797.0,376
2024-05-28,CMP-GOOG-01,583.56,36884.0,1323
2024-05-28,CMP-GOOG-02,660.38,51516.0,1833
2024-05-28,CMP-EML-01,32.06 USD,1579.0,54
28/05/2024,CMP-AFF-01,121.71,8453.0,321
2024-05-28,CMP-ORG-00,0.0,1255.0,39
2024-05-29,CMP-META-01,496.67 USD,25679.0,429
2024-05-29,CMP-META-02,$735.20,44606.0,1266
2024-05-29,CMP-GOOG-01,356.05,24405.0,771
29/05/2024,CMP-GOOG-02,545.21,22284.0,353
2024-05-29,CMP-EML-01,37.99 USD,2550.0,46
2024-05-29,CMP-AFF-01,$80.08,6376.0,210
29/05/2024,CMP-ORG-00,0.0,602.0,11
30/05/2024,CMP-META-01,$395.90,29295.0,652
2024-05-30,CMP-META-02,322.09,16778.0,419
2024-05-30,CMP-GOOG-01,587.85 USD,45606.0,1651
2024-05-30,CMP-GOOG-02,374.46 USD,15061.0,271
2024-05-30,CMP-EML-01,54.46 USD,3252.0,109
2024-05-30,CMP-AFF-01,163.74,9788.0,291
2024-05-30,CMP-ORG-00,0.0,651.0,19
2024-05-31,CMP-META-01,$510.51,26152.0,803
2024-05-31,CMP-META-02,287.59,21345.0,366
2024-05-31,CMP-GOOG-01,  ,26688.0,848
2024-05-31,CMP-GOOG-02,734.69 USD,46597.0,1485
2024-05-31,CMP-EML-01,42.68 USD,1997.0,37
2024-05-31,CMP-AFF-01,$147.25,9338.0,355
2024-05-31,CMP-ORG-00,0.0,961.0,30
01/06/2024,CMP-META-01,609.13,35089.0,758
2024-06-01,CMP-META-02,583.71,40241.0,790
2024-06-01,CMP-GOOG-01,490.81,38840.0,923
2024-06-01,CMP-GOOG-02,327.99,,570
2024-06-01,CMP-EML-01,30.23,1647.0,38
01/06/2024,CMP-AFF-01,$127.36,8787.0,136
2024-06-01,CMP-ORG-00,0.0,1456.0,35
2024-06-02,CMP-META-01,$379.60,21889.0,393
02/06/2024,CMP-META-02,$449.06,30001.0,969
2024-06-02,CMP-GOOG-01,$478.22,21306.0,718
2024-06-02,CMP-GOOG-02,$847.03,34759.0,1303
2024-06-02,CMP-EML-01,79.02,3562.0,117
2024-06-02,CMP-AFF-01,174.91,11938.0,292
02/06/2024,CMP-ORG-00,$0.00,1116.0,32
2024-06-03,CMP-META-01,414.68,26557.0,1030
2024-06-03,CMP-META-02,$586.37,43626.0,1415
2024-06-03,CMP-GOOG-01,769.20 USD,35997.0,824
2024-06-03,CMP-EML-01,  ,4154.0,144
2024-06-03,CMP-AFF-01,$100.89,5672.0,175
2024-06-03,CMP-ORG-00,$0.00,1035.0,26
2024-06-04,CMP-META-01,745.08,30964.0,713
2024-06-04,CMP-META-02,748.12,35264.0,902
04/06/2024,CMP-GOOG-01,303.92,17959.0,671
2024-06-04,CMP-GOOG-02,369.98,20541.0,700
2024-06-04,CMP-EML-01,35.53,1748.0,28
2024-06-04,CMP-AFF-01,$215.47,16855.0,490
2024-06-04,CMP-ORG-00,0.0,1351.0,31
2024-06-05,CMP-META-01,253.13,17439.0,661
2024-06-05,CMP-META-02,$473.87,23083.0,787
2024-06-05,CMP-GOOG-01,743.82,56291.0,2138
2024-06-05,CMP-GOOG-02,340.71 USD,14259.0,252
2024-06-05,CMP-EML-01,79.71 USD,3692.0,132
2024-06-05,CMP-ORG-00,$0.00,833.0,30
2024-06-06,CMP-META-01,504.18,34708.0,796
2024-06-06,CMP-META-02,649.20 USD,,1278
06/06/2024,CMP-GOOG-01,323.76,18929.0,535
2024-06-06,CMP-GOOG-02,$655.01,32139.0,1022
2024-06-06,CMP-EML-01,$34.14,1748.0,67
2024-06-06,CMP-AFF-01,201.46 USD,9010.0,201
2024-06-06,CMP-ORG-00,0.0,904.0,33
2024-06-07,CMP-META-01,527.87,36484.0,617
2024-06-07,CMP-META-02,  ,24283.0,591
07/06/2024,CMP-GOOG-01,849.49,67869.0,1933
2024-06-07,CMP-GOOG-02,$485.18,,928
2024-06-07,CMP-EML-01,$68.17,4836.0,168
2024-06-07,CMP-AFF-01,130.59 USD,9071.0,155
07/06/2024,CMP-ORG-00,0.0,1359.0,42
2024-06-08,CMP-META-01,638.49,44077.0,885
2024-06-08,CMP-META-02,555.08 USD,42221.0,1096
2024-06-08,CMP-GOOG-02,553.99,29770.0,945
2024-06-08,CMP-EML-01,47.98 USD,2478.0,91
2024-06-08,CMP-AFF-01,149.41,10511.0,221
2024-06-08,CMP-ORG-00,  ,1436.0,38
2024-06-09,CMP-META-01,$640.57,26963.0,657
2024-06-09,CMP-META-02,$554.49,38325.0,736
09/06/2024,CMP-GOOG-01,365.42,15667.0,327
2024-06-09,CMP-GOOG-02,839.64,53417.0,1755
2024-06-09,CMP-EML-01,$73.60,5690.0,107
2024-06-09,CMP-AFF-01,$151.15,9258.0,231
2024-06-09,CMP-ORG-00,0.0,1385.0,22
2024-06-10,CMP-META-01,293.85,15155.0,248
2024-06-10,CMP-META-02,749.47 USD,51407.0,1496
2024-06-10,CMP-GOOG-01,420.66,,704
2024-06-10,CMP-GOOG-02,$817.30,,1132
2024-06-10,CMP-EML-01,48.78,3788.0,114
2024-06-10,CMP-AFF-01,194.24 USD,13202.0,350
2024-06-10,CMP-ORG-00,0.0,801.0,15
11/06/2024,CMP-META-01,331.62 USD,18008.0,522
11/06/2024,CMP-META-02,$266.53,14754.0,389
2024-06-11,CMP-GOOG-01,$630.40,46070.0,1202
2024-06-11,CMP-GOOG-02,$623.11,35637.0,950
2024-06-11,CMP-EML-01,76.60 USD,3325.0,60
2024-06-11,CMP-AFF-01,154.42 USD,11172.0,412
2024-06-11,CMP-ORG-00,0.0,1454.0,36
2024-06-12,CMP-META-01,$380.29,30168.0,939
12/06/2024,CMP-META-02,$587.36,27724.0,1086
2024-06-12,CMP-GOOG-01,326.90 USD,17560.0,653
2024-06-12,CMP-GOOG-02,801.62,47184.0,1563
2024-06-12,CMP-EML-01,77.65 USD,5357.0,131
2024-06-12,CMP-AFF-01,$132.59,10450.0,308
2024-06-12,CMP-ORG-00,$0.00,677.0,13
13/06/2024,CMP-META-01,$644.74,39521.0,1457
2024-06-13,CMP-META-02,$653.19,44301.0,1194
2024-06-13,CMP-GOOG-01,542.26,26358.0,790
13/06/2024,CMP-GOOG-02,$651.94,39105.0,1545
2024-06-13,CMP-EML-01,56.73,4086.0,152
2024-06-13,CMP-AFF-01,143.39 USD,6826.0,195
2024-06-13,CMP-ORG-00,$0.00,1283.0,41
2024-06-14,CMP-META-01,653.43 USD,39299.0,1336
2024-06-14,CMP-META-02,319.03,19838.0,622
2024-06-14,CMP-GOOG-01,557.75,33687.0,1331
2024-06-14,CMP-GOOG-02,$764.05,60347.0,2321
2024-06-14,CMP-EML-01,78.45,5057.0,102
2024-06-14,CMP-AFF-01,$92.89,5460.0,185
2024-06-14,CMP-ORG-00,0.00 USD,686.0,12
2024-06-15,CMP-META-01,685.08 USD,27449.0,982
2024-06-15,CMP-META-02,352.26,23280.0,616
15/06/2024,CMP-GOOG-01,754.45 USD,38127.0,1284
2024-06-15,CMP-GOOG-02,690.91 USD,33925.0,1049
15/06/2024,CMP-EML-01,79.62,6172.0,213
2024-06-15,CMP-AFF-01,152.17,11802.0,465
2024-06-15,CMP-ORG-00,0.0,674.0,13
2024-06-16,CMP-META-01,401.18 USD,20512.0,498
2024-06-16,CMP-META-02,  ,41823.0,1648
2024-06-16,CMP-GOOG-01,$832.89,63544.0,1744
2024-06-16,CMP-GOOG-02,$558.63,26102.0,430
16/06/2024,CMP-EML-01,76.8,5485.0,151
2024-06-16,CMP-AFF-01,87.78,6744.0,202
2024-06-16,CMP-ORG-00,0.0,1346.0,48
17/06/2024,CMP-META-01,343.73,16313.0,627
2024-06-17,CMP-META-02,$684.40,52655.0,2022
2024-06-17,CMP-GOOG-01,$740.36,42492.0,1686
2024-06-17,CMP-GOOG-02,601.20 USD,33868.0,591
2024-06-17,CMP-EML-01,79.94,5163.0,147
17/06/2024,CMP-AFF-01,127.16,7107.0,219
2024-06-17,CMP-ORG-00,  ,1485.0,58
18/06/2024,CMP-META-01,  ,34676.0,1200
18/06/2024,CMP-META-02,  ,22097.0,874
2024-06-18,CMP-GOOG-01,796.87,58244.0,2005
2024-06-18,CMP-GOOG-02,401.92,21461.0,849
2024-06-18,CMP-EML-01,$33.67,2502.0,39
18/06/2024,CMP-AFF-01,$220.00,9189.0,336
2024-06-18,CMP-ORG-00,$0.00,887.0,28
2024-06-19,CMP-META-01,382.51,16615.0,641
2024-06-19,CMP-META-02,$450.15,35899.0,1139
19/06/2024,CMP-GOOG-01,  ,33560.0,1083
2024-06-19,CMP-GOOG-02,  ,33205.0,824
19/06/2024,CMP-EML-01,$77.09,4470.0,109
2024-06-19,CMP-AFF-01,155.78,11088.0,298
19/06/2024,CMP-ORG-00,0.00 USD,974.0,37
20/06/2024,CMP-META-01,441.05 USD,19588.0,558
2024-06-20,CMP-META-02,288.93,21500.0,573
2024-06-20,CMP-GOOG-01,380.24,17780.0,367
2024-06-20,CMP-GOOG-02,765.49,49491.0,1505
2024-06-20,CMP-EML-01,$50.91,3853.0,77
20/06/2024,CMP-AFF-01,$105.71,6053.0,201
2024-06-20,CMP-ORG-00,$0.00,982.0,15
2024-06-21,CMP-META-02,499.15,38726.0,1086
2024-06-21,CMP-GOOG-01,$750.02,41118.0,1366
2024-06-21,CMP-GOOG-02,799.66,43045.0,702
2024-06-21,CMP-EML-01,78.43,4701.0,72
2024-06-21,CMP-AFF-01,127.54,9182.0,317
2024-06-21,CMP-ORG-00,0.0,1192.0,46
2024-06-22,CMP-META-01,701.46,43662.0,688
2024-06-22,CMP-META-02,703.2,30236.0,579
2024-06-22,CMP-GOOG-01,311.85,13159.0,276
2024-06-22,CMP-GOOG-02,408.31,20473.0,749
2024-06-22,CMP-EML-01,$72.18,4996.0,123
2024-06-22,CMP-AFF-01,$200.02,15168.0,496
22/06/2024,CMP-ORG-00,0.00 USD,548.0,10
2024-06-23,CMP-META-01,$372.64,25490.0,654
2024-06-23,CMP-META-02,530.72,22298.0,527
2024-06-23,CMP-GOOG-01,439.55,19609.0,750
2024-06-23,CMP-GOOG-02,585.17,33954.0,961
23/06/2024,CMP-EML-01,$43.26,3139.0,98
2024-06-23,CMP-AFF-01,$219.52,15596.0,413
2024-06-24,CMP-META-01,706.67,35984.0,1114
24/06/2024,CMP-META-02,695.39,45352.0,1619
24/06/2024,CMP-GOOG-01,747.47,43833.0,978
2024-06-24,CMP-GOOG-02,812.14 USD,37608.0,916
2024-06-24,CMP-EML-01,79.83,5583.0,179
2024-06-24,CMP-AFF-01,169.33 USD,8065.0,307
2024-06-24,CMP-ORG-00,0.0,973.0,33
2024-06-25,CMP-META-01,413.95,27608.0,555
2024-06-25,CMP-META-02,331.63 USD,21805.0,531
25/06/2024,CMP-GOOG-01,$730.48,44302.0,1309
2024-06-25,CMP-GOOG-02,610.09,38771.0,1315
25/06/2024,CMP-EML-01,$52.85,2702.0,95
2024-06-25,CMP-AFF-01,$158.55,8894.0,142
2024-06-25,CMP-ORG-00,$0.00,814.0,25
2024-06-26,CMP-META-01,$256.99,13338.0,501
2024-06-26,CMP-META-02,388.12,24229.0,887
2024-06-26,CMP-GOOG-01,$503.18,33784.0,977
2024-06-26,CMP-GOOG-02,480.01,25037.0,727
26/06/2024,CMP-EML-01,$41.64,2008.0,64
2024-06-26,CMP-AFF-01,129.56 USD,8053.0,193
2024-06-26,CMP-ORG-00,0.0,971.0,33
2024-06-27,CMP-META-02,$365.92,24554.0,499
2024-06-27,CMP-GOOG-01,686.19,54715.0,876
27/06/2024,CMP-GOOG-02,$636.63,43097.0,859
2024-06-27,CMP-EML-01,$53.54,2857.0,101
2024-06-27,CMP-AFF-01,$109.88,8295.0,329
27/06/2024,CMP-ORG-00,0.0,1418.0,26
2024-06-28,CMP-META-01,649.89 USD,28192.0,431
2024-06-28,CMP-META-02,499.34,26394.0,792
2024-06-28,CMP-GOOG-01,740.76,36016.0,808
2024-06-28,CMP-GOOG-02,$773.78,39350.0,1185
2024-06-28,CMP-EML-01,50.09,2613.0,46
2024-06-28,CMP-AFF-01,193.07,14830.0,389
28/06/2024,CMP-ORG-00,0.0,1227.0,23
2024-06-29,CMP-META-01,$456.17,35406.0,1269
2024-06-29,CMP-META-02,$450.05,18074.0,552
2024-06-29,CMP-GOOG-01,$533.89,38836.0,1333
2024-06-29,CMP-GOOG-02,$548.63,32905.0,874
2024-06-29,CMP-EML-01,57.52,4427.0,151
2024-06-29,CMP-AFF-01,89.66,5012.0,77
2024-06-29,CMP-ORG-00,0.00 USD,548.0,11
2024-06-30,CMP-META-01,621.17 USD,35445.0,575
2024-06-30,CMP-META-02,  ,32797.0,1118
30/06/2024,CMP-GOOG-01,309.44 USD,15961.0,415
30/06/2024,CMP-GOOG-02,$525.30,29241.0,1061
30/06/2024,CMP-EML-01,42.43 USD,2944.0,65
30/06/2024,CMP-AFF-01,141.92 USD,10430.0,391
2024-06-30,CMP-ORG-00,$0.00,552.0,13
2024-07-01,CMP-META-01,  ,40222.0,1035
2024-07-01,CMP-META-02,604.18,33526.0,832
2024-07-01,CMP-GOOG-01,551.45,28605.0,802
2024-07-01,CMP-GOOG-02,340.78 USD,14584.0,256
2024-07-01,CMP-EML-01,$75.08,5751.0,199
2024-07-01,CMP-ORG-00,$0.00,753.0,23
2024-07-02,CMP-META-01,644.20 USD,37279.0,1290
02/07/2024,CMP-META-02,$379.86,28105.0,481
2024-07-02,CMP-GOOG-01,$461.90,32872.0,1202
2024-07-02,CMP-GOOG-02,$592.72,24667.0,500
2024-07-02,CMP-EML-01,32.04,,47
2024-07-02,CMP-AFF-01,147.61,9728.0,316
2024-07-02,CMP-ORG-00,0.0,,39
2024-07-03,CMP-META-01,531.91,22690.0,551
2024-07-03,CMP-GOOG-01,$370.07,27555.0,615
2024-07-03,CMP-GOOG-02,$778.33,42695.0,1555
2024-07-03,CMP-EML-01,$79.60,4841.0,129
2024-07-03,CMP-AFF-01,128.44,7473.0,262
2024-07-03,CMP-ORG-00,0.0,1233.0,39
2024-07-04,CMP-META-01,525.35,26210.0,441
2024-07-04,CMP-META-02,313.98,19324.0,632
2024-07-04,CMP-GOOG-01,$483.30,22931.0,353
2024-07-04,CMP-GOOG-02,$367.77,25455.0,596
2024-07-04,CMP-EML-01,30.01,2254.0,64
04/07/2024,CMP-AFF-01,$85.93,6196.0,158
2024-07-04,CMP-ORG-00,$0.00,544.0,21
05/07/2024,CMP-META-01,344.33,13777.0,312
2024-07-05,CMP-META-02,$619.16,42094.0,1529
2024-07-05,CMP-GOOG-01,823.88 USD,48321.0,1238
2024-07-05,CMP-GOOG-02,$473.05,32292.0,1086
2024-07-05,CMP-EML-01,54.98,2377.0,89
2024-07-05,CMP-AFF-01,176.81 USD,13531.0,371
2024-07-05,CMP-ORG-00,0.00 USD,1492.0,53
2024-07-06,CMP-META-02,539.73,42838.0,1583
2024-07-06,CMP-GOOG-01,$558.83,26483.0,1010
2024-07-06,CMP-GOOG-02,$677.18,27956.0,1077
2024-07-06,CMP-EML-01,$33.11,2211.0,66
2024-07-06,CMP-AFF-01,177.76,13620.0,451
2024-07-06,CMP-ORG-00,0.00 USD,1020.0,32
07/07/2024,CMP-META-01,710.59,55935.0,2158
07/07/2024,CMP-META-02,678.59 USD,27606.0,904
07/07/2024,CMP-GOOG-01,$386.36,25733.0,1025
2024-07-07,CMP-GOOG-02,332.97,20098.0,770
2024-07-07,CMP-EML-01,58.91 USD,3440.0,129
2024-07-07,CMP-AFF-01,138.64,5629.0,215
2024-07-07,CMP-ORG-00,0.0,1172.0,29
2024-07-08,CMP-META-01,366.94 USD,24198.0,531
2024-07-08,CMP-META-02,450.84,19810.0,315
2024-07-08,CMP-GOOG-01,317.95 USD,23678.0,729
08/07/2024,CMP-GOOG-02,558.3,32993.0,886
2024-07-08,CMP-EML-01,$47.58,2165.0,41
2024-07-08,CMP-AFF-01,151.39 USD,8845.0,341
2024-07-08,CMP-ORG-00,$0.00,1355.0,53
2024-07-09,CMP-META-01,541.09,26632.0,593
2024-07-09,CMP-META-02,724.24,43809.0,915
2024-07-09,CMP-GOOG-01,$464.35,25128.0,426
2024-07-09,CMP-GOOG-02,$341.75,16885.0,279
2024-07-09,CMP-EML-01,73.73,2985.0,48
2024-07-09,CMP-AFF-01,$128.30,7347.0,273
2024-07-09,CMP-ORG-00,$0.00,1005.0,27
2024-07-10,CMP-META-01,384.64,20215.0,353
2024-07-10,CMP-META-02,653.25,50594.0,1772
2024-07-10,CMP-GOOG-01,  ,34058.0,730
2024-07-10,CMP-GOOG-02,$629.95,44419.0,1565
2024-07-10,CMP-EML-01,76.91 USD,4203.0,103
2024-07-10,CMP-AFF-01,$100.47,7105.0,151
2024-07-10,CMP-ORG-00,0.00 USD,837.0,20
2024-07-11,CMP-META-01,$602.10,34434.0,758
2024-07-11,CMP-META-02,304.67,23032.0,349
2024-07-11,CMP-GOOG-01,$696.59,35032.0,687
2024-07-11,CMP-GOOG-02,  ,22671.0,824
2024-07-11,CMP-EML-01,$60.09,2663.0,47
11/07/2024,CMP-AFF-01,$90.22,6586.0,217
2024-07-11,CMP-ORG-00,0.00 USD,1406.0,40
2024-07-12,CMP-META-01,613.52 USD,27770.0,430
12/07/2024,CMP-META-02,$410.20,22391.0,559
2024-07-12,CMP-GOOG-01,779.43,35714.0,1271
2024-07-12,CMP-GOOG-02,404.27,28329.0,1122
2024-07-12,CMP-EML-01,79.75,,63
2024-07-12,CMP-AFF-01,157.24,11491.0,450
2024-07-12,CMP-ORG-00,0.00 USD,936.0,21
2024-07-13,CMP-META-01,$584.11,40680.0,1533
2024-07-13,CMP-META-02,340.79,27140.0,702
2024-07-13,CMP-GOOG-01,$722.18,33993.0,707
13/07/2024,CMP-GOOG-02,611.40 USD,,1046
2024-07-13,CMP-EML-01,72.89,4635.0,85
2024-07-13,CMP-AFF-01,$166.54,12399.0,217
2024-07-13,CMP-ORG-00,$0.00,1283.0,44
14/07/2024,CMP-META-01,  ,41944.0,1577
2024-07-14,CMP-META-02,337.92,22686.0,449
2024-07-14,CMP-GOOG-01,385.40 USD,29348.0,725
2024-07-14,CMP-GOOG-02,$636.55,42395.0,1664
14/07/2024,CMP-EML-01,$47.51,2227.0,71
2024-07-14,CMP-AFF-01,156.19 USD,12408.0,217
2024-07-14,CMP-ORG-00,0.00 USD,1302.0,22
15/07/2024,CMP-META-01,423.72,24801.0,432
2024-07-15,CMP-META-02,458.36,24443.0,733
15/07/2024,CMP-GOOG-01,$662.04,31656.0,1173
2024-07-15,CMP-GOOG-02,409.77,21290.0,325
2024-07-15,CMP-EML-01,$40.01,2824.0,60
2024-07-15,CMP-AFF-01,207.9,11351.0,191
2024-07-15,CMP-ORG-00,0.0,839.0,26
2024-07-16,CMP-META-01,503.51,30539.0,749
16/07/2024,CMP-META-02,280.08,19526.0,334
2024-07-16,CMP-GOOG-01,750.17,45975.0,1689
2024-07-16,CMP-GOOG-02,$357.57,23173.0,733
2024-07-16,CMP-EML-01,67.07 USD,5217.0,188
2024-07-16,CMP-AFF-01,100.69 USD,4951.0,98
2024-07-16,CMP-ORG-00,0.0,1098.0,36
2024-07-17,CMP-META-01,613.76 USD,32089.0,1128
17/07/2024,CMP-META-02,$520.01,40790.0,792
2024-07-17,CMP-GOOG-01,412.51 USD,19416.0,365
2024-07-17,CMP-GOOG-02,$332.21,24429.0,859
2024-07-17,CMP-EML-01,$43.75,2571.0,58
2024-07-17,CMP-AFF-01,197.97,11687.0,336
2024-07-17,CMP-ORG-00,$0.00,859.0,33
2024-07-18,CMP-META-01,345.69 USD,26647.0,569
2024-07-18,CMP-META-02,672.15,30231.0,1094
2024-07-18,CMP-GOOG-01,$633.01,47253.0,1117
18/07/2024,CMP-GOOG-02,447.33 USD,,571
18/07/2024,CMP-EML-01,78.26 USD,3552.0,129
2024-07-18,CMP-AFF-01,183.33 USD,9691.0,175
2024-07-18,CMP-ORG-00,0.0,623.0,12
2024-07-19,CMP-META-01,$661.95,41323.0,1402
2024-07-19,CMP-META-02,530.33,22166.0,735
2024-07-19,CMP-GOOG-01,$301.11,18832.0,374
2024-07-19,CMP-GOOG-02,$607.34,48249.0,1928
19/07/2024,CMP-EML-01,$43.42,3201.0,96
2024-07-19,CMP-AFF-01,125.43 USD,6422.0,176
2024-07-19,CMP-ORG-00,$0.00,1406.0,55
2024-07-20,CMP-META-01,$285.38,11598.0,349
2024-07-20,CMP-META-02,346.84 USD,23719.0,484
2024-07-20,CMP-GOOG-01,523.72 USD,40126.0,646
2024-07-20,CMP-GOOG-02,761.52 USD,47044.0,1846
2024-07-20,CMP-EML-01,79.45,6310.0,189
2024-07-20,CMP-AFF-01,$151.27,11045.0,223
2024-07-20,CMP-ORG-00,$0.00,1183.0,36
2024-07-21,CMP-META-01,$692.41,44814.0,723
2024-07-21,CMP-META-02,364.36,20321.0,774
2024-07-21,CMP-GOOG-01,$691.02,53592.0,1801
2024-07-21,CMP-GOOG-02,$337.84,14201.0,250
2024-07-21,CMP-EML-01,  ,2448.0,69
2024-07-21,CMP-AFF-01,141.59 USD,5836.0,142
2024-07-21,CMP-ORG-00,0.0,690.0,24
2024-07-22,CMP-META-01,$374.92,27074.0,861
22/07/2024,CMP-META-02,$587.16,30357.0,486
2024-07-22,CMP-GOOG-01,  ,19305.0,372
2024-07-22,CMP-GOOG-02,$808.40,39878.0,824
2024-07-22,CMP-EML-01,45.94,2785.0,100
2024-07-22,CMP-AFF-01,206.1,8955.0,171
2024-07-22,CMP-ORG-00,$0.00,1284.0,40
2024-07-23,CMP-META-01,$709.96,49573.0,1093
23/07/2024,CMP-META-02,485.45,25596.0,861
23/07/2024,CMP-GOOG-01,348.96,14293.0,244
2024-07-23,CMP-GOOG-02,384.2,25422.0,540
2024-07-23,CMP-EML-01,$42.55,1970.0,29
2024-07-23,CMP-AFF-01,156.66,12050.0,355
2024-07-23,CMP-ORG-00,$0.00,696.0,23
2024-07-24,CMP-META-01,378.07,19189.0,504
2024-07-24,CMP-META-02,$408.65,16465.0,343
2024-07-24,CMP-GOOG-01,$809.72,57310.0,911
2024-07-24,CMP-GOOG-02,341.63,20945.0,404
2024-07-24,CMP-EML-01,  ,3980.0,123
2024-07-24,CMP-ORG-00,0.00 USD,528.0,11
2024-07-25,CMP-META-01,$472.43,23776.0,526
2024-07-25,CMP-META-02,313.31,14895.0,326
2024-07-25,CMP-GOOG-01,733.57,36448.0,594
25/07/2024,CMP-EML-01,30.19,1679.0,51
2024-07-25,CMP-AFF-01,$95.15,6031.0,155
2024-07-25,CMP-ORG-00,  ,1113.0,35
26/07/2024,CMP-META-01,$563.75,26701.0,979
2024-07-26,CMP-META-02,$313.70,15577.0,612
2024-07-26,CMP-GOOG-01,422.72 USD,25543.0,522
2024-07-26,CMP-GOOG-02,$731.01,40739.0,703
2024-07-26,CMP-EML-01,70.71 USD,2926.0,91
26/07/2024,CMP-AFF-01,202.88 USD,11274.0,325
2024-07-26,CMP-ORG-00,0.00 USD,547.0,18
2024-07-27,CMP-META-01,286.88,20511.0,496
27/07/2024,CMP-META-02,275.39 USD,14162.0,263
2024-07-27,CMP-GOOG-01,669.2,35909.0,577
2024-07-27,CMP-GOOG-02,770.97 USD,54596.0,1894
2024-07-27,CMP-EML-01,$53.83,2393.0,46
2024-07-27,CMP-AFF-01,146.88,7961.0,122
27/07/2024,CMP-ORG-00,0.0,595.0,14
2024-07-28,CMP-META-01,$393.67,19789.0,691
2024-07-28,CMP-META-02,$345.74,21814.0,765
2024-07-28,CMP-GOOG-01,568.15,34755.0,1096
2024-07-28,CMP-GOOG-02,380.88 USD,21109.0,630
2024-07-28,CMP-EML-01,39.7,2721.0,46
2024-07-28,CMP-AFF-01,124.43,5856.0,138
28/07/2024,CMP-ORG-00,0.00 USD,,30
29/07/2024,CMP-META-01,  ,19836.0,524
29/07/2024,CMP-META-02,496.38,20139.0,735
2024-07-29,CMP-GOOG-01,652.58,49160.0,1281
2024-07-29,CMP-GOOG-02,465.99,33589.0,546
2024-07-29,CMP-EML-01,$76.70,4230.0,167
29/07/2024,CMP-AFF-01,107.8,6404.0,154
29/07/2024,CMP-ORG-00,0.0,783.0,21
30/07/2024,CMP-META-01,$456.13,36027.0,936
2024-07-30,CMP-META-02,368.97,18271.0,710
2024-07-30,CMP-GOOG-01,$394.45,30248.0,1183
30/07/2024,CMP-GOOG-02,678.36,52009.0,1011
2024-07-30,CMP-EML-01,43.94 USD,1900.0,66
2024-07-30,CMP-ORG-00,0.0,705.0,18
2024-07-31,CMP-META-01,431.28,33873.0,612
2024-07-31,CMP-META-02,$624.24,46018.0,744
31/07/2024,CMP-GOOG-01,$532.55,22511.0,885
2024-07-31,CMP-GOOG-02,$342.17,16535.0,323
2024-07-31,CMP-EML-01,51.78 USD,3408.0,125
2024-07-31,CMP-AFF-01,$173.46,7728.0,197
2024-07-31,CMP-ORG-00,0.0,874.0,27
01/08/2024,CMP-META-01,573.42,28773.0,570
2024-08-01,CMP-META-02,  ,18344.0,296
2024-08-01,CMP-GOOG-01,$702.29,51709.0,971
2024-08-01,CMP-GOOG-02,521.47,38869.0,740
2024-08-01,CMP-EML-01,56.54,3552.0,90
2024-08-01,CMP-AFF-01,113.9,8173.0,147
2024-08-01,CMP-ORG-00,0.00 USD,689.0,18
2024-08-02,CMP-META-01,573.61,28578.0,1039
2024-08-02,CMP-META-02,$689.72,50501.0,1550
2024-08-02,CMP-GOOG-01,  ,31558.0,919
2024-08-02,CMP-GOOG-02,697.41,31952.0,775
2024-08-02,CMP-EML-01,$73.65,,97
2024-08-02,CMP-AFF-01,161.05,9253.0,176
2024-08-02,CMP-ORG-00,0.0,740.0,26
2024-08-03,CMP-META-01,396.08 USD,26996.0,634
03/08/2024,CMP-META-02,510.23,32500.0,856
2024-08-03,CMP-GOOG-01,521.34,,1089
2024-08-03,CMP-GOOG-02,$711.84,31956.0,710
2024-08-03,CMP-EML-01,64.30 USD,3700.0,56
2024-08-03,CMP-AFF-01,$141.99,8158.0,268
2024-08-03,CMP-ORG-00,0.00 USD,1055.0,24
2024-08-04,CMP-META-01,  ,41061.0,1619
2024-08-04,CMP-META-02,$632.63,46603.0,1149
04/08/2024,CMP-GOOG-01,529.13,37909.0,1235
2024-08-04,CMP-GOOG-02,300.63 USD,12139.0,449
04/08/2024,CMP-EML-01,$74.51,3912.0,66
2024-08-04,CMP-AFF-01,$187.07,13959.0,444
2024-08-04,CMP-ORG-00,0.00 USD,635.0,11
2024-08-05,CMP-META-01,462.37,33072.0,589
2024-08-05,CMP-META-02,641.37,44438.0,1181
2024-08-05,CMP-GOOG-01,347.41 USD,24603.0,540
2024-08-05,CMP-GOOG-02,358.91,15751.0,462
2024-08-05,CMP-EML-01,78.31 USD,5860.0,220
05/08/2024,CMP-AFF-01,173.84,9451.0,195
2024-08-05,CMP-ORG-00,0.0,746.0,28
2024-08-06,CMP-META-01,524.14,23118.0,733
2024-08-06,CMP-META-02,578.96 USD,25104.0,998
2024-08-06,CMP-GOOG-01,522.16,29357.0,1159
2024-08-06,CMP-GOOG-02,428.25,21020.0,687
2024-08-06,CMP-EML-01,46.24,2299.0,36
2024-08-06,CMP-AFF-01,170.87 USD,8232.0,177
2024-08-06,CMP-ORG-00,0.0,946.0,35
2024-08-07,CMP-META-01,$275.41,14440.0,481
2024-08-07,CMP-META-02,250.81,,429
2024-08-07,CMP-GOOG-01,$812.81,39103.0,1272
2024-08-07,CMP-GOOG-02,731.38 USD,45521.0,1430
2024-08-07,CMP-EML-01,52.74 USD,2963.0,83
2024-08-07,CMP-AFF-01,$176.30,7159.0,145
2024-08-07,CMP-ORG-00,$0.00,1325.0,22
08/08/2024,CMP-META-01,$273.09,18939.0,594
2024-08-08,CMP-META-02,  ,22151.0,756
08/08/2024,CMP-GOOG-01,$514.05,34596.0,593
2024-08-08,CMP-GOOG-02,505.25,30055.0,956
2024-08-08,CMP-EML-01,43.17,3214.0,84
2024-08-08,CMP-AFF-01,$147.13,7665.0,231
2024-08-08,CMP-ORG-00,0.0,1138.0,41
2024-08-09,CMP-META-01,576.01,34286.0,1076
2024-08-09,CMP-META-02,$351.09,23717.0,414
2024-08-09,CMP-GOOG-01,$617.05,31037.0,1167
2024-08-09,CMP-GOOG-02,539.65 USD,35322.0,908
2024-08-09,CMP-EML-01,65.64,5032.0,130
09/08/2024,CMP-AFF-01,157.51 USD,9051.0,259
2024-08-09,CMP-ORG-00,0.0,873.0,34
2024-08-10,CMP-META-01,$576.18,36298.0,1376
2024-08-10,CMP-META-02,632.59 USD,44574.0,1392
2024-08-10,CMP-GOOG-01,  ,39511.0,1361
2024-08-10,CMP-GOOG-02,422.17 USD,,473
2024-08-10,CMP-EML-01,42.55 USD,2369.0,64
2024-08-10,CMP-AFF-01,192.91,14842.0,412
2024-08-10,CMP-ORG-00,0.0,671.0,13
2024-08-11,CMP-META-01,613.37,33628.0,577
2024-08-11,CMP-META-02,711.82,50017.0,1862
2024-08-11,CMP-GOOG-01,$561.34,24545.0,902
2024-08-11,CMP-GOOG-02,$634.44,27365.0,873
2024-08-11,CMP-EML-01,60.04,3655.0,115
2024-08-11,CMP-AFF-01,$173.54,7005.0,144
11/08/2024,CMP-ORG-00,$0.00,1432.0,27
2024-08-12,CMP-META-01,$285.72,17561.0,476
2024-08-12,CMP-META-02,$505.80,29459.0,1048
12/08/2024,CMP-GOOG-01,$653.31,51149.0,1515
2024-08-12,CMP-GOOG-02,$647.50,49251.0,1142
2024-08-12,CMP-EML-01,77.45,5545.0,182
2024-08-12,CMP-AFF-01,115.6,7156.0,115
12/08/2024,CMP-ORG-00,$0.00,1456.0,45
2024-08-13,CMP-META-01,306.66,24129.0,893
2024-08-13,CMP-META-02,543.81,31996.0,1157
2024-08-13,CMP-GOOG-01,604.03,40019.0,1510
2024-08-13,CMP-GOOG-02,$587.31,23911.0,367
2024-08-13,CMP-EML-01,$49.57,2837.0,83
2024-08-13,CMP-AFF-01,145.35,8333.0,132
2024-08-13,CMP-ORG-00,0.00 USD,774.0,28
2024-08-14,CMP-META-01,310.32,19869.0,441
2024-08-14,CMP-META-02,515.69,24198.0,794
2024-08-14,CMP-GOOG-01,320.0,22459.0,785
14/08/2024,CMP-GOOG-02,711.37,29819.0,1068
2024-08-14,CMP-EML-01,$32.58,2495.0,86
14/08/2024,CMP-AFF-01,$150.36,11130.0,416
2024-08-14,CMP-ORG-00,$0.00,1177.0,28
2024-08-15,CMP-META-01,$327.25,,378
2024-08-15,CMP-META-02,643.43,38937.0,952
2024-08-15,CMP-GOOG-01,691.92,38951.0,1130
2024-08-15,CMP-GOOG-02,784.23,47581.0,1517
15/08/2024,CMP-EML-01,$45.83,3391.0,132
2024-08-15,CMP-AFF-01,  ,7383.0,242
2024-08-15,CMP-ORG-00,0.00 USD,851.0,29
2024-08-16,CMP-META-01,534.99,36226.0,1063
2024-08-16,CMP-META-02,$284.29,13705.0,383
2024-08-16,CMP-GOOG-01,346.42,24281.0,513
2024-08-16,CMP-GOOG-02,530.87,36087.0,1334
2024-08-16,CMP-EML-01,$40.39,1873.0,33
2024-08-16,CMP-AFF-01,156.98,7920.0,294
2024-08-16,CMP-ORG-00,0.0,961.0,20
2024-08-17,CMP-META-02,586.87,37707.0,1219
2024-08-17,CMP-GOOG-01,$606.22,36915.0,1351
17/08/2024,CMP-GOOG-02,$694.33,27986.0,1002
2024-08-17,CMP-EML-01,$55.77,4225.0,128
2024-08-17,CMP-AFF-01,92.26 USD,4996.0,80
2024-08-17,CMP-ORG-00,0.0,1125.0,42
2024-08-18,CMP-META-01,331.93,15337.0,403
2024-08-18,CMP-META-02,677.81,51763.0,2006
2024-08-18,CMP-GOOG-01,328.04 USD,25343.0,538
2024-08-18,CMP-GOOG-02,$491.57,34927.0,608
2024-08-18,CMP-EML-01,$65.12,4225.0,147
2024-08-18,CMP-AFF-01,124.36,7649.0,243
2024-08-18,CMP-ORG-00,0.0,1397.0,55
2024-08-19,CMP-META-01,$437.40,19230.0,435
2024-08-19,CMP-META-02,548.16 USD,23242.0,893
2024-08-19,CMP-GOOG-01,$815.22,58590.0,1357
2024-08-19,CMP-GOOG-02,$842.84,52103.0,2016
2024-08-19,CMP-EML-01,41.18 USD,3242.0,106
2024-08-19,CMP-AFF-01,  ,5712.0,206
19/08/2024,CMP-ORG-00,0.00 USD,1146.0,30
2024-08-20,CMP-META-01,728.02,48726.0,1188
2024-08-20,CMP-META-02,425.23,24910.0,577
2024-08-20,CMP-GOOG-01,506.91,35711.0,1376
2024-08-20,CMP-GOOG-02,$731.72,55499.0,1724
20/08/2024,CMP-EML-01,41.08,1773.0,58
2024-08-20,CMP-AFF-01,$219.66,14967.0,299
2024-08-20,CMP-ORG-00,  ,1401.0,56
2024-08-21,CMP-META-01,705.14 USD,54552.0,2035
21/08/2024,CMP-META-02,$569.94,23698.0,822
2024-08-21,CMP-GOOG-01,750.49 USD,35446.0,833
2024-08-21,CMP-GOOG-02,787.86,60451.0,1652
2024-08-21,CMP-EML-01,38.03,2539.0,67
2024-08-21,CMP-AFF-01,81.58,4202.0,91
2024-08-21,CMP-ORG-00,0.00 USD,693.0,17
2024-08-22,CMP-META-01,603.09,45700.0,1679
2024-08-22,CMP-META-02,$254.76,16812.0,559
22/08/2024,CMP-GOOG-01,841.26,41379.0,686
2024-08-22,CMP-GOOG-02,525.87 USD,26942.0,628
22/08/2024,CMP-EML-01,32.21,2120.0,59
2024-08-22,CMP-AFF-01,$159.30,12475.0,346
2024-08-22,CMP-ORG-00,$0.00,620.0,22
23/08/2024,CMP-META-01,521.69,28495.0,874
2024-08-23,CMP-META-02,  ,49172.0,994
2024-08-23,CMP-GOOG-01,$328.67,13294.0,271
2024-08-23,CMP-EML-01,30.50 USD,1287.0,22
2024-08-23,CMP-AFF-01,93.64 USD,4552.0,130
2024-08-23,CMP-ORG-00,0.0,1414.0,41
2024-08-24,CMP-META-01,$458.76,18706.0,601
24/08/2024,CMP-META-02,  ,31722.0,1225
24/08/2024,CMP-GOOG-01,318.28,20681.0,752
2024-08-24,CMP-GOOG-02,591.55,38044.0,988
2024-08-24,CMP-EML-01,$50.31,3907.0,60
2024-08-24,CMP-AFF-01,108.17,7901.0,252
2024-08-24,CMP-ORG-00,0.00 USD,769.0,13
2024-08-25,CMP-META-02,259.62,13033.0,379
25/08/2024,CMP-GOOG-01,797.93,41183.0,643
2024-08-25,CMP-GOOG-02,371.09,17883.0,323
2024-08-25,CMP-EML-01,$52.32,3568.0,64
2024-08-25,CMP-ORG-00,0.0,,28
2024-08-26,CMP-META-01,691.48,53508.0,1928
2024-08-26,CMP-META-02,$552.88,31793.0,801
26/08/2024,CMP-GOOG-01,770.28,43110.0,1146
2024-08-26,CMP-GOOG-02,$418.69,30956.0,705
26/08/2024,CMP-EML-01,  ,2683.0,50
2024-08-26,CMP-AFF-01,89.51 USD,3590.0,71
2024-08-26,CMP-ORG-00,0.0,914.0,24
2024-08-27,CMP-META-01,$644.65,32082.0,1164
2024-08-27,CMP-META-02,505.03 USD,23908.0,729
2024-08-27,CMP-GOOG-01,561.26 USD,34360.0,961
2024-08-27,CMP-GOOG-02,$362.83,22016.0,479
2024-08-27,CMP-EML-01,$45.93,2317.0,49
2024-08-27,CMP-AFF-01,203.06,8126.0,263
2024-08-27,CMP-ORG-00,0.0,1085.0,18
2024-08-28,CMP-META-01,$265.92,17347.0,299
2024-08-28,CMP-META-02,$257.25,12970.0,313
2024-08-28,CMP-GOOG-01,  ,29135.0,1009
2024-08-28,CMP-GOOG-02,498.56,31946.0,539
2024-08-28,CMP-EML-01,$78.15,3409.0,90
2024-08-28,CMP-AFF-01,$137.26,7043.0,222
28/08/2024,CMP-ORG-00,0.00 USD,579.0,16
2024-08-29,CMP-META-01,507.2,20592.0,609
2024-08-29,CMP-META-02,532.12 USD,25624.0,975
2024-08-29,CMP-GOOG-01,$369.89,17291.0,632
2024-08-29,CMP-GOOG-02,485.51,37588.0,877
2024-08-29,CMP-EML-01,55.35,4236.0,150
29/08/2024,CMP-AFF-01,$213.75,16783.0,295
2024-08-29,CMP-ORG-00,$0.00,817.0,23
2024-08-30,CMP-META-01,602.34 USD,47813.0,1217
2024-08-30,CMP-META-02,$543.32,36836.0,916
2024-08-30,CMP-GOOG-01,$804.33,50928.0,1353
2024-08-30,CMP-GOOG-02,647.51 USD,48884.0,1151
30/08/2024,CMP-EML-01,73.26,4474.0,103
2024-08-30,CMP-AFF-01,190.35,14382.0,285
2024-08-30,CMP-ORG-00,$0.00,1453.0,33
2024-08-31,CMP-META-01,$648.75,40934.0,1286
2024-08-31,CMP-META-02,572.98 USD,36443.0,692
2024-08-31,CMP-GOOG-01,306.81,15228.0,461
2024-08-31,CMP-GOOG-02,$313.41,23896.0,580
2024-08-31,CMP-EML-01,  ,5163.0,125
2024-08-31,CMP-AFF-01,$217.89,13476.0,273
31/08/2024,CMP-ORG-00,0.0,1133.0,45
2024-09-01,CMP-META-01,$689.79,37064.0,587
2024-09-01,CMP-META-02,635.65 USD,50116.0,1274
2024-09-01,CMP-GOOG-01,$697.31,45827.0,1515
2024-09-01,CMP-EML-01,36.23,2749.0,45
2024-09-01,CMP-AFF-01,127.52 USD,5786.0,131
2024-09-01,CMP-ORG-00,0.0,1416.0,38
2024-09-02,CMP-META-01,450.95 USD,34868.0,1347
2024-09-02,CMP-META-02,$544.01,34307.0,645
2024-09-02,CMP-GOOG-01,548.45,26623.0,668
2024-09-02,CMP-GOOG-02,441.45,22446.0,395
2024-09-02,CMP-EML-01,48.4,3561.0,116
2024-09-02,CMP-AFF-01,187.0,8938.0,356
2024-09-02,CMP-ORG-00,0.0,1060.0,17
2024-09-03,CMP-META-01,644.53,27181.0,442
2024-09-03,CMP-META-02,$486.07,20486.0,328
2024-09-03,CMP-GOOG-01,482.49,28936.0,1031
2024-09-03,CMP-GOOG-02,$624.43,42671.0,1641
2024-09-03,CMP-EML-01,  ,3145.0,105
2024-09-03,CMP-AFF-01,  ,5903.0,183
2024-09-03,CMP-ORG-00,$0.00,885.0,30
2024-09-04,CMP-META-01,$649.61,38030.0,1093
2024-09-04,CMP-META-02,$374.80,19001.0,399
2024-09-04,CMP-GOOG-01,$547.94,42132.0,1520
2024-09-04,CMP-GOOG-02,603.31,47210.0,870
2024-09-04,CMP-EML-01,62.0,4510.0,161
2024-09-04,CMP-AFF-01,176.21,7160.0,123
2024-09-04,CMP-ORG-00,0.0,801.0,19
2024-09-05,CMP-META-01,721.77 USD,42801.0,1201
2024-09-05,CMP-META-02,$668.69,43286.0,1550
2024-09-05,CMP-GOOG-01,617.09,29587.0,452
2024-09-05,CMP-GOOG-02,381.65,20656.0,716
2024-09-05,CMP-EML-01,39.44 USD,2897.0,50
2024-09-05,CMP-AFF-01,  ,8541.0,310
2024-09-05,CMP-ORG-00,0.0,658.0,18
06/09/2024,CMP-META-01,612.5,41651.0,698
2024-09-06,CMP-META-02,301.11,15577.0,518
06/09/2024,CMP-GOOG-01,  ,49918.0,926
2024-09-06,CMP-GOOG-02,683.66,48357.0,1214
2024-09-06,CMP-EML-01,45.35,1839.0,30
2024-09-06,CMP-AFF-01,139.96,7032.0,139
2024-09-06,CMP-ORG-00,0.0,838.0,24
2024-09-07,CMP-META-01,$436.06,24174.0,492
07/09/2024,CMP-META-02,$592.53,34951.0,782
2024-09-07,CMP-GOOG-01,$361.41,24629.0,371
2024-09-07,CMP-GOOG-02,$848.54,60608.0,1460
2024-09-07,CMP-EML-01,$58.07,4134.0,66
2024-09-07,CMP-AFF-01,$183.83,13565.0,286
2024-09-07,CMP-ORG-00,0.0,820.0,32
2024-09-08,CMP-META-01,$410.46,26967.0,964
2024-09-08,CMP-META-02,685.45,40605.0,1211
2024-09-08,CMP-GOOG-01,630.92 USD,48271.0,813
2024-09-08,CMP-GOOG-02,832.92 USD,64483.0,1395
2024-09-08,CMP-EML-01,56.54 USD,3893.0,87
08/09/2024,CMP-AFF-01,$115.92,6928.0,245
2024-09-08,CMP-ORG-00,$0.00,748.0,24
09/09/2024,CMP-META-01,375.93 USD,21653.0,522
09/09/2024,CMP-META-02,$570.04,27327.0,916
2024-09-09,CMP-GOOG-01,798.10 USD,56766.0,1112
2024-09-09,CMP-GOOG-02,$394.83,29114.0,672
2024-09-09,CMP-EML-01,51.14,3179.0,52
2024-09-09,CMP-AFF-01,$137.74,10022.0,352
2024-09-09,CMP-ORG-00,0.0,1316.0,38
2024-09-10,CMP-META-01,434.37,18761.0,489
2024-09-10,CMP-META-02,560.08,28680.0,463
2024-09-10,CMP-GOOG-01,621.92 USD,40951.0,1026
2024-09-10,CMP-GOOG-02,362.04 USD,23028.0,909
2024-09-10,CMP-EML-01,$54.26,4012.0,130
2024-09-10,CMP-AFF-01,107.02 USD,6244.0,167
2024-09-10,CMP-ORG-00,0.0,1473.0,27
2024-09-11,CMP-META-01,$284.38,17433.0,358
2024-09-11,CMP-META-02,$659.44,33299.0,781
2024-09-11,CMP-GOOG-01,806.22 USD,54514.0,1174
2024-09-11,CMP-GOOG-02,453.48 USD,20491.0,337
2024-09-11,CMP-EML-01,71.74 USD,5076.0,162
2024-09-11,CMP-AFF-01,126.65,9346.0,147
2024-09-11,CMP-ORG-00,0.0,717.0,26
12/09/2024,CMP-META-01,628.07,49466.0,944
2024-09-12,CMP-META-02,579.99 USD,38937.0,1162
2024-09-12,CMP-GOOG-02,492.48 USD,25777.0,573
2024-09-12,CMP-EML-01,55.45,2436.0,55
2024-09-12,CMP-ORG-00,0.0,1128.0,32
2024-09-13,CMP-META-01,$320.87,25309.0,649
2024-09-13,CMP-META-02,603.31,39270.0,957
2024-09-13,CMP-GOOG-01,339.59 USD,18862.0,441
2024-09-13,CMP-GOOG-02,$451.05,35219.0,1124
2024-09-13,CMP-EML-01,68.51,4998.0,154
2024-09-13,CMP-AFF-01,189.88,13764.0,278
2024-09-13,CMP-ORG-00,$0.00,1471.0,29
2024-09-14,CMP-META-01,670.72,27049.0,407
2024-09-14,CMP-META-02,306.43,16050.0,485
2024-09-14,CMP-GOOG-01,$654.68,49525.0,1056
2024-09-14,CMP-GOOG-02,  ,17978.0,272
2024-09-14,CMP-EML-01,78.47 USD,3486.0,137
2024-09-14,CMP-AFF-01,  ,7237.0,125
2024-09-14,CMP-ORG-00,$0.00,567.0,10
2024-09-15,CMP-META-01,$367.70,26477.0,827
15/09/2024,CMP-META-02,$638.92,50790.0,1477
2024-09-15,CMP-GOOG-01,686.61,35482.0,829
2024-09-15,CMP-GOOG-02,685.76,48123.0,1481
2024-09-15,CMP-EML-01,$47.69,2239.0,79
15/09/2024,CMP-AFF-01,171.91,10238.0,244
2024-09-15,CMP-ORG-00,0.00 USD,518.0,9
2024-09-16,CMP-META-01,$339.81,18847.0,437
16/09/2024,CMP-META-02,702.11,42300.0,1091
2024-09-16,CMP-GOOG-01,$480.25,35836.0,706
2024-09-16,CMP-GOOG-02,440.49 USD,19520.0,374
16/09/2024,CMP-EML-01,36.0,2210.0,59
2024-09-16,CMP-AFF-01,$210.00,9662.0,241
2024-09-16,CMP-ORG-00,0.00 USD,936.0,25
2024-09-17,CMP-META-01,$681.55,51321.0,1896
2024-09-17,CMP-GOOG-01,$687.46,46225.0,1203
2024-09-17,CMP-GOOG-02,$831.80,53598.0,1207
2024-09-17,CMP-AFF-01,112.36,7811.0,209
2024-09-17,CMP-ORG-00,$0.00,627.0,12
18/09/2024,CMP-META-01,691.89,43956.0,1565
18/09/2024,CMP-META-02,290.17,20180.0,781
2024-09-18,CMP-GOOG-01,338.5,20191.0,319
2024-09-18,CMP-GOOG-02,747.51 USD,30810.0,866
2024-09-18,CMP-EML-01,77.90 USD,4558.0,174
2024-09-18,CMP-AFF-01,154.56,7982.0,301
2024-09-18,CMP-ORG-00,0.0,1322.0,31
2024-09-19,CMP-META-01,730.92 USD,54413.0,1350
2024-09-19,CMP-META-02,  ,44828.0,877
19/09/2024,CMP-GOOG-01,574.27 USD,29509.0,1085
19/09/2024,CMP-GOOG-02,$572.74,39968.0,1244
2024-09-19,CMP-EML-01,$71.10,4458.0,129
2024-09-19,CMP-AFF-01,108.48,5329.0,136
2024-09-19,CMP-ORG-00,0.00 USD,1416.0,26
2024-09-20,CMP-META-01,$362.07,,1032
2024-09-20,CMP-META-02,633.75,28694.0,766
20/09/2024,CMP-GOOG-01,620.70 USD,36017.0,574
2024-09-20,CMP-GOOG-02,815.64 USD,35364.0,1058
2024-09-20,CMP-EML-01,51.64,2634.0,52
20/09/2024,CMP-AFF-01,$139.15,5755.0,161
2024-09-20,CMP-ORG-00,0.00 USD,509.0,16
2024-09-21,CMP-META-01,430.49,33169.0,1229
2024-09-21,CMP-META-02,$631.67,48330.0,1669
2024-09-21,CMP-GOOG-01,618.08,41650.0,731
2024-09-21,CMP-GOOG-02,378.88,21352.0,676
2024-09-21,CMP-EML-01,59.88,2823.0,48
2024-09-21,CMP-AFF-01,150.44,10096.0,207
2024-09-21,CMP-ORG-00,0.0,737.0,21
2024-09-22,CMP-META-02,559.99,37080.0,705
2024-09-22,CMP-GOOG-01,700.91,,1110
2024-09-22,CMP-GOOG-02,$535.32,36631.0,1175
2024-09-22,CMP-EML-01,$71.19,4661.0,169
2024-09-22,CMP-AFF-01,114.76,8800.0,325
2024-09-22,CMP-ORG-00,$0.00,1348.0,53
2024-09-23,CMP-META-01,619.25,30361.0,772
2024-09-23,CMP-META-02,524.69,29823.0,965
2024-09-23,CMP-GOOG-01,$665.13,33397.0,778
2024-09-23,CMP-GOOG-02,827.92,50399.0,1304
23/09/2024,CMP-EML-01,  ,2181.0,56
23/09/2024,CMP-AFF-01,$120.86,8121.0,237
2024-09-23,CMP-ORG-00,0.00 USD,1105.0,31
2024-09-24,CMP-META-01,732.27,29747.0,1149
2024-09-24,CMP-META-02,310.22 USD,24127.0,367
2024-09-24,CMP-GOOG-01,824.78,36716.0,1291
2024-09-24,CMP-GOOG-02,383.11,28355.0,459
2024-09-24,CMP-EML-01,46.25,3244.0,65
24/09/2024,CMP-AFF-01,93.7,4547.0,162
2024-09-24,CMP-ORG-00,0.00 USD,1499.0,38
2024-09-25,CMP-META-01,421.14,25140.0,809
2024-09-25,CMP-META-02,$603.37,29211.0,778
2024-09-25,CMP-GOOG-01,534.04,38777.0,1218
2024-09-25,CMP-GOOG-02,303.06 USD,13991.0,511
25/09/2024,CMP-EML-01,42.51,2400.0,59
2024-09-25,CMP-AFF-01,$142.14,8885.0,244
2024-09-25,CMP-ORG-00,$0.00,1235.0,24
2024-09-26,CMP-META-01,547.69,29147.0,685
2024-09-26,CMP-META-02,306.06 USD,21302.0,555
2024-09-26,CMP-GOOG-01,$424.47,19791.0,595
2024-09-26,CMP-GOOG-02,405.7,31232.0,1211
26/09/2024,CMP-EML-01,53.31,3842.0,145
26/09/2024,CMP-AFF-01,150.0,8143.0,223
2024-09-26,CMP-ORG-00,$0.00,1284.0,23
2024-09-27,CMP-META-01,347.53,,525
2024-09-27,CMP-META-02,479.30 USD,21948.0,612
2024-09-27,CMP-GOOG-01,725.51,35809.0,1294
2024-09-27,CMP-GOOG-02,  ,31582.0,700
2024-09-27,CMP-EML-01,$46.69,2540.0,67
2024-09-27,CMP-AFF-01,$117.79,5353.0,167
27/09/2024,CMP-ORG-00,0.0,1061.0,19
2024-09-28,CMP-META-01,476.08,36901.0,802
28/09/2024,CMP-META-02,386.80 USD,15957.0,540
2024-09-28,CMP-GOOG-01,587.39,40773.0,1389
2024-09-28,CMP-GOOG-02,811.69,49832.0,1420
2024-09-28,CMP-EML-01,34.24,2212.0,65
28/09/2024,CMP-AFF-01,115.66,4684.0,178
2024-09-28,CMP-ORG-00,0.0,949.0,24
2024-09-29,CMP-META-01,  ,23132.0,643
2024-09-29,CMP-META-02,649.42,37899.0,1393
2024-09-29,CMP-GOOG-01,  ,15757.0,281
2024-09-29,CMP-GOOG-02,768.45 USD,53064.0,1783
2024-09-29,CMP-EML-01,$37.41,2238.0,86
29/09/2024,CMP-AFF-01,147.01,8046.0,146
29/09/2024,CMP-ORG-00,0.0,1224.0,46
30/09/2024,CMP-META-01,714.04,42902.0,1316
30/09/2024,CMP-META-02,692.42 USD,28356.0,443
2024-09-30,CMP-GOOG-01,$739.84,51640.0,1543
2024-09-30,CMP-GOOG-02,611.44 USD,32976.0,926
2024-09-30,CMP-EML-01,$51.80,2234.0,67
2024-09-30,CMP-AFF-01,213.62,9891.0,313
2024-09-30,CMP-ORG-00,0.00 USD,1037.0,15
01/10/2024,CMP-META-01,$728.03,46736.0,1323
2024-10-01,CMP-META-02,399.81 USD,28496.0,917
2024-10-01,CMP-GOOG-01,$616.93,40681.0,1053
2024-10-01,CMP-EML-01,31.7,2156.0,79
2024-10-01,CMP-AFF-01,130.14,5952.0,198
2024-10-01,CMP-ORG-00,0.0,1034.0,20
2024-10-02,CMP-META-01,321.02 USD,12898.0,252
2024-10-02,CMP-META-02,$373.14,27757.0,885
2024-10-02,CMP-GOOG-01,495.58,23212.0,800
2024-10-02,CMP-GOOG-02,604.09 USD,29918.0,660
2024-10-02,CMP-EML-01,$62.88,4770.0,85
02/10/2024,CMP-AFF-01,$125.56,7572.0,245
2024-10-02,CMP-ORG-00,0.0,1010.0,33
2024-10-03,CMP-META-01,551.04,33234.0,532
2024-10-03,CMP-META-02,$374.49,21601.0,754
03/10/2024,CMP-GOOG-01,$599.60,29044.0,752
2024-10-03,CMP-GOOG-02,345.21 USD,24229.0,511
03/10/2024,CMP-EML-01,$62.82,4523.0,126
2024-10-03,CMP-AFF-01,$161.01,6839.0,159
2024-10-03,CMP-ORG-00,0.00 USD,952.0,35
2024-10-04,CMP-META-01,$396.89,19259.0,675
2024-10-04,CMP-META-02,715.24,29553.0,934
04/10/2024,CMP-GOOG-01,$336.27,15847.0,608
2024-10-04,CMP-GOOG-02,586.67 USD,40714.0,767
2024-10-04,CMP-EML-01,66.6,4461.0,114
2024-10-04,CMP-AFF-01,131.5,9811.0,155
2024-10-04,CMP-ORG-00,$0.00,1199.0,34
2024-10-05,CMP-META-01,622.08 USD,33179.0,804
2024-10-05,CMP-META-02,485.72 USD,20475.0,320
05/10/2024,CMP-GOOG-01,840.76,48356.0,1488
2024-10-05,CMP-GOOG-02,826.57,38547.0,729
2024-10-05,CMP-EML-01,  ,3042.0,82
2024-10-05,CMP-AFF-01,$133.50,10163.0,214
2024-10-05,CMP-ORG-00,0.0,1388.0,51
2024-10-06,CMP-META-01,708.79 USD,33504.0,1194
06/10/2024,CMP-META-02,385.4,24772.0,529
2024-10-06,CMP-GOOG-01,840.64,36312.0,1305
2024-10-06,CMP-GOOG-02,$483.24,23138.0,513
2024-10-06,CMP-EML-01,33.80 USD,2111.0,32
2024-10-06,CMP-AFF-01,$200.33,14258.0,458
2024-10-06,CMP-ORG-00,0.0,1211.0,31
2024-10-07,CMP-META-01,731.16 USD,57669.0,1450
2024-10-07,CMP-META-02,409.85,23071.0,641
2024-10-07,CMP-GOOG-01,519.20 USD,25086.0,916
2024-10-07,CMP-GOOG-02,  ,30301.0,565
2024-10-07,CMP-EML-01,41.69,2692.0,103
2024-10-07,CMP-AFF-01,85.05,6254.0,130
2024-10-07,CMP-ORG-00,0.0,1312.0,49
2024-10-08,CMP-META-01,565.54,33838.0,765
2024-10-08,CMP-META-02,430.85,33728.0,1220
2024-10-08,CMP-GOOG-01,$821.74,40783.0,820
2024-10-08,CMP-GOOG-02,623.31,47121.0,906
08/10/2024,CMP-EML-01,77.44,3602.0,67
2024-10-08,CMP-AFF-01,$163.54,12683.0,372
2024-10-08,CMP-ORG-00,0.0,568.0,21
2024-10-09,CMP-META-01,721.17,37561.0,1161
2024-10-09,CMP-META-02,410.26,32204.0,1074
09/10/2024,CMP-GOOG-01,$599.89,38609.0,1053
09/10/2024,CMP-GOOG-02,691.37,51345.0,899
2024-10-09,CMP-EML-01,69.41,4455.0,172
2024-10-09,CMP-AFF-01,$86.29,4773.0,90
2024-10-09,CMP-ORG-00,0.0,1296.0,25
10/10/2024,CMP-META-01,$308.06,19605.0,369
2024-10-10,CMP-META-02,336.02,23818.0,805
2024-10-10,CMP-GOOG-01,333.16,24580.0,418
2024-10-10,CMP-EML-01,36.39,2006.0,40
2024-10-10,CMP-AFF-01,176.00 USD,8885.0,230
2024-10-10,CMP-ORG-00,0.0,1127.0,22
2024-10-11,CMP-META-01,  ,21293.0,537
2024-10-11,CMP-META-02,554.8,22722.0,391
11/10/2024,CMP-GOOG-01,790.68,51959.0,1256
2024-10-11,CMP-GOOG-02,  ,38389.0,795
2024-10-11,CMP-EML-01,68.08 USD,4290.0,141
2024-10-11,CMP-AFF-01,111.97 USD,8734.0,197
2024-10-11,CMP-ORG-00,0.0,1142.0,21
2024-10-12,CMP-META-01,$511.77,30816.0,921
12/10/2024,CMP-META-02,$405.34,23095.0,668
12/10/2024,CMP-GOOG-01,628.63 USD,38930.0,755
2024-10-12,CMP-GOOG-02,$724.98,39790.0,885
2024-10-12,CMP-EML-01,  ,4355.0,80
2024-10-12,CMP-AFF-01,$188.69,12285.0,431
2024-10-12,CMP-ORG-00,$0.00,1075.0,40
13/10/2024,CMP-META-01,$651.67,49243.0,1963
2024-10-13,CMP-META-02,547.90 USD,29197.0,1164
2024-10-13,CMP-GOOG-01,$331.65,,481
2024-10-13,CMP-GOOG-02,$651.11,26491.0,612
13/10/2024,CMP-EML-01,40.41,2695.0,73
2024-10-13,CMP-AFF-01,184.66,12146.0,479
13/10/2024,CMP-ORG-00,0.0,677.0,13
2024-10-14,CMP-META-01,480.34,37640.0,1463
2024-10-14,CMP-META-02,$427.64,24151.0,621
14/10/2024,CMP-GOOG-01,729.07 USD,38586.0,1229
2024-10-14,CMP-GOOG-02,$407.58,25333.0,876
2024-10-14,CMP-EML-01,74.30 USD,5027.0,198
2024-10-14,CMP-AFF-01,168.82,9752.0,345
2024-10-14,CMP-ORG-00,0.00 USD,1261.0,48
2024-10-15,CMP-META-01,381.88,25437.0,823
2024-10-15,CMP-META-02,$725.47,40152.0,827
2024-10-15,CMP-GOOG-01,750.49 USD,57830.0,1622
2024-10-15,CMP-GOOG-02,$430.60,25521.0,943
2024-10-15,CMP-EML-01,46.95,2120.0,60
2024-10-15,CMP-AFF-01,$133.99,8159.0,148
2024-10-15,CMP-ORG-00,0.0,611.0,13
2024-10-16,CMP-META-01,$593.28,38581.0,1487
2024-10-16,CMP-META-02,484.65,34943.0,656
2024-10-16,CMP-GOOG-01,$336.55,26654.0,933
2024-10-16,CMP-GOOG-02,$814.64,47606.0,894
2024-10-16,CMP-EML-01,61.91,3746.0,65
2024-10-16,CMP-AFF-01,$181.90,10813.0,327
2024-10-16,CMP-ORG-00,0.00 USD,1399.0,27
2024-10-17,CMP-META-01,$409.16,29705.0,1112
17/10/2024,CMP-META-02,666.1,27213.0,446
2024-10-17,CMP-GOOG-01,613.26 USD,25376.0,589
2024-10-17,CMP-EML-01,$42.56,3287.0,102
2024-10-17,CMP-AFF-01,215.10 USD,10715.0,297
2024-10-17,CMP-ORG-00,  ,1427.0,32
2024-10-18,CMP-META-01,385.94 USD,19011.0,501
2024-10-18,CMP-META-02,$501.68,28269.0,1030
2024-10-18,CMP-GOOG-01,599.42,30567.0,522
2024-10-18,CMP-GOOG-02,383.76,17089.0,452
2024-10-18,CMP-EML-01,$79.98,4783.0,166
2024-10-18,CMP-AFF-01,$190.19,8944.0,227
2024-10-18,CMP-ORG-00,0.00 USD,1439.0,42
2024-10-19,CMP-META-01,666.54,,1495
19/10/2024,CMP-META-02,  ,50517.0,1172
19/10/2024,CMP-GOOG-01,496.57,25490.0,383
2024-10-19,CMP-GOOG-02,697.38,33187.0,929
2024-10-19,CMP-EML-01,52.55 USD,3607.0,76
19/10/2024,CMP-AFF-01,104.99 USD,5369.0,102
2024-10-19,CMP-ORG-00,$0.00,839.0,21
2024-10-20,CMP-META-01,$539.64,31741.0,532
2024-10-20,CMP-META-02,740.73,47990.0,1322
2024-10-20,CMP-GOOG-01,$453.13,25373.0,810
2024-10-20,CMP-GOOG-02,$540.30,28415.0,871
20/10/2024,CMP-EML-01,$67.57,4941.0,79
2024-10-20,CMP-AFF-01,$179.16,7618.0,124
2024-10-20,CMP-ORG-00,$0.00,1192.0,42
2024-10-21,CMP-META-01,257.14,13705.0,275
21/10/2024,CMP-META-02,658.59 USD,32846.0,875
2024-10-21,CMP-GOOG-01,$495.57,21146.0,616
2024-10-21,CMP-GOOG-02,$768.94,32507.0,1267
2024-10-21,CMP-EML-01,$69.84,4922.0,105
2024-10-21,CMP-AFF-01,$112.96,6948.0,159
2024-10-21,CMP-ORG-00,0.0,540.0,17
2024-10-22,CMP-META-01,301.14,16081.0,599
2024-10-22,CMP-META-02,$653.59,32884.0,563
2024-10-22,CMP-GOOG-01,$434.60,25481.0,1000
2024-10-22,CMP-GOOG-02,$418.41,32427.0,1286
22/10/2024,CMP-EML-01,$60.52,4165.0,134
2024-10-22,CMP-AFF-01,219.68 USD,12161.0,372
2024-10-22,CMP-ORG-00,0.0,1306.0,48
23/10/2024,CMP-META-01,659.99 USD,27990.0,933
2024-10-23,CMP-META-02,367.98,16893.0,408
2024-10-23,CMP-GOOG-01,404.28 USD,22494.0,391
2024-10-23,CMP-GOOG-02,481.46 USD,35714.0,620
2024-10-23,CMP-EML-01,$56.05,2419.0,76
2024-10-23,CMP-AFF-01,174.76,12466.0,365
2024-10-23,CMP-ORG-00,0.00 USD,716.0,10
24/10/2024,CMP-META-01,$485.03,22550.0,710
2024-10-24,CMP-META-02,728.90 USD,42558.0,1208
2024-10-24,CMP-GOOG-01,$656.55,37580.0,579
2024-10-24,CMP-GOOG-02,$588.48,43165.0,1038
2024-10-24,CMP-EML-01,61.4,4341.0,163
24/10/2024,CMP-AFF-01,$198.57,10359.0,169
2024-10-24,CMP-ORG-00,$0.00,682.0,14
2024-10-25,CMP-META-01,723.19 USD,45912.0,1473
2024-10-25,CMP-META-02,$610.99,24538.0,539
2024-10-25,CMP-GOOG-01,815.57,,668
2024-10-25,CMP-GOOG-02,633.93 USD,28262.0,693
2024-10-25,CMP-EML-01,$41.03,2532.0,49
2024-10-25,CMP-AFF-01,187.94 USD,12101.0,301
2024-10-25,CMP-ORG-00,$0.00,1066.0,39
2024-10-26,CMP-META-01,  ,47584.0,1594
2024-10-26,CMP-META-02,$379.01,21107.0,510
2024-10-26,CMP-GOOG-01,$669.16,43242.0,958
2024-10-26,CMP-GOOG-02,$423.81,27622.0,1041
2024-10-26,CMP-EML-01,$60.07,3457.0,105
26/10/2024,CMP-AFF-01,149.73,10250.0,291
2024-10-26,CMP-ORG-00,0.00 USD,699.0,13
2024-10-27,CMP-META-01,  ,30101.0,772
2024-10-27,CMP-META-02,$261.97,10850.0,291
2024-10-27,CMP-GOOG-01,725.68,37710.0,1369
2024-10-27,CMP-GOOG-02,775.48 USD,45831.0,958
27/10/2024,CMP-EML-01,49.37,3279.0,84
2024-10-27,CMP-AFF-01,  ,6423.0,166
2024-10-27,CMP-ORG-00,$0.00,842.0,22
28/10/2024,CMP-META-01,$307.83,14022.0,549
2024-10-28,CMP-META-02,349.11,23394.0,889
2024-10-28,CMP-GOOG-01,408.9,16486.0,262
28/10/2024,CMP-GOOG-02,599.93 USD,29965.0,1046
2024-10-28,CMP-EML-01,54.4,2954.0,67
2024-10-28,CMP-AFF-01,152.55 USD,8011.0,128
28/10/2024,CMP-ORG-00,  ,737.0,28
2024-10-29,CMP-META-01,315.33,23931.0,800
2024-10-29,CMP-META-02,$499.25,25100.0,460
2024-10-29,CMP-GOOG-01,736.54,50171.0,1805
2024-10-29,CMP-GOOG-02,  ,25042.0,931
2024-10-29,CMP-EML-01,37.83,2623.0,86
2024-10-29,CMP-AFF-01,191.86 USD,10508.0,341
2024-10-29,CMP-ORG-00,$0.00,1436.0,55
2024-10-30,CMP-META-01,381.07,26375.0,907
30/10/2024,CMP-META-02,$352.31,25512.0,807
2024-10-30,CMP-GOOG-01,366.40 USD,16856.0,284
30/10/2024,CMP-GOOG-02,304.87 USD,24162.0,698
2024-10-30,CMP-EML-01,48.15,2563.0,97
2024-10-30,CMP-AFF-01,$168.33,11834.0,469
30/10/2024,CMP-ORG-00,0.00 USD,1305.0,50
2024-10-31,CMP-META-01,267.41,12258.0,273
2024-10-31,CMP-META-02,280.57 USD,13740.0,297
2024-10-31,CMP-GOOG-01,688.85,52557.0,2085
2024-10-31,CMP-GOOG-02,479.9,37401.0,1337
2024-10-31,CMP-EML-01,36.75,2479.0,59
2024-10-31,CMP-AFF-01,186.02,13533.0,505
2024-10-31,CMP-ORG-00,0.0,823.0,22
2024-11-01,CMP-META-01,523.27 USD,21332.0,746
01/11/2024,CMP-META-02,  ,26949.0,739
2024-11-01,CMP-GOOG-01,$718.60,36795.0,1369
2024-11-01,CMP-GOOG-02,$608.69,34477.0,1329
2024-11-01,CMP-AFF-01,$184.47,13714.0,249
2024-11-01,CMP-ORG-00,0.0,878.0,33
2024-11-02,CMP-META-02,436.78,29909.0,871
2024-11-02,CMP-GOOG-01,725.72,43810.0,1276
2024-11-02,CMP-GOOG-02,$651.46,27977.0,617
02/11/2024,CMP-EML-01,74.62 USD,4309.0,149
2024-11-02,CMP-AFF-01,$156.86,12386.0,376
03/11/2024,CMP-META-01,732.75 USD,43779.0,1072
2024-11-03,CMP-META-02,533.93,,688
2024-11-03,CMP-GOOG-01,653.28,37689.0,777
2024-11-03,CMP-GOOG-02,616.32,41638.0,790
2024-11-03,CMP-EML-01,78.80 USD,4611.0,110
03/11/2024,CMP-AFF-01,$82.82,3774.0,85
2024-11-03,CMP-ORG-00,0.0,1386.0,39
2024-11-04,CMP-META-01,$287.48,18965.0,470
2024-11-04,CMP-META-02,541.3,,584
2024-11-04,CMP-GOOG-01,711.51,35047.0,997
2024-11-04,CMP-EML-01,67.20 USD,3941.0,74
2024-11-04,CMP-AFF-01,154.94,8022.0,145
2024-11-04,CMP-ORG-00,$0.00,887.0,24
2024-11-05,CMP-META-01,716.79,38072.0,1116
2024-11-05,CMP-META-02,649.73 USD,44926.0,1332
2024-11-05,CMP-GOOG-01,$413.67,19865.0,744
2024-11-05,CMP-GOOG-02,  ,48425.0,1760
2024-11-05,CMP-EML-01,45.4,2648.0,64
05/11/2024,CMP-AFF-01,209.97,11845.0,377
2024-11-05,CMP-ORG-00,0.00 USD,623.0,22
2024-11-06,CMP-META-01,$299.79,16021.0,487
2024-11-06,CMP-META-02,471.04 USD,20733.0,671
06/11/2024,CMP-GOOG-02,$632.15,41102.0,708
2024-11-06,CMP-EML-01,$65.42,3673.0,71
2024-11-06,CMP-AFF-01,147.15,11022.0,266
2024-11-07,CMP-META-01,362.01,26511.0,1050
2024-11-07,CMP-META-02,726.17,41707.0,844
2024-11-07,CMP-GOOG-01,660.39,35164.0,1042
2024-11-07,CMP-GOOG-02,717.94,32589.0,763
2024-11-07,CMP-EML-01,$62.87,4762.0,117
2024-11-07,CMP-AFF-01,  ,10923.0,317
2024-11-07,CMP-ORG-00,$0.00,673.0,23
2024-11-08,CMP-META-02,$423.27,31087.0,1075
2024-11-08,CMP-GOOG-01,339.31 USD,22848.0,617
2024-11-08,CMP-GOOG-02,315.24 USD,,440
2024-11-08,CMP-EML-01,41.27,3093.0,85
2024-11-08,CMP-AFF-01,167.96,7765.0,306
2024-11-08,CMP-ORG-00,0.00 USD,1474.0,24
09/11/2024,CMP-META-01,589.38 USD,43902.0,1031
2024-11-09,CMP-META-02,308.69,16709.0,567
2024-11-09,CMP-GOOG-01,589.29,32377.0,812
2024-11-09,CMP-GOOG-02,457.36,33683.0,705
2024-11-09,CMP-EML-01,$35.05,2730.0,68
2024-11-09,CMP-ORG-00,0.0,1335.0,38
2024-11-10,CMP-META-01,649.55,36164.0,843
2024-11-10,CMP-META-02,449.56,22546.0,482
2024-11-10,CMP-GOOG-01,577.23 USD,27961.0,1025
2024-11-10,CMP-GOOG-02,562.5,27772.0,506
2024-11-10,CMP-EML-01,$49.78,3168.0,78
2024-11-10,CMP-AFF-01,$193.57,13146.0,291
2024-11-10,CMP-ORG-00,0.0,767.0,13
2024-11-11,CMP-META-01,715.61,34909.0,1071
2024-11-11,CMP-META-02,  ,39379.0,1430
11/11/2024,CMP-GOOG-01,752.17 USD,49743.0,1708
2024-11-11,CMP-GOOG-02,$339.97,17155.0,481
2024-11-11,CMP-AFF-01,$182.39,11554.0,181
2024-11-11,CMP-ORG-00,$0.00,683.0,23
2024-11-12,CMP-META-01,456.54,25557.0,939
2024-11-12,CMP-META-02,436.71,18988.0,563
2024-11-12,CMP-GOOG-01,$399.87,19292.0,530
12/11/2024,CMP-GOOG-02,$787.44,50717.0,984
2024-11-12,CMP-EML-01,$53.35,3449.0,123
2024-11-12,CMP-AFF-01,201.76 USD,12003.0,402
12/11/2024,CMP-ORG-00,0.0,1308.0,36
2024-11-13,CMP-META-01,$611.06,37489.0,906
13/11/2024,CMP-META-02,  ,30957.0,1226
2024-11-13,CMP-GOOG-01,525.52,34553.0,1169
2024-11-13,CMP-GOOG-02,$847.81,49097.0,1814
2024-11-13,CMP-EML-01,$57.89,3169.0,96
2024-11-13,CMP-AFF-01,139.57,6281.0,192
2024-11-13,CMP-ORG-00,  ,907.0,29
14/11/2024,CMP-META-01,$588.33,44909.0,1326
2024-11-14,CMP-META-02,528.93,30337.0,847
2024-11-14,CMP-GOOG-01,$524.59,,439
2024-11-14,CMP-GOOG-02,590.02,45692.0,1104
2024-11-14,CMP-EML-01,$69.41,3495.0,70
2024-11-14,CMP-AFF-01,83.89,4211.0,94
2024-11-14,CMP-ORG-00,0.0,627.0,24
2024-11-15,CMP-META-01,700.96 USD,46851.0,1107
2024-11-15,CMP-META-02,594.49,45450.0,1529
2024-11-15,CMP-GOOG-01,528.01,24478.0,660
2024-11-15,CMP-GOOG-02,$845.02,60032.0,1909
2024-11-15,CMP-EML-01,43.99,2428.0,79
2024-11-15,CMP-AFF-01,  ,11547.0,410
2024-11-15,CMP-ORG-00,$0.00,1490.0,56
2024-11-16,CMP-META-01,725.24,49611.0,1953
2024-11-16,CMP-META-02,$267.23,10911.0,170
2024-11-16,CMP-GOOG-01,$437.43,31623.0,976
2024-11-16,CMP-GOOG-02,$657.67,31562.0,1198
2024-11-16,CMP-EML-01,38.49,2393.0,92
2024-11-16,CMP-AFF-01,167.16,8880.0,166
2024-11-16,CMP-ORG-00,0.0,1191.0,34
2024-11-17,CMP-META-01,$709.26,39017.0,980
17/11/2024,CMP-META-02,$570.32,36206.0,1169
2024-11-17,CMP-GOOG-01,  ,16145.0,330
2024-11-17,CMP-GOOG-02,$804.28,43302.0,1568
2024-11-17,CMP-EML-01,74.42,4657.0,130
2024-11-17,CMP-AFF-01,196.91 USD,13360.0,352
2024-11-17,CMP-ORG-00,0.0,973.0,31
2024-11-18,CMP-META-01,743.91,41979.0,1122
2024-11-18,CMP-META-02,$613.36,39684.0,721
18/11/2024,CMP-GOOG-01,$628.39,43612.0,974
18/11/2024,CMP-GOOG-02,$659.46,44148.0,1103
2024-11-18,CMP-EML-01,42.46,2950.0,72
2024-11-18,CMP-AFF-01,$115.86,7567.0,191
2024-11-18,CMP-ORG-00,$0.00,1210.0,37
2024-11-19,CMP-META-01,282.49 USD,13734.0,335
19/11/2024,CMP-META-02,$265.31,17905.0,538
2024-11-19,CMP-GOOG-01,698.27 USD,47437.0,1225
2024-11-19,CMP-GOOG-02,355.81,23236.0,576
2024-11-19,CMP-EML-01,$42.86,2977.0,57
2024-11-19,CMP-AFF-01,218.3,17195.0,364
2024-11-19,CMP-ORG-00,0.0,825.0,16
2024-11-20,CMP-META-01,$589.40,45083.0,1620
2024-11-20,CMP-META-02,613.84,30373.0,754
2024-11-20,CMP-GOOG-01,374.0,24736.0,733
2024-11-20,CMP-GOOG-02,729.13,35550.0,767
2024-11-20,CMP-EML-01,34.42,2204.0,52
2024-11-20,CMP-AFF-01,84.31 USD,3787.0,69
2024-11-20,CMP-ORG-00,0.0,1439.0,25
2024-11-21,CMP-META-01,$517.03,,896
2024-11-21,CMP-META-02,374.23 USD,27133.0,1021
2024-11-21,CMP-GOOG-01,$381.48,19879.0,673
21/11/2024,CMP-GOOG-02,713.79,49373.0,815
2024-11-21,CMP-EML-01,  ,5257.0,166
2024-11-21,CMP-AFF-01,141.20 USD,8984.0,224
2024-11-21,CMP-ORG-00,$0.00,1093.0,38
2024-11-22,CMP-META-01,269.98,10953.0,328
2024-11-22,CMP-META-02,$421.24,27806.0,425
2024-11-22,CMP-GOOG-01,$406.25,20696.0,548
2024-11-22,CMP-GOOG-02,567.13,23689.0,888
2024-11-22,CMP-EML-01,$70.53,5347.0,93
22/11/2024,CMP-AFF-01,189.1,11612.0,305
2024-11-22,CMP-ORG-00,$0.00,666.0,10
2024-11-23,CMP-META-01,  ,17372.0,523
2024-11-23,CMP-META-02,422.73,20953.0,363
2024-11-23,CMP-GOOG-01,807.24 USD,40512.0,1495
23/11/2024,CMP-GOOG-02,805.59 USD,60393.0,1795
23/11/2024,CMP-EML-01,72.73,4360.0,83
2024-11-23,CMP-AFF-01,119.54,,103
2024-11-23,CMP-ORG-00,0.0,1291.0,42
2024-11-24,CMP-META-01,$630.37,45469.0,1690
2024-11-24,CMP-META-02,$259.54,10787.0,335
2024-11-24,CMP-GOOG-01,765.72,43748.0,1390
2024-11-24,CMP-GOOG-02,735.62 USD,54841.0,1755
24/11/2024,CMP-EML-01,38.39,2187.0,33
2024-11-24,CMP-AFF-01,122.54 USD,9506.0,196
2024-11-24,CMP-ORG-00,$0.00,1004.0,19
25/11/2024,CMP-META-01,  ,25994.0,687
2024-11-25,CMP-META-02,554.79,29338.0,805
2024-11-25,CMP-GOOG-01,591.56 USD,38535.0,1377
2024-11-25,CMP-GOOG-02,723.33,43165.0,1602
2024-11-25,CMP-EML-01,55.19,3179.0,99
2024-11-25,CMP-AFF-01,$132.85,8740.0,231
2024-11-25,CMP-ORG-00,0.00 USD,677.0,21
2024-11-26,CMP-META-01,707.86,49378.0,1002
2024-11-26,CMP-META-02,$280.68,20181.0,405
2024-11-26,CMP-GOOG-01,436.34,33512.0,1289
2024-11-26,CMP-GOOG-02,794.28,48445.0,750
2024-11-26,CMP-EML-01,  ,5030.0,85
2024-11-26,CMP-AFF-01,201.91,13152.0,306
2024-11-26,CMP-ORG-00,0.0,1039.0,19
2024-11-27,CMP-META-01,437.95 USD,30966.0,595
2024-11-27,CMP-META-02,681.70 USD,34317.0,820
2024-11-27,CMP-GOOG-01,440.94 USD,17985.0,515
2024-11-27,CMP-GOOG-02,$739.92,45827.0,1027
2024-11-27,CMP-EML-01,51.81,3752.0,84
2024-11-27,CMP-AFF-01,146.08 USD,9599.0,285
2024-11-27,CMP-ORG-00,$0.00,1368.0,29
2024-11-28,CMP-META-01,703.46 USD,51477.0,1256
2024-11-28,CMP-META-02,348.81,27490.0,678
2024-11-28,CMP-GOOG-01,310.3,22380.0,586
2024-11-28,CMP-GOOG-02,$482.33,38276.0,1327
2024-11-28,CMP-EML-01,$39.36,1975.0,75
2024-11-28,CMP-AFF-01,167.13 USD,11217.0,172
2024-11-28,CMP-ORG-00,$0.00,503.0,10
2024-11-29,CMP-META-01,257.63,12969.0,205
2024-11-29,CMP-META-02,564.68,25951.0,780
2024-11-29,CMP-GOOG-01,457.65,22352.0,483
29/11/2024,CMP-GOOG-02,  ,20041.0,567
2024-11-29,CMP-EML-01,38.01,1543.0,35
2024-11-29,CMP-AFF-01,  ,7373.0,159
2024-11-29,CMP-ORG-00,0.0,606.0,13
2024-11-30,CMP-META-01,590.60 USD,37675.0,1384
30/11/2024,CMP-META-02,$490.89,20015.0,360
2024-11-30,CMP-GOOG-01,$312.76,19693.0,641
30/11/2024,CMP-GOOG-02,$641.73,35976.0,585
30/11/2024,CMP-EML-01,$37.16,2381.0,58
2024-11-30,CMP-AFF-01,$204.96,12848.0,484
2024-11-30,CMP-ORG-00,0.0,591.0,12
2024-12-01,CMP-META-01,519.11 USD,28761.0,1088
01/12/2024,CMP-META-02,689.75 USD,40401.0,1055
2024-12-01,CMP-GOOG-01,697.65,29666.0,563
2024-12-01,CMP-GOOG-02,$585.82,28155.0,998
2024-12-01,CMP-EML-01,77.69,4526.0,107
2024-12-01,CMP-AFF-01,168.42 USD,12207.0,411
01/12/2024,CMP-ORG-00,0.00 USD,1149.0,33
2024-12-02,CMP-META-01,$655.11,39754.0,1504
2024-12-02,CMP-META-02,716.76 USD,32598.0,1250
2024-12-02,CMP-GOOG-01,482.08,23431.0,443
2024-12-02,CMP-GOOG-02,688.51,44371.0,1584
02/12/2024,CMP-EML-01,$50.30,3328.0,107
2024-12-02,CMP-AFF-01,99.16,6513.0,171
2024-12-02,CMP-ORG-00,$0.00,1196.0,26
2024-12-03,CMP-META-01,$527.88,24406.0,586
2024-12-03,CMP-META-02,695.5,31375.0,1036
2024-12-03,CMP-GOOG-01,427.71 USD,32543.0,969
2024-12-03,CMP-GOOG-02,447.48,26759.0,410
03/12/2024,CMP-EML-01,72.84 USD,4036.0,82
03/12/2024,CMP-AFF-01,177.28,8252.0,129
2024-12-03,CMP-ORG-00,$0.00,1356.0,32
04/12/2024,CMP-META-01,741.32,42756.0,1060
2024-12-04,CMP-META-02,$717.48,51631.0,895
2024-12-04,CMP-GOOG-01,$841.21,38148.0,611
04/12/2024,CMP-GOOG-02,751.72 USD,48906.0,1162
2024-12-04,CMP-EML-01,65.97,2892.0,94
04/12/2024,CMP-AFF-01,203.72,12789.0,462
2024-12-04,CMP-ORG-00,$0.00,675.0,19
05/12/2024,CMP-META-01,568.29,44290.0,1237
2024-12-05,CMP-META-02,453.46 USD,27811.0,935
2024-12-05,CMP-GOOG-01,542.3,34509.0,581
2024-12-05,CMP-GOOG-02,849.70 USD,36950.0,911
2024-12-05,CMP-EML-01,47.83,3090.0,56
2024-12-05,CMP-AFF-01,$213.62,16054.0,304
2024-12-05,CMP-ORG-00,$0.00,654.0,10
06/12/2024,CMP-META-01,$426.91,19835.0,348
2024-12-06,CMP-META-02,$731.01,42336.0,918
2024-12-06,CMP-GOOG-01,$687.66,47749.0,1845
2024-12-06,CMP-GOOG-02,486.57,33590.0,677
2024-12-06,CMP-EML-01,56.21,3183.0,86
06/12/2024,CMP-AFF-01,  ,6581.0,170
2024-12-06,CMP-ORG-00,  ,1423.0,34
07/12/2024,CMP-META-01,$637.12,44013.0,970
2024-12-07,CMP-META-02,690.73 USD,43215.0,1655
2024-12-07,CMP-GOOG-01,$337.11,21670.0,344
2024-12-07,CMP-GOOG-02,751.2,53994.0,2076
2024-12-07,CMP-EML-01,$34.54,1672.0,52
2024-12-07,CMP-AFF-01,168.41,10394.0,368
2024-12-07,CMP-ORG-00,0.0,1168.0,26
2024-12-08,CMP-META-01,519.66,23464.0,459
2024-12-08,CMP-META-02,281.32,17872.0,618
2024-12-08,CMP-GOOG-01,313.46,18190.0,377
2024-12-08,CMP-GOOG-02,757.18,38358.0,1125
2024-12-08,CMP-EML-01,74.90 USD,4447.0,141
2024-12-08,CMP-AFF-01,170.82,9992.0,172
2024-12-08,CMP-ORG-00,$0.00,682.0,12
2024-12-09,CMP-META-01,  ,27039.0,595
2024-12-09,CMP-META-02,581.61,32859.0,832
2024-12-09,CMP-GOOG-01,300.62 USD,22762.0,577
2024-12-09,CMP-GOOG-02,  ,33999.0,995
09/12/2024,CMP-EML-01,69.77,4304.0,153
2024-12-09,CMP-AFF-01,139.73,10875.0,184
2024-12-09,CMP-ORG-00,0.0,1256.0,47
2024-12-10,CMP-META-01,$433.92,32064.0,1028
2024-12-10,CMP-META-02,$629.68,39476.0,798
2024-12-10,CMP-GOOG-01,  ,33350.0,840
2024-12-10,CMP-GOOG-02,371.54,27629.0,901
2024-12-10,CMP-EML-01,49.14,2011.0,78
2024-12-10,CMP-AFF-01,$205.36,15636.0,270
2024-12-10,CMP-ORG-00,$0.00,1494.0,47
2024-12-11,CMP-META-01,593.84,34992.0,772
2024-12-11,CMP-META-02,  ,40488.0,1419
2024-12-11,CMP-GOOG-01,466.24,32873.0,500
2024-12-11,CMP-GOOG-02,$826.11,37044.0,1219
11/12/2024,CMP-EML-01,50.24 USD,2426.0,39
2024-12-11,CMP-AFF-01,146.57,9233.0,318
2024-12-11,CMP-ORG-00,$0.00,631.0,25
2024-12-12,CMP-META-01,  ,29084.0,1084
2024-12-12,CMP-META-02,358.99,26992.0,811
2024-12-12,CMP-GOOG-01,$319.40,16103.0,519
2024-12-12,CMP-GOOG-02,348.48,24864.0,533
2024-12-12,CMP-EML-01,45.34 USD,3279.0,65
2024-12-12,CMP-AFF-01,$83.06,6526.0,110
2024-12-12,CMP-ORG-00,$0.00,639.0,10
2024-12-13,CMP-META-01,  ,42014.0,1318
2024-12-13,CMP-META-02,444.85,18721.0,453
13/12/2024,CMP-GOOG-01,568.93,36371.0,1390
2024-12-13,CMP-GOOG-02,608.0,45872.0,784
13/12/2024,CMP-EML-01,70.92,3753.0,122
2024-12-13,CMP-AFF-01,120.12 USD,9010.0,340
13/12/2024,CMP-ORG-00,$0.00,1220.0,45
2024-12-14,CMP-META-01,414.79 USD,29330.0,534
2024-12-14,CMP-META-02,$745.92,55004.0,2095
2024-12-14,CMP-GOOG-01,422.46,32387.0,1219
2024-12-14,CMP-GOOG-02,$500.53,20598.0,443
2024-12-14,CMP-EML-01,$64.00,2900.0,110
2024-12-14,CMP-AFF-01,$175.89,8070.0,183
14/12/2024,CMP-ORG-00,$0.00,1358.0,44
2024-12-15,CMP-META-02,561.6,25940.0,990
2024-12-15,CMP-GOOG-01,572.54 USD,37943.0,580
2024-12-15,CMP-GOOG-02,$847.40,,1971
2024-12-15,CMP-EML-01,$78.30,6053.0,134
2024-12-15,CMP-AFF-01,205.28,12870.0,256
2024-12-15,CMP-ORG-00,$0.00,649.0,14
2024-12-16,CMP-META-01,628.06,36392.0,811
2024-12-16,CMP-META-02,  ,39680.0,1276
2024-12-16,CMP-GOOG-01,  ,39622.0,1512
16/12/2024,CMP-GOOG-02,589.86 USD,32815.0,809
2024-12-16,CMP-EML-01,$79.37,5188.0,117
2024-12-16,CMP-AFF-01,175.28,9364.0,184
16/12/2024,CMP-ORG-00,0.0,741.0,28
17/12/2024,CMP-META-01,333.19 USD,14603.0,352
2024-12-17,CMP-META-02,671.02,40242.0,1061
2024-12-17,CMP-GOOG-01,502.09,39928.0,826
2024-12-17,CMP-GOOG-02,396.41,20272.0,471
17/12/2024,CMP-EML-01,$65.02,4186.0,103
2024-12-17,CMP-AFF-01,$174.78,8465.0,159
2024-12-17,CMP-ORG-00,$0.00,1281.0,40
2024-12-18,CMP-META-01,579.65 USD,35886.0,540
2024-12-18,CMP-META-02,682.52 USD,53965.0,1483
2024-12-18,CMP-GOOG-01,$383.65,21026.0,409
18/12/2024,CMP-GOOG-02,$410.16,22781.0,687
2024-12-18,CMP-EML-01,37.53,2263.0,78
18/12/2024,CMP-AFF-01,200.39,14022.0,310
2024-12-18,CMP-ORG-00,$0.00,612.0,22
2024-12-19,CMP-META-01,265.56,17544.0,545
2024-12-19,CMP-META-02,$292.11,20458.0,402
2024-12-19,CMP-GOOG-01,$332.44,19931.0,558
2024-12-19,CMP-EML-01,78.24,4575.0,139
19/12/2024,CMP-AFF-01,216.21,12927.0,459
2024-12-19,CMP-ORG-00,0.0,800.0,28
2024-12-20,CMP-META-01,468.32,33641.0,628
2024-12-20,CMP-META-02,447.12 USD,30860.0,777
2024-12-20,CMP-GOOG-01,731.77,36484.0,680
2024-12-20,CMP-GOOG-02,644.63,36217.0,657
2024-12-20,CMP-EML-01,$50.76,3705.0,73
2024-12-20,CMP-AFF-01,113.22 USD,7144.0,207
2024-12-20,CMP-ORG-00,0.0,1198.0,31
2024-12-21,CMP-META-01,$290.06,12477.0,308
2024-12-21,CMP-META-02,  ,33450.0,1036
2024-12-21,CMP-GOOG-01,374.86,17564.0,401
2024-12-21,CMP-GOOG-02,394.86,30954.0,1087
2024-12-21,CMP-EML-01,73.96,5044.0,98
21/12/2024,CMP-AFF-01,83.53,5440.0,214
2024-12-22,CMP-META-01,$675.21,37727.0,703
2024-12-22,CMP-META-02,$489.35,27124.0,660
2024-12-22,CMP-GOOG-01,$767.51,60250.0,1720
2024-12-22,CMP-GOOG-02,608.07,47480.0,858
22/12/2024,CMP-EML-01,$45.92,2152.0,44
2024-12-22,CMP-AFF-01,$169.79,9522.0,232
22/12/2024,CMP-ORG-00,$0.00,,36
23/12/2024,CMP-META-01,649.30 USD,45268.0,1746
23/12/2024,CMP-META-02,$610.55,34790.0,1355
2024-12-23,CMP-GOOG-01,$644.14,50477.0,1524
2024-12-23,CMP-GOOG-02,343.96,23060.0,763
2024-12-23,CMP-EML-01,$49.08,2456.0,94
2024-12-23,CMP-AFF-01,$107.64,4604.0,169
23/12/2024,CMP-ORG-00,0.00 USD,1235.0,45
2024-12-24,CMP-META-01,551.93,28913.0,867
2024-12-24,CMP-META-02,730.97,44619.0,1574
2024-12-24,CMP-GOOG-01,  ,27301.0,529
2024-12-24,CMP-GOOG-02,$309.54,17894.0,430
2024-12-24,CMP-AFF-01,  ,7668.0,260
2024-12-24,CMP-ORG-00,0.00 USD,1240.0,21
2024-12-25,CMP-META-01,604.73,36102.0,1193
2024-12-25,CMP-META-02,690.66,30514.0,1022
2024-12-25,CMP-GOOG-01,$599.67,37720.0,1161
2024-12-25,CMP-GOOG-02,$349.45,14823.0,543
2024-12-25,CMP-EML-01,$41.30,2297.0,59
2024-12-25,CMP-AFF-01,158.72,10378.0,378
2024-12-25,CMP-ORG-00,0.00 USD,1014.0,23
2024-12-26,CMP-META-01,$398.39,18046.0,510
2024-12-26,CMP-META-02,289.43 USD,22320.0,684
2024-12-26,CMP-GOOG-01,738.24 USD,49114.0,1869
2024-12-26,CMP-GOOG-02,423.88 USD,24123.0,894
2024-12-26,CMP-EML-01,43.04 USD,3176.0,110
2024-12-26,CMP-AFF-01,$171.01,,235
2024-12-26,CMP-ORG-00,0.0,1384.0,27
2024-12-27,CMP-META-01,450.36 USD,32957.0,1031
2024-12-27,CMP-META-02,491.49,30339.0,803
2024-12-27,CMP-GOOG-01,$845.82,59321.0,2362
2024-12-27,CMP-GOOG-02,$523.19,30342.0,895
2024-12-27,CMP-EML-01,54.43,3721.0,119
27/12/2024,CMP-AFF-01,97.19,6127.0,118
2024-12-27,CMP-ORG-00,0.0,1096.0,39
2024-12-28,CMP-META-01,$510.94,34600.0,1175
28/12/2024,CMP-META-02,$406.18,24585.0,386
28/12/2024,CMP-GOOG-01,777.09 USD,50457.0,1584
2024-12-28,CMP-GOOG-02,482.15 USD,33025.0,812
28/12/2024,CMP-EML-01,$61.44,3567.0,86
2024-12-28,CMP-AFF-01,99.71,6895.0,220
2024-12-28,CMP-ORG-00,$0.00,1313.0,35
2024-12-29,CMP-META-01,$284.48,12905.0,514
2024-12-29,CMP-META-02,$265.97,20192.0,593
29/12/2024,CMP-GOOG-01,841.78,51080.0,1136
2024-12-29,CMP-GOOG-02,$580.17,24441.0,656
2024-12-29,CMP-EML-01,48.78,3306.0,106
29/12/2024,CMP-AFF-01,$112.06,5544.0,102
2024-12-29,CMP-ORG-00,0.00 USD,1077.0,19
30/12/2024,CMP-META-01,262.83,16556.0,297
2024-12-30,CMP-META-02,$546.22,31259.0,813
2024-12-30,CMP-GOOG-01,$327.29,18163.0,658
2024-12-30,CMP-EML-01,$45.91,3315.0,79
2024-12-30,CMP-AFF-01,215.59,13242.0,519
2024-12-30,CMP-ORG-00,0.00 USD,719.0,15
2024-12-31,CMP-META-01,682.51 USD,40311.0,1100
31/12/2024,CMP-META-02,514.55 USD,27079.0,623
2024-12-31,CMP-GOOG-02,634.75 USD,26875.0,860
2024-12-31,CMP-AFF-01,$191.15,,429
2024-12-31,CMP-ORG-00,  ,547.0,9
2025-01-01,CMP-META-02,346.18,17355.0,655
2025-01-01,CMP-GOOG-01,575.30 USD,32061.0,682
01/01/2025,CMP-GOOG-02,$442.18,34566.0,818
2025-01-01,CMP-EML-01,58.54,,109
2025-01-01,CMP-AFF-01,$151.28,8233.0,139
2025-01-01,CMP-ORG-00,0.0,756.0,11
2025-01-02,CMP-META-01,306.93,18424.0,284
2025-01-02,CMP-META-02,343.69,14710.0,408
2025-01-02,CMP-GOOG-01,431.86,21706.0,539
2025-01-02,CMP-GOOG-02,310.47,19709.0,663
2025-01-02,CMP-EML-01,74.36 USD,5865.0,96
2025-01-02,CMP-AFF-01,$209.19,8915.0,346
2025-01-02,CMP-ORG-00,0.00 USD,595.0,15
2025-01-03,CMP-META-01,$278.87,12120.0,396
03/01/2025,CMP-META-02,371.74,27339.0,935
2025-01-03,CMP-GOOG-01,819.41,61964.0,1962
2025-01-03,CMP-GOOG-02,609.89 USD,40445.0,1340
2025-01-03,CMP-EML-01,44.53 USD,1856.0,40
2025-01-03,CMP-AFF-01,$123.86,7270.0,269
2025-01-03,CMP-ORG-00,$0.00,967.0,29
04/01/2025,CMP-META-01,588.27 USD,36416.0,721
2025-01-04,CMP-META-02,$266.43,18095.0,304
2025-01-04,CMP-GOOG-01,$687.43,30728.0,1072
2025-01-04,CMP-GOOG-02,359.66,26558.0,411
2025-01-04,CMP-EML-01,$33.19,1488.0,54
2025-01-04,CMP-AFF-01,$86.11,3864.0,59
2025-01-04,CMP-ORG-00,0.0,1211.0,25
2025-01-05,CMP-META-01,257.75,15497.0,540
2025-01-05,CMP-META-02,$389.39,19417.0,316
2025-01-05,CMP-GOOG-01,807.57 USD,59279.0,1851
2025-01-05,CMP-GOOG-02,$831.75,53783.0,1993
2025-01-05,CMP-EML-01,$44.74,2329.0,36
2025-01-05,CMP-AFF-01,173.67,12206.0,296
2025-01-05,CMP-ORG-00,0.0,560.0,10
2025-01-06,CMP-META-01,614.57,42537.0,883
2025-01-06,CMP-META-02,$742.24,54538.0,2062
2025-01-06,CMP-GOOG-01,694.89,51120.0,1807
2025-01-06,CMP-GOOG-02,$668.47,35766.0,804
06/01/2025,CMP-EML-01,$47.50,2645.0,87
06/01/2025,CMP-AFF-01,139.68,8159.0,206
06/01/2025,CMP-ORG-00,0.0,700.0,25
2025-01-07,CMP-META-01,264.12,14110.0,253
2025-01-07,CMP-META-02,639.05,31528.0,675
2025-01-07,CMP-GOOG-01,535.8,30394.0,833
2025-01-07,CMP-GOOG-02,617.40 USD,27891.0,419
2025-01-07,CMP-EML-01,53.45,3392.0,111
2025-01-07,CMP-AFF-01,$84.91,5591.0,153
2025-01-07,CMP-ORG-00,$0.00,1386.0,40
2025-01-08,CMP-META-01,601.16 USD,33392.0,1296
2025-01-08,CMP-META-02,$302.84,22821.0,471
2025-01-08,CMP-GOOG-02,$338.81,20870.0,690
08/01/2025,CMP-EML-01,  ,2508.0,70
08/01/2025,CMP-AFF-01,174.23,9669.0,271
2025-01-08,CMP-ORG-00,0.0,1210.0,36
2025-01-09,CMP-META-01,$300.59,18679.0,452
2025-01-09,CMP-META-02,  ,27138.0,634
2025-01-09,CMP-GOOG-01,$396.35,16568.0,494
09/01/2025,CMP-GOOG-02,$835.73,63358.0,1306
2025-01-09,CMP-EML-01,61.95,3038.0,103
2025-01-09,CMP-AFF-01,132.56,6635.0,112
2025-01-09,CMP-ORG-00,0.0,1358.0,26
2025-01-10,CMP-META-01,602.81 USD,28469.0,470
10/01/2025,CMP-META-02,489.18 USD,32928.0,952
2025-01-10,CMP-GOOG-01,325.74,22502.0,430
2025-01-10,CMP-GOOG-02,$826.02,40456.0,1222
2025-01-10,CMP-EML-01,76.35,3819.0,86
2025-01-10,CMP-AFF-01,135.34 USD,7441.0,281
2025-01-10,CMP-ORG-00,0.0,1280.0,34
2025-01-11,CMP-META-01,718.93,45941.0,843
2025-01-11,CMP-META-02,524.85,33828.0,638
2025-01-11,CMP-GOOG-01,582.47 USD,27030.0,1062
2025-01-11,CMP-GOOG-02,715.58 USD,56124.0,1676
2025-01-11,CMP-EML-01,54.65,3389.0,100
2025-01-11,CMP-AFF-01,$100.21,7221.0,141
11/01/2025,CMP-ORG-00,$0.00,1131.0,24
2025-01-12,CMP-META-02,$645.19,32625.0,1035
12/01/2025,CMP-GOOG-01,584.7,25340.0,457
2025-01-12,CMP-GOOG-02,$796.90,42993.0,1589
2025-01-12,CMP-EML-01,53.64 USD,3154.0,87
2025-01-12,CMP-AFF-01,$146.78,9297.0,288
2025-01-12,CMP-ORG-00,$0.00,1246.0,38
2025-01-13,CMP-META-01,$541.13,38581.0,1208
2025-01-13,CMP-META-02,638.85,34354.0,1029
2025-01-13,CMP-GOOG-01,821.8,51919.0,1353
2025-01-13,CMP-GOOG-02,$524.78,28036.0,442
2025-01-13,CMP-EML-01,48.73 USD,2320.0,87
2025-01-13,CMP-AFF-01,  ,13948.0,217
2025-01-13,CMP-ORG-00,0.0,859.0,26
2025-01-14,CMP-META-01,433.7,30981.0,890
2025-01-14,CMP-META-02,434.03 USD,33154.0,996
2025-01-14,CMP-GOOG-01,$665.44,27085.0,1063
2025-01-14,CMP-GOOG-02,806.95,43197.0,927
2025-01-14,CMP-EML-01,$71.85,3694.0,143
2025-01-14,CMP-AFF-01,202.77,15771.0,562
2025-01-14,CMP-ORG-00,0.0,635.0,11
2025-01-15,CMP-META-01,$542.34,27579.0,910
2025-01-15,CMP-META-02,286.02,13499.0,433
2025-01-15,CMP-GOOG-01,699.34 USD,45181.0,683
2025-01-15,CMP-GOOG-02,810.6,41380.0,639
2025-01-15,CMP-EML-01,73.76 USD,4842.0,82
2025-01-15,CMP-AFF-01,107.08 USD,7863.0,305
2025-01-15,CMP-ORG-00,  ,804.0,20
2025-01-16,CMP-META-01,375.91,25770.0,984
2025-01-16,CMP-META-02,$291.79,21159.0,542
2025-01-16,CMP-GOOG-01,323.87,16435.0,598
2025-01-16,CMP-GOOG-02,588.86 USD,24446.0,460
2025-01-16,CMP-EML-01,58.26,3940.0,123
2025-01-16,CMP-AFF-01,$151.13,10802.0,421
2025-01-16,CMP-ORG-00,$0.00,1049.0,22
2025-01-17,CMP-META-01,$603.86,34767.0,1230
17/01/2025,CMP-META-02,321.59,13545.0,465
2025-01-17,CMP-GOOG-01,587.09,41400.0,669
2025-01-17,CMP-GOOG-02,$555.87,24795.0,904
2025-01-17,CMP-EML-01,74.14 USD,5742.0,136
2025-01-17,CMP-AFF-01,$134.92,10436.0,218
2025-01-17,CMP-ORG-00,0.00 USD,801.0,22
2025-01-18,CMP-META-01,$496.53,23383.0,889
2025-01-18,CMP-META-02,426.25 USD,33185.0,1172
2025-01-18,CMP-GOOG-01,637.99,37255.0,1483
2025-01-18,CMP-GOOG-02,546.08,31046.0,1120
2025-01-18,CMP-EML-01,78.87,5091.0,84
2025-01-18,CMP-AFF-01,214.77,10781.0,211
2025-01-18,CMP-ORG-00,0.0,530.0,19
2025-01-19,CMP-META-01,254.54,15361.0,346
2025-01-19,CMP-META-02,483.24,26062.0,719
2025-01-19,CMP-GOOG-01,577.03,45997.0,1550
2025-01-19,CMP-GOOG-02,338.32,15609.0,503
2025-01-19,CMP-AFF-01,186.11,10347.0,239
2025-01-19,CMP-ORG-00,$0.00,681.0,26
2025-01-20,CMP-META-01,  ,30037.0,1100
2025-01-20,CMP-META-02,262.25 USD,20399.0,757
2025-01-20,CMP-GOOG-01,$744.03,49311.0,822
2025-01-20,CMP-EML-01,56.46,3747.0,93
20/01/2025,CMP-AFF-01,218.15 USD,15402.0,355
2025-01-20,CMP-ORG-00,0.0,705.0,20
21/01/2025,CMP-META-01,729.18,46202.0,1309
2025-01-21,CMP-META-02,$266.45,15862.0,302
2025-01-21,CMP-GOOG-01,$759.47,48253.0,825
21/01/2025,CMP-GOOG-02,635.14,47427.0,858
2025-01-21,CMP-EML-01,  ,5468.0,215
2025-01-21,CMP-AFF-01,$186.51,14226.0,282
2025-01-21,CMP-ORG-00,0.00 USD,1172.0,30
2025-01-22,CMP-META-01,$256.96,16244.0,274
22/01/2025,CMP-META-02,$349.63,14784.0,557
2025-01-22,CMP-GOOG-02,  ,41156.0,1286
22/01/2025,CMP-EML-01,30.86,1855.0,67
2025-01-22,CMP-AFF-01,175.44,7473.0,199
23/01/2025,CMP-META-01,$419.68,24452.0,816
2025-01-23,CMP-META-02,663.88,46123.0,1319
2025-01-23,CMP-GOOG-01,$540.54,29966.0,713
2025-01-23,CMP-GOOG-02,708.39,36698.0,910
2025-01-23,CMP-EML-01,$58.45,3768.0,129
2025-01-23,CMP-AFF-01,209.85,11682.0,379
2025-01-23,CMP-ORG-00,0.0,790.0,20
2025-01-24,CMP-META-01,534.48 USD,22453.0,597
24/01/2025,CMP-META-02,349.02 USD,14965.0,496
24/01/2025,CMP-GOOG-01,$347.01,27609.0,992
2025-01-24,CMP-GOOG-02,$837.93,41661.0,1423
2025-01-24,CMP-EML-01,64.65 USD,3541.0,115
2025-01-24,CMP-AFF-01,$204.73,13982.0,484
2025-01-24,CMP-ORG-00,0.0,855.0,31
25/01/2025,CMP-META-01,$740.35,42004.0,1555
25/01/2025,CMP-META-02,  ,30761.0,924
2025-01-25,CMP-GOOG-01,526.91 USD,34258.0,610
2025-01-25,CMP-GOOG-02,$385.89,26265.0,799
2025-01-25,CMP-EML-01,37.74 USD,1588.0,48
2025-01-25,CMP-AFF-01,$101.77,5966.0,123
25/01/2025,CMP-ORG-00,$0.00,859.0,16
2025-01-26,CMP-META-01,534.41,38235.0,1012
26/01/2025,CMP-META-02,544.62 USD,40748.0,940
2025-01-26,CMP-GOOG-01,$648.19,51329.0,1069
2025-01-26,CMP-GOOG-02,504.42,,455
2025-01-26,CMP-EML-01,60.61,3840.0,89
2025-01-26,CMP-AFF-01,  ,11175.0,326
2025-01-26,CMP-ORG-00,0.0,1212.0,25
2025-01-27,CMP-META-01,477.95,38106.0,1511
2025-01-27,CMP-META-02,$599.76,46792.0,1390
2025-01-27,CMP-GOOG-01,452.0,23336.0,415
2025-01-27,CMP-GOOG-02,396.45,18703.0,572
2025-01-27,CMP-EML-01,  ,5363.0,207
2025-01-27,CMP-AFF-01,$122.99,8589.0,256
2025-01-27,CMP-ORG-00,0.0,1486.0,39
2025-01-28,CMP-META-01,316.99,16487.0,328
2025-01-28,CMP-META-02,565.33 USD,44078.0,1128
2025-01-28,CMP-GOOG-01,$714.66,28867.0,1020
2025-01-28,CMP-GOOG-02,$432.61,33050.0,1236
2025-01-28,CMP-EML-01,32.57,1548.0,35
28/01/2025,CMP-AFF-01,128.46 USD,8361.0,230
2025-01-28,CMP-ORG-00,0.0,1164.0,20
2025-01-29,CMP-META-01,273.09,16506.0,395
2025-01-29,CMP-META-02,467.76 USD,35725.0,983
2025-01-29,CMP-GOOG-01,589.31,30390.0,764
29/01/2025,CMP-GOOG-02,$419.77,33294.0,1156
2025-01-29,CMP-EML-01,41.51,1915.0,46
2025-01-29,CMP-AFF-01,$122.54,9682.0,191
2025-01-29,CMP-ORG-00,0.00 USD,644.0,19
2025-01-30,CMP-META-01,490.52 USD,33809.0,1340
2025-01-30,CMP-META-02,696.71 USD,55668.0,1742
2025-01-30,CMP-GOOG-01,$584.34,23573.0,381
2025-01-30,CMP-GOOG-02,$563.10,28421.0,887
2025-01-30,CMP-EML-01,77.23 USD,3565.0,83
2025-01-30,CMP-AFF-01,191.81,14261.0,431
30/01/2025,CMP-ORG-00,$0.00,1191.0,46
2025-01-31,CMP-META-01,467.59,30650.0,482
2025-01-31,CMP-META-02,484.6,30364.0,1185
2025-01-31,CMP-GOOG-01,381.22,19700.0,303
2025-01-31,CMP-GOOG-02,783.39,61705.0,1889
2025-01-31,CMP-EML-01,$49.58,2215.0,50
31/01/2025,CMP-AFF-01,113.45,8177.0,242
2025-01-31,CMP-ORG-00,0.0,620.0,18
01/02/2025,CMP-META-01,$595.39,43720.0,853
2025-02-01,CMP-META-02,325.80 USD,19904.0,689
2025-02-01,CMP-GOOG-01,  ,,858
2025-02-01,CMP-GOOG-02,729.40 USD,53558.0,1770
2025-02-01,CMP-EML-01,  ,2005.0,69
2025-02-01,CMP-AFF-01,106.63,5232.0,111
01/02/2025,CMP-ORG-00,$0.00,1491.0,55
2025-02-02,CMP-META-01,430.95,31480.0,1211
2025-02-02,CMP-META-02,$613.98,25161.0,702
2025-02-02,CMP-GOOG-01,738.85 USD,54229.0,1405
2025-02-02,CMP-GOOG-02,$317.41,21532.0,849
2025-02-02,CMP-EML-01,35.09,1754.0,52
02/02/2025,CMP-AFF-01,167.2,10053.0,177
2025-02-02,CMP-ORG-00,$0.00,848.0,29
2025-02-03,CMP-META-01,639.62,36993.0,874
2025-02-03,CMP-GOOG-01,$844.78,65242.0,1105
2025-02-03,CMP-GOOG-02,$307.85,19621.0,463
03/02/2025,CMP-EML-01,50.61,2589.0,79
2025-02-03,CMP-AFF-01,$82.55,6055.0,223
2025-02-03,CMP-ORG-00,$0.00,896.0,34
2025-02-04,CMP-META-01,$488.96,38530.0,719
2025-02-04,CMP-META-02,$465.90,28682.0,442
04/02/2025,CMP-GOOG-01,$494.22,30880.0,941
2025-02-04,CMP-GOOG-02,714.62,48072.0,1190
2025-02-04,CMP-EML-01,38.77,2293.0,71
2025-02-04,CMP-AFF-01,$105.96,8190.0,276
2025-02-04,CMP-ORG-00,0.0,811.0,17
2025-02-05,CMP-META-01,386.39,16784.0,496
2025-02-05,CMP-META-02,680.10 USD,34426.0,1016
2025-02-05,CMP-GOOG-01,$348.28,24795.0,396
2025-02-05,CMP-GOOG-02,$718.07,39411.0,1301
2025-02-05,CMP-EML-01,$65.06,5086.0,159
2025-02-05,CMP-AFF-01,$163.07,6587.0,161
2025-02-05,CMP-ORG-00,0.00 USD,1444.0,46
2025-02-06,CMP-META-01,303.5,23230.0,540
2025-02-06,CMP-GOOG-01,$553.31,29178.0,1163
2025-02-06,CMP-GOOG-02,$783.27,33236.0,843
2025-02-06,CMP-EML-01,$32.65,1760.0,50
2025-02-06,CMP-AFF-01,$207.60,15657.0,581
2025-02-06,CMP-ORG-00,0.0,921.0,14
2025-02-07,CMP-META-01,490.66 USD,33298.0,1149
2025-02-07,CMP-META-02,448.93,25512.0,959
2025-02-07,CMP-GOOG-01,  ,36119.0,726
2025-02-07,CMP-GOOG-02,$690.41,,2155
2025-02-07,CMP-EML-01,$41.67,1778.0,33
2025-02-07,CMP-AFF-01,112.54 USD,7174.0,134
2025-02-08,CMP-META-01,508.50 USD,38014.0,719
2025-02-08,CMP-META-02,$342.09,13926.0,496
2025-02-08,CMP-GOOG-01,  ,19808.0,733
2025-02-08,CMP-GOOG-02,$579.82,36147.0,556
2025-02-08,CMP-EML-01,65.96 USD,3971.0,103
2025-02-08,CMP-AFF-01,$185.59,14201.0,451
08/02/2025,CMP-ORG-00,0.00 USD,654.0,15
2025-02-09,CMP-META-01,453.72,22005.0,376
09/02/2025,CMP-META-02,456.61,19573.0,686
2025-02-09,CMP-GOOG-01,  ,28913.0,1003
2025-02-09,CMP-GOOG-02,421.03,29865.0,1187
2025-02-09,CMP-EML-01,$33.30,1791.0,58
2025-02-09,CMP-AFF-01,158.78,10342.0,220
2025-02-09,CMP-ORG-00,0.0,1413.0,28
2025-02-10,CMP-META-01,298.15,13972.0,492
2025-02-10,CMP-META-02,619.17,33888.0,780
2025-02-10,CMP-GOOG-01,570.06 USD,36489.0,824
2025-02-10,CMP-GOOG-02,768.47,36738.0,670
10/02/2025,CMP-EML-01,74.24,5700.0,112
2025-02-10,CMP-AFF-01,206.91,12362.0,477
2025-02-10,CMP-ORG-00,  ,1034.0,28
2025-02-11,CMP-META-01,360.69,18442.0,459
2025-02-11,CMP-GOOG-01,  ,29155.0,1057
2025-02-11,CMP-GOOG-02,$529.33,26856.0,404
2025-02-11,CMP-EML-01,65.24,4714.0,140
2025-02-11,CMP-AFF-01,$93.09,4941.0,98
2025-02-11,CMP-ORG-00,$0.00,,28
2025-02-12,CMP-META-01,402.56 USD,24570.0,593
2025-02-12,CMP-GOOG-01,$406.31,29075.0,529
12/02/2025,CMP-GOOG-02,625.47,25219.0,790
2025-02-12,CMP-EML-01,37.99 USD,2655.0,51
2025-02-12,CMP-AFF-01,143.35,7457.0,187
2025-02-12,CMP-ORG-00,$0.00,1429.0,44
2025-02-13,CMP-META-01,430.17 USD,31059.0,727
2025-02-13,CMP-META-02,$295.21,12635.0,384
2025-02-13,CMP-GOOG-02,743.66,32683.0,1080
2025-02-13,CMP-EML-01,31.49,2313.0,49
2025-02-13,CMP-AFF-01,  ,6673.0,146
2025-02-13,CMP-ORG-00,$0.00,807.0,18
2025-02-14,CMP-META-01,701.69,51328.0,1704
14/02/2025,CMP-META-02,441.37,30175.0,1177
2025-02-14,CMP-GOOG-01,$331.12,23491.0,409
14/02/2025,CMP-GOOG-02,849.77,47021.0,1156
2025-02-14,CMP-EML-01,$58.56,4599.0,107
2025-02-14,CMP-AFF-01,$114.81,8298.0,159
2025-02-14,CMP-ORG-00,0.00 USD,1300.0,50
2025-02-15,CMP-META-01,652.32,37566.0,1187
2025-02-15,CMP-META-02,$721.35,37331.0,934
2025-02-15,CMP-GOOG-01,805.99,58837.0,999
2025-02-15,CMP-GOOG-02,417.75,23486.0,635
2025-02-15,CMP-EML-01,65.97 USD,3732.0,116
15/02/2025,CMP-AFF-01,194.63,14539.0,369
2025-02-15,CMP-ORG-00,0.00 USD,579.0,21
2025-02-16,CMP-META-01,398.25,16282.0,311
2025-02-16,CMP-META-02,582.03 USD,45320.0,1586
2025-02-16,CMP-GOOG-01,598.09 USD,45870.0,1079
2025-02-16,CMP-GOOG-02,334.25,26560.0,478
2025-02-16,CMP-EML-01,72.13,2990.0,46
2025-02-16,CMP-AFF-01,$148.27,6589.0,145
2025-02-16,CMP-ORG-00,0.0,1194.0,21
2025-02-17,CMP-META-02,702.33,47922.0,778
2025-02-17,CMP-GOOG-01,  ,,580
2025-02-17,CMP-GOOG-02,$547.75,35620.0,547
2025-02-17,CMP-EML-01,$59.09,4014.0,152
2025-02-17,CMP-AFF-01,$161.93,8294.0,203
2025-02-17,CMP-ORG-00,0.00 USD,1241.0,44
2025-02-18,CMP-META-01,544.76 USD,35650.0,1140
2025-02-18,CMP-META-02,$655.77,36193.0,1349
2025-02-18,CMP-GOOG-01,783.08 USD,38435.0,695
18/02/2025,CMP-GOOG-02,803.26 USD,46808.0,769
2025-02-18,CMP-EML-01,50.37,4014.0,93
2025-02-18,CMP-AFF-01,97.97 USD,5256.0,155
2025-02-18,CMP-ORG-00,0.0,668.0,13
2025-02-19,CMP-META-01,$520.87,22314.0,589
2025-02-19,CMP-META-02,$438.59,34954.0,881
2025-02-19,CMP-GOOG-01,$409.41,26210.0,1002
2025-02-19,CMP-GOOG-02,571.28 USD,35499.0,1202
19/02/2025,CMP-EML-01,73.07,5837.0,226
19/02/2025,CMP-AFF-01,154.11,9027.0,206
2025-02-19,CMP-ORG-00,$0.00,1162.0,21
2025-02-20,CMP-META-01,  ,39380.0,795
2025-02-20,CMP-META-02,728.64,53720.0,1591
2025-02-20,CMP-GOOG-01,335.89,21676.0,794
20/02/2025,CMP-GOOG-02,399.97 USD,19087.0,633
2025-02-20,CMP-EML-01,31.49 USD,1606.0,25
2025-02-20,CMP-AFF-01,$203.94,10192.0,207
2025-02-20,CMP-ORG-00,0.0,765.0,27
2025-02-21,CMP-META-01,421.70 USD,23906.0,641
2025-02-21,CMP-META-02,$513.62,26590.0,941
2025-02-21,CMP-GOOG-01,$509.40,31319.0,732
2025-02-21,CMP-GOOG-02,$792.10,41491.0,1409
2025-02-21,CMP-EML-01,$52.67,2551.0,102
2025-02-21,CMP-AFF-01,182.84,10897.0,247
2025-02-21,CMP-ORG-00,0.0,1253.0,28
22/02/2025,CMP-META-01,735.17 USD,32508.0,901
2025-02-22,CMP-META-02,$396.62,31304.0,778
2025-02-22,CMP-GOOG-01,717.63,51432.0,1364
22/02/2025,CMP-GOOG-02,526.18,30415.0,886
2025-02-22,CMP-EML-01,51.29,2920.0,104
2025-02-22,CMP-AFF-01,$160.98,8765.0,274
22/02/2025,CMP-ORG-00,0.00 USD,680.0,20
23/02/2025,CMP-META-01,453.18,31786.0,895
2025-02-23,CMP-META-02,$311.34,17868.0,602
2025-02-23,CMP-GOOG-01,759.28 USD,41123.0,1379
2025-02-23,CMP-GOOG-02,$389.62,24995.0,682
2025-02-23,CMP-EML-01,$54.51,3165.0,89
2025-02-23,CMP-AFF-01,102.55 USD,,266
2025-02-23,CMP-ORG-00,0.0,620.0,12
2025-02-24,CMP-META-01,  ,11572.0,433
2025-02-24,CMP-META-02,288.34,17935.0,687
2025-02-24,CMP-GOOG-01,654.70 USD,31416.0,661
2025-02-24,CMP-GOOG-02,347.98,18617.0,457
24/02/2025,CMP-EML-01,50.84 USD,2233.0,50
24/02/2025,CMP-AFF-01,134.32,9408.0,243
2025-02-24,CMP-ORG-00,0.0,633.0,15
2025-02-25,CMP-META-02,572.55,38778.0,1323
2025-02-25,CMP-GOOG-01,471.63,34419.0,809
2025-02-25,CMP-GOOG-02,307.95,14808.0,358
2025-02-25,CMP-EML-01,$39.33,2714.0,104
2025-02-25,CMP-AFF-01,87.46,3911.0,95
2025-02-25,CMP-ORG-00,0.0,601.0,11
26/02/2025,CMP-META-01,282.39,13575.0,530
2025-02-26,CMP-META-02,577.99,40705.0,1424
2025-02-26,CMP-GOOG-01,458.44 USD,32862.0,753
2025-02-26,CMP-GOOG-02,746.98,52439.0,1611
2025-02-26,CMP-EML-01,$49.47,3612.0,99
2025-02-26,CMP-AFF-01,98.06 USD,5572.0,183
2025-02-26,CMP-ORG-00,$0.00,580.0,11
2025-02-27,CMP-META-01,$716.42,38047.0,916
27/02/2025,CMP-META-02,683.27,38120.0,1441
2025-02-27,CMP-GOOG-01,$657.98,43514.0,1719
27/02/2025,CMP-GOOG-02,330.02,21180.0,319
2025-02-27,CMP-EML-01,$42.21,3151.0,121
2025-02-27,CMP-AFF-01,208.62,15545.0,403
2025-02-27,CMP-ORG-00,$0.00,1372.0,30
2025-02-28,CMP-META-01,$381.95,20646.0,659
2025-02-28,CMP-META-02,  ,30101.0,1002
28/02/2025,CMP-GOOG-01,614.68,26826.0,914
2025-02-28,CMP-GOOG-02,370.48 USD,19288.0,683
2025-02-28,CMP-EML-01,  ,1893.0,34
28/02/2025,CMP-AFF-01,185.24,11977.0,296
28/02/2025,CMP-ORG-00,0.00 USD,1264.0,46
2025-03-01,CMP-META-01,$737.68,38368.0,929
2025-03-01,CMP-META-02,292.32,13146.0,344
2025-03-01,CMP-GOOG-01,637.52,48962.0,1557
2025-03-01,CMP-GOOG-02,743.27 USD,37020.0,1055
2025-03-01,CMP-EML-01,$49.93,2573.0,68
01/03/2025,CMP-AFF-01,$176.75,13474.0,204
2025-03-01,CMP-ORG-00,$0.00,1483.0,34
2025-03-02,CMP-META-01,$604.25,36070.0,1136
2025-03-02,CMP-META-02,268.80 USD,14070.0,541
2025-03-02,CMP-GOOG-01,431.57,31234.0,844
2025-03-02,CMP-GOOG-02,$617.01,45256.0,940
2025-03-02,CMP-EML-01,41.0,2803.0,43
02/03/2025,CMP-AFF-01,  ,9642.0,353
2025-03-02,CMP-ORG-00,$0.00,659.0,23
2025-03-03,CMP-META-01,271.33,18513.0,711
2025-03-03,CMP-META-02,$698.42,46832.0,824
2025-03-03,CMP-GOOG-01,345.54,18215.0,574
2025-03-03,CMP-GOOG-02,418.79 USD,18560.0,536
2025-03-03,CMP-EML-01,35.53,2394.0,91
2025-03-03,CMP-AFF-01,$92.79,5047.0,200
2025-03-03,CMP-ORG-00,$0.00,1171.0,39
2025-03-04,CMP-META-01,$448.56,18116.0,328
2025-03-04,CMP-META-02,715.17,41785.0,660
2025-03-04,CMP-GOOG-01,390.33 USD,26895.0,1058
2025-03-04,CMP-GOOG-02,521.89,36011.0,1103
2025-03-04,CMP-EML-01,66.97,4920.0,126
2025-03-04,CMP-AFF-01,167.88 USD,10035.0,259
2025-03-04,CMP-ORG-00,$0.00,1437.0,22
2025-03-05,CMP-META-01,356.79 USD,22057.0,375
2025-03-05,CMP-META-02,545.32 USD,25900.0,775
2025-03-05,CMP-GOOG-01,556.98,22446.0,343
2025-03-05,CMP-GOOG-02,$775.30,51930.0,1778
2025-03-05,CMP-EML-01,46.26,2580.0,54
2025-03-05,CMP-AFF-01,129.28 USD,6372.0,228
2025-03-05,CMP-ORG-00,0.0,1454.0,43
2025-03-06,CMP-META-01,437.96,23339.0,431
2025-03-06,CMP-META-02,  ,37786.0,785
2025-03-06,CMP-GOOG-01,504.31,36511.0,1188
2025-03-06,CMP-GOOG-02,$596.17,30227.0,567
2025-03-06,CMP-EML-01,$32.83,2270.0,75
2025-03-06,CMP-AFF-01,215.18,9169.0,292
2025-03-06,CMP-ORG-00,0.0,972.0,34
2025-03-07,CMP-META-01,$334.85,14749.0,430
2025-03-07,CMP-META-02,279.48 USD,13196.0,506
07/03/2025,CMP-GOOG-01,369.97 USD,23061.0,431
2025-03-07,CMP-GOOG-02,623.64 USD,49449.0,1102
2025-03-07,CMP-EML-01,37.55 USD,1626.0,33
2025-03-07,CMP-AFF-01,$136.25,10018.0,374
2025-03-07,CMP-ORG-00,0.0,818.0,15
2025-03-08,CMP-META-01,524.42,27412.0,908
08/03/2025,CMP-META-02,  ,43009.0,1697
2025-03-08,CMP-GOOG-01,$701.86,52429.0,1050
08/03/2025,CMP-GOOG-02,$830.95,36996.0,608
2025-03-08,CMP-EML-01,$58.07,2929.0,116
2025-03-08,CMP-AFF-01,$90.75,6961.0,116
2025-03-08,CMP-ORG-00,$0.00,730.0,15
2025-03-09,CMP-META-01,$612.96,33567.0,1307
2025-03-09,CMP-META-02,$518.68,39620.0,1276
09/03/2025,CMP-GOOG-01,770.11,55369.0,1846
09/03/2025,CMP-GOOG-02,650.05 USD,49881.0,1622
2025-03-09,CMP-EML-01,76.41,3122.0,121
2025-03-09,CMP-AFF-01,140.45 USD,6965.0,203
2025-03-09,CMP-ORG-00,0.00 USD,556.0,15
10/03/2025,CMP-META-01,269.91,,215
2025-03-10,CMP-META-02,373.01 USD,22039.0,455
10/03/2025,CMP-GOOG-01,$666.80,39591.0,898
2025-03-10,CMP-GOOG-02,353.89,24070.0,375
2025-03-10,CMP-EML-01,33.14,1773.0,34
2025-03-10,CMP-ORG-00,$0.00,980.0,30
2025-03-11,CMP-META-01,655.52,32422.0,1105
2025-03-11,CMP-META-02,$305.23,19412.0,728
2025-03-11,CMP-GOOG-01,411.77 USD,22939.0,595
2025-03-11,CMP-GOOG-02,314.17,14976.0,566
2025-03-11,CMP-EML-01,52.49 USD,3830.0,102
2025-03-11,CMP-AFF-01,$144.58,9880.0,374
2025-03-11,CMP-ORG-00,0.0,675.0,20
12/03/2025,CMP-META-01,$361.63,27862.0,1006
2025-03-12,CMP-META-02,363.49 USD,19412.0,774
2025-03-12,CMP-GOOG-01,658.03,48132.0,1387
2025-03-12,CMP-GOOG-02,367.78,19859.0,703
2025-03-12,CMP-EML-01,38.22,2466.0,87
2025-03-12,CMP-AFF-01,99.6,7432.0,239
12/03/2025,CMP-ORG-00,0.0,637.0,12
2025-03-13,CMP-META-01,$715.40,44977.0,1319
13/03/2025,CMP-META-02,682.96 USD,35051.0,596
2025-03-13,CMP-GOOG-01,511.37 USD,34555.0,837
2025-03-13,CMP-GOOG-02,508.04,22352.0,431
2025-03-13,CMP-EML-01,75.29,6002.0,109
2025-03-13,CMP-AFF-01,101.63 USD,4104.0,97
2025-03-13,CMP-ORG-00,$0.00,1179.0,24
2025-03-14,CMP-META-01,721.90 USD,33069.0,990
2025-03-14,CMP-META-02,537.62,38135.0,1460
2025-03-14,CMP-GOOG-01,$459.56,24737.0,501
2025-03-14,CMP-GOOG-02,790.45,46507.0,1597
2025-03-14,CMP-EML-01,$30.65,2363.0,76
2025-03-14,CMP-AFF-01,139.89,5797.0,93
2025-03-14,CMP-ORG-00,$0.00,1323.0,43
2025-03-15,CMP-META-01,$354.17,26155.0,860
2025-03-15,CMP-META-02,451.29,31536.0,949
15/03/2025,CMP-GOOG-01,409.18 USD,17383.0,454
2025-03-15,CMP-GOOG-02,343.26,18233.0,394
2025-03-15,CMP-ORG-00,0.0,1124.0,41
2025-03-16,CMP-META-01,  ,27217.0,886
2025-03-16,CMP-META-02,321.14,17795.0,394
2025-03-16,CMP-GOOG-01,$329.18,15157.0,440
2025-03-16,CMP-GOOG-02,330.87,,435
2025-03-16,CMP-EML-01,60.71,3191.0,56
2025-03-16,CMP-AFF-01,217.34 USD,17029.0,482
16/03/2025,CMP-ORG-00,0.0,1197.0,22
2025-03-17,CMP-META-01,  ,13418.0,383
2025-03-17,CMP-META-02,406.82,30416.0,748
2025-03-17,CMP-GOOG-01,$793.26,40596.0,1502
2025-03-17,CMP-GOOG-02,716.49,55225.0,1515
2025-03-17,CMP-EML-01,$46.36,2943.0,58
17/03/2025,CMP-AFF-01,135.18,8149.0,259
2025-03-17,CMP-ORG-00,$0.00,1140.0,28
18/03/2025,CMP-META-01,251.78,11917.0,357
2025-03-18,CMP-META-02,$356.67,26345.0,875
2025-03-18,CMP-GOOG-01,388.75,23036.0,649
2025-03-18,CMP-GOOG-02,  ,27205.0,841
2025-03-18,CMP-EML-01,45.24,2606.0,58
18/03/2025,CMP-AFF-01,183.9,14072.0,465
2025-03-18,CMP-ORG-00,0.0,724.0,24
2025-03-19,CMP-META-01,279.91,,486
2025-03-19,CMP-META-02,525.83,30226.0,1044
2025-03-19,CMP-GOOG-01,796.15,40228.0,1424
2025-03-19,CMP-GOOG-02,$695.21,29707.0,905
2025-03-19,CMP-EML-01,$39.72,2040.0,73
2025-03-19,CMP-AFF-01,$122.96,6136.0,164
2025-03-19,CMP-ORG-00,0.0,1015.0,27
2025-03-20,CMP-META-01,$280.04,19280.0,509
2025-03-20,CMP-META-02,675.24,47449.0,1765
2025-03-20,CMP-GOOG-01,806.92 USD,54796.0,847
2025-03-20,CMP-GOOG-02,377.65,28415.0,886
2025-03-20,CMP-EML-01,77.35 USD,4610.0,138
2025-03-20,CMP-ORG-00,0.00 USD,1053.0,40
2025-03-21,CMP-META-01,337.0,19443.0,741
2025-03-21,CMP-META-02,$549.99,40287.0,882
2025-03-21,CMP-GOOG-01,402.43,23047.0,516
2025-03-21,CMP-GOOG-02,777.2,46604.0,1453
2025-03-21,CMP-EML-01,  ,3815.0,146
2025-03-21,CMP-AFF-01,$89.33,4938.0,96
21/03/2025,CMP-ORG-00,0.0,616.0,24
22/03/2025,CMP-META-01,338.72,24713.0,406
2025-03-22,CMP-META-02,584.85,43614.0,1515
2025-03-22,CMP-GOOG-01,$322.06,22558.0,722
2025-03-22,CMP-GOOG-02,451.86,31521.0,940
2025-03-22,CMP-EML-01,63.01,3441.0,123
2025-03-22,CMP-AFF-01,129.78,9170.0,202
2025-03-22,CMP-ORG-00,0.0,951.0,29
2025-03-23,CMP-META-01,$577.62,29182.0,575
2025-03-23,CMP-META-02,461.76,19197.0,621
23/03/2025,CMP-GOOG-01,$535.73,42647.0,705
23/03/2025,CMP-GOOG-02,837.55 USD,63519.0,1673
23/03/2025,CMP-EML-01,$79.28,5456.0,89
23/03/2025,CMP-AFF-01,$212.63,14837.0,397
2025-03-23,CMP-ORG-00,0.00 USD,1319.0,33
2025-03-24,CMP-META-01,278.17,13658.0,236
2025-03-24,CMP-META-02,686.48,29307.0,996
2025-03-24,CMP-GOOG-01,405.10 USD,25847.0,803
2025-03-24,CMP-GOOG-02,$404.78,19654.0,692
2025-03-24,CMP-EML-01,$64.67,4950.0,190
2025-03-24,CMP-AFF-01,$107.35,7062.0,267
2025-03-24,CMP-ORG-00,  ,1301.0,26
2025-03-25,CMP-META-01,518.87 USD,34999.0,676
2025-03-25,CMP-META-02,570.48 USD,29396.0,545
2025-03-25,CMP-GOOG-01,675.35 USD,42214.0,1280
2025-03-25,CMP-GOOG-02,$668.18,32317.0,935
2025-03-25,CMP-EML-01,39.71,2240.0,54
2025-03-25,CMP-AFF-01,164.31 USD,7020.0,111
2025-03-25,CMP-ORG-00,  ,1267.0,34
2025-03-26,CMP-META-01,376.14,25644.0,816
26/03/2025,CMP-META-02,493.8,32362.0,1235
2025-03-26,CMP-GOOG-01,354.15,14341.0,542
2025-03-26,CMP-GOOG-02,754.97 USD,48601.0,1606
2025-03-26,CMP-EML-01,  ,3405.0,58
2025-03-26,CMP-AFF-01,203.3,10048.0,299
2025-03-26,CMP-ORG-00,$0.00,1370.0,24
2025-03-27,CMP-META-01,721.72,47752.0,1385
2025-03-27,CMP-META-02,251.3,10997.0,180
27/03/2025,CMP-GOOG-01,794.44,55561.0,2219
2025-03-27,CMP-GOOG-02,411.47 USD,20859.0,671
2025-03-27,CMP-EML-01,33.12,2222.0,61
2025-03-27,CMP-AFF-01,$197.67,14182.0,234
2025-03-27,CMP-ORG-00,0.00 USD,920.0,26
28/03/2025,CMP-META-01,$555.75,34537.0,1269
2025-03-28,CMP-META-02,500.29,32987.0,1186
2025-03-28,CMP-GOOG-01,$492.74,25824.0,706
2025-03-28,CMP-GOOG-02,815.82,41446.0,790
2025-03-28,CMP-EML-01,$45.81,2025.0,60
2025-03-28,CMP-AFF-01,175.43,8565.0,186
2025-03-28,CMP-ORG-00,0.0,1400.0,45
29/03/2025,CMP-META-01,521.24,21360.0,671
29/03/2025,CMP-META-02,$608.47,35770.0,745
2025-03-29,CMP-GOOG-01,$730.54,36606.0,646
2025-03-29,CMP-GOOG-02,  ,37412.0,1482
2025-03-29,CMP-EML-01,35.55 USD,1463.0,48
2025-03-29,CMP-AFF-01,191.14,12707.0,354
2025-03-29,CMP-ORG-00,0.00 USD,1090.0,39
2025-03-30,CMP-META-01,350.99,21832.0,686
2025-03-30,CMP-META-02,348.63,26549.0,656
2025-03-30,CMP-GOOG-01,$575.43,28383.0,701
2025-03-30,CMP-GOOG-02,$829.43,34325.0,1236
2025-03-30,CMP-EML-01,$50.96,3381.0,113
2025-03-30,CMP-AFF-01,$201.71,11986.0,207
2025-03-30,CMP-ORG-00,0.0,974.0,18
2025-03-31,CMP-META-01,$557.84,30040.0,605
2025-03-31,CMP-META-02,$509.72,21316.0,586
2025-03-31,CMP-GOOG-01,$357.81,21137.0,712
2025-03-31,CMP-GOOG-02,730.4,56883.0,1546
2025-03-31,CMP-EML-01,$33.73,1965.0,62
2025-03-31,CMP-AFF-01,$82.64,5937.0,198
2025-03-31,CMP-ORG-00,0.0,1080.0,37
2025-04-01,CMP-META-01,314.92,22603.0,409
2025-04-01,CMP-META-02,$453.74,34912.0,1283
01/04/2025,CMP-GOOG-01,710.48,42107.0,1564
2025-04-01,CMP-GOOG-02,$817.04,44647.0,928
2025-04-01,CMP-EML-01,$72.05,5505.0,170
2025-04-01,CMP-AFF-01,$201.54,11734.0,180
2025-04-01,CMP-ORG-00,$0.00,1060.0,39
2025-04-02,CMP-META-01,570.92,37127.0,921
02/04/2025,CMP-META-02,648.2,39440.0,1251
02/04/2025,CMP-GOOG-01,407.83,16618.0,517
2025-04-02,CMP-GOOG-02,656.77 USD,52174.0,1664
2025-04-02,CMP-EML-01,  ,3067.0,111
02/04/2025,CMP-AFF-01,  ,9615.0,276
2025-04-02,CMP-ORG-00,$0.00,1197.0,31
2025-04-03,CMP-META-01,272.15,13361.0,234
2025-04-03,CMP-META-02,$343.38,23947.0,583
2025-04-03,CMP-GOOG-01,828.87 USD,63848.0,1509
2025-04-03,CMP-GOOG-02,666.09,36392.0,1010
2025-04-03,CMP-EML-01,$69.24,,88
2025-04-03,CMP-AFF-01,198.02,12951.0,248
2025-04-03,CMP-ORG-00,$0.00,932.0,27
2025-04-04,CMP-META-01,$637.51,43777.0,1572
2025-04-04,CMP-META-02,720.64 USD,55224.0,2035
2025-04-04,CMP-GOOG-01,803.07 USD,43611.0,1726
2025-04-04,CMP-GOOG-02,750.62,47813.0,915
2025-04-04,CMP-AFF-01,137.96,6771.0,179
2025-04-04,CMP-ORG-00,0.00 USD,539.0,18
2025-04-05,CMP-META-01,$622.05,26818.0,644
2025-04-05,CMP-META-02,728.95 USD,49594.0,1655
2025-04-05,CMP-GOOG-01,346.22,22257.0,639
05/04/2025,CMP-GOOG-02,$790.63,58205.0,917
05/04/2025,CMP-EML-01,  ,4790.0,96
2025-04-05,CMP-AFF-01,$168.61,9775.0,217
2025-04-05,CMP-ORG-00,$0.00,1442.0,23
2025-04-06,CMP-META-01,708.14,36920.0,1029
2025-04-06,CMP-META-02,638.79,37530.0,740
2025-04-06,CMP-GOOG-01,844.09,60463.0,1594
2025-04-06,CMP-GOOG-02,$667.32,47064.0,930
2025-04-06,CMP-EML-01,$64.13,3396.0,115
2025-04-06,CMP-AFF-01,159.32,10855.0,227
2025-04-06,CMP-ORG-00,$0.00,1408.0,38
2025-04-07,CMP-META-01,443.72,29017.0,916
2025-04-07,CMP-META-02,$731.31,52128.0,1545
2025-04-07,CMP-GOOG-01,585.64,39702.0,1255
2025-04-07,CMP-GOOG-02,817.38 USD,46082.0,1239
07/04/2025,CMP-EML-01,71.15,3166.0,112
2025-04-07,CMP-AFF-01,123.08,5559.0,144
07/04/2025,CMP-ORG-00,0.00 USD,618.0,15
2025-04-08,CMP-META-01,349.33,20598.0,419
2025-04-08,CMP-META-02,  ,25786.0,556
2025-04-08,CMP-GOOG-01,776.69,36318.0,572
2025-04-08,CMP-GOOG-02,$447.20,26012.0,777
2025-04-08,CMP-EML-01,$73.96,5508.0,100
2025-04-08,CMP-AFF-01,83.95 USD,6145.0,109
2025-04-08,CMP-ORG-00,0.0,546.0,18
2025-04-09,CMP-META-01,$402.18,24334.0,658
09/04/2025,CMP-META-02,  ,12943.0,347
2025-04-09,CMP-GOOG-01,$577.41,43276.0,1304
2025-04-09,CMP-GOOG-02,525.24,37662.0,1074
2025-04-09,CMP-EML-01,60.43,3146.0,113
2025-04-09,CMP-AFF-01,  ,6797.0,253
2025-04-09,CMP-ORG-00,0.0,1343.0,52
2025-04-10,CMP-META-01,357.65,15649.0,346
2025-04-10,CMP-META-02,388.97 USD,24189.0,602
2025-04-10,CMP-GOOG-01,817.45,55543.0,1706
2025-04-10,CMP-EML-01,$44.09,2224.0,42
2025-04-10,CMP-AFF-01,$167.81,12565.0,481
2025-04-10,CMP-ORG-00,$0.00,1376.0,28
2025-04-11,CMP-META-01,489.02,32707.0,1307
2025-04-11,CMP-META-02,$262.21,,679
2025-04-11,CMP-GOOG-02,799.57,37014.0,742
2025-04-11,CMP-EML-01,$58.84,4523.0,104
2025-04-11,CMP-AFF-01,$110.73,6097.0,226
2025-04-11,CMP-ORG-00,$0.00,522.0,10
12/04/2025,CMP-META-01,591.2,40415.0,964
2025-04-12,CMP-META-02,418.78,19946.0,723
2025-04-12,CMP-GOOG-01,796.45 USD,44902.0,1218
2025-04-12,CMP-GOOG-02,706.17 USD,30560.0,472
2025-04-12,CMP-EML-01,  ,,53
2025-04-12,CMP-AFF-01,$126.36,9285.0,249
2025-04-12,CMP-ORG-00,0.00 USD,1490.0,39
2025-04-13,CMP-META-01,382.18,24785.0,726
2025-04-13,CMP-META-02,256.74,15035.0,580
13/04/2025,CMP-GOOG-02,$602.67,29608.0,1170
2025-04-13,CMP-EML-01,79.73,4638.0,89
2025-04-13,CMP-AFF-01,$94.53,4533.0,178
2025-04-13,CMP-ORG-00,$0.00,,20
2025-04-14,CMP-META-01,515.36,31065.0,805
2025-04-14,CMP-META-02,$379.03,23464.0,588
2025-04-14,CMP-GOOG-01,411.00 USD,32761.0,1133
2025-04-14,CMP-GOOG-02,$739.19,40619.0,843
14/04/2025,CMP-EML-01,$30.16,2016.0,37
14/04/2025,CMP-AFF-01,  ,7859.0,300
14/04/2025,CMP-ORG-00,0.0,1234.0,20
2025-04-15,CMP-META-01,343.44,23240.0,696
2025-04-15,CMP-META-02,465.94,24566.0,756
2025-04-15,CMP-GOOG-01,437.50 USD,19688.0,466
2025-04-15,CMP-GOOG-02,404.58,31502.0,686
2025-04-15,CMP-EML-01,56.45 USD,3563.0,95
2025-04-15,CMP-AFF-01,$209.41,10265.0,297
15/04/2025,CMP-ORG-00,0.0,820.0,26
2025-04-16,CMP-META-01,269.56,14702.0,294
2025-04-16,CMP-META-02,$583.98,28154.0,611
2025-04-16,CMP-GOOG-01,576.97 USD,26999.0,811
2025-04-16,CMP-GOOG-02,624.49 USD,25736.0,851
16/04/2025,CMP-EML-01,$68.31,4746.0,151
2025-04-16,CMP-AFF-01,110.36,5944.0,105
2025-04-16,CMP-ORG-00,0.0,836.0,24
17/04/2025,CMP-META-01,$654.07,49300.0,1393
2025-04-17,CMP-META-02,356.47,17199.0,654
2025-04-17,CMP-GOOG-01,468.33 USD,,651
17/04/2025,CMP-GOOG-02,834.82 USD,41609.0,1363
2025-04-17,CMP-EML-01,$55.85,3446.0,56
2025-04-17,CMP-AFF-01,157.51,10152.0,347
17/04/2025,CMP-ORG-00,0.0,566.0,11
18/04/2025,CMP-META-01,450.68,35266.0,1180
2025-04-18,CMP-META-02,295.35,17816.0,712
2025-04-18,CMP-GOOG-01,752.6,32606.0,509
2025-04-18,CMP-GOOG-02,$301.27,20531.0,382
2025-04-18,CMP-EML-01,49.17,3239.0,66
2025-04-18,CMP-AFF-01,206.66 USD,,434
2025-04-18,CMP-ORG-00,0.0,1349.0,28
2025-04-19,CMP-META-01,$283.73,11724.0,364
2025-04-19,CMP-META-02,383.14,15581.0,296
2025-04-19,CMP-GOOG-01,$740.89,45513.0,913
19/04/2025,CMP-GOOG-02,822.39 USD,33346.0,699
19/04/2025,CMP-AFF-01,$152.45,7561.0,249
2025-04-19,CMP-ORG-00,0.00 USD,888.0,23
2025-04-20,CMP-META-01,  ,48694.0,856
20/04/2025,CMP-META-02,616.84,34219.0,1064
20/04/2025,CMP-GOOG-01,760.22 USD,53552.0,2108
2025-04-20,CMP-GOOG-02,$333.98,18438.0,505
2025-04-20,CMP-EML-01,44.68,2568.0,79
2025-04-20,CMP-AFF-01,$105.15,8203.0,313
2025-04-20,CMP-ORG-00,$0.00,1127.0,24
2025-04-21,CMP-META-01,605.33,31816.0,657
2025-04-21,CMP-META-02,605.45,45521.0,1325
2025-04-21,CMP-GOOG-01,$429.87,29640.0,1165
2025-04-21,CMP-GOOG-02,635.78 USD,50026.0,1569
2025-04-21,CMP-EML-01,79.89,3395.0,79
2025-04-21,CMP-AFF-01,192.24 USD,9120.0,275
2025-04-21,CMP-ORG-00,$0.00,869.0,23
2025-04-22,CMP-META-01,472.91,32045.0,499
2025-04-22,CMP-META-02,317.82,16751.0,298
2025-04-22,CMP-GOOG-01,662.91,40340.0,1358
2025-04-22,CMP-GOOG-02,418.38,20549.0,323
22/04/2025,CMP-EML-01,$50.16,2415.0,58
22/04/2025,CMP-AFF-01,$169.50,12820.0,256
2025-04-22,CMP-ORG-00,  ,580.0,20
2025-04-23,CMP-META-01,730.43,34390.0,1114
2025-04-23,CMP-META-02,444.08 USD,26548.0,546
2025-04-23,CMP-GOOG-01,$593.54,43924.0,1387
2025-04-23,CMP-GOOG-02,578.83,44808.0,1548
2025-04-23,CMP-EML-01,  ,3319.0,111
23/04/2025,CMP-AFF-01,152.62,10877.0,335
23/04/2025,CMP-ORG-00,0.00 USD,686.0,10
2025-04-24,CMP-META-01,711.02,46839.0,1677
2025-04-24,CMP-META-02,507.34,20481.0,348
2025-04-24,CMP-GOOG-01,399.11,23562.0,930
24/04/2025,CMP-GOOG-02,618.5,48385.0,1599
2025-04-24,CMP-EML-01,67.84,4909.0,152
2025-04-24,CMP-AFF-01,$127.90,9552.0,152
2025-04-24,CMP-ORG-00,  ,1341.0,21
2025-04-25,CMP-META-01,  ,11966.0,237
2025-04-25,CMP-META-02,376.61,23508.0,613
25/04/2025,CMP-GOOG-01,$443.89,29680.0,1031
2025-04-25,CMP-GOOG-02,$473.24,24073.0,448
25/04/2025,CMP-EML-01,50.06,3436.0,67
2025-04-25,CMP-AFF-01,  ,10286.0,173
25/04/2025,CMP-ORG-00,0.0,889.0,14
2025-04-26,CMP-META-01,391.8,25291.0,393
2025-04-26,CMP-META-02,$536.73,39540.0,1008
2025-04-26,CMP-GOOG-01,324.65 USD,13136.0,266
2025-04-26,CMP-GOOG-02,526.52,31447.0,1172
2025-04-26,CMP-EML-01,$60.18,4784.0,187
2025-04-26,CMP-AFF-01,172.11 USD,12942.0,386
2025-04-26,CMP-ORG-00,$0.00,1413.0,42
2025-04-27,CMP-META-01,381.92,16140.0,416
27/04/2025,CMP-META-02,  ,43909.0,1542
2025-04-27,CMP-GOOG-01,746.61,47634.0,937
2025-04-27,CMP-GOOG-02,418.51,26452.0,961
2025-04-27,CMP-EML-01,$36.59,2784.0,70
27/04/2025,CMP-AFF-01,174.78,11295.0,269
2025-04-27,CMP-ORG-00,0.00 USD,783.0,24
28/04/2025,CMP-META-01,569.12,22787.0,871
28/04/2025,CMP-META-02,728.52,43803.0,1376
2025-04-28,CMP-GOOG-01,$336.23,15869.0,405
2025-04-28,CMP-GOOG-02,617.77 USD,29631.0,949
2025-04-28,CMP-EML-01,46.98,2534.0,60
2025-04-28,CMP-AFF-01,124.65 USD,8903.0,197
2025-04-28,CMP-ORG-00,0.0,1174.0,45
2025-04-29,CMP-META-01,$561.00,28653.0,711
2025-04-29,CMP-META-02,$319.22,12907.0,366
29/04/2025,CMP-GOOG-01,796.05,54023.0,1750
2025-04-29,CMP-GOOG-02,$392.58,20337.0,576
2025-04-29,CMP-EML-01,$54.52,3124.0,61
2025-04-29,CMP-AFF-01,114.15,7341.0,130
2025-04-29,CMP-ORG-00,0.00 USD,608.0,11
2025-04-30,CMP-META-01,$617.50,43203.0,738
2025-04-30,CMP-GOOG-01,519.25 USD,23237.0,745
2025-04-30,CMP-GOOG-02,495.87,31858.0,1162
2025-04-30,CMP-EML-01,49.36 USD,3311.0,70
30/04/2025,CMP-AFF-01,88.89 USD,4836.0,92
2025-04-30,CMP-ORG-00,$0.00,1428.0,23
2025-05-01,CMP-META-01,$403.83,21526.0,363
2025-05-01,CMP-META-02,672.62,45039.0,1095
01/05/2025,CMP-GOOG-01,$383.34,28194.0,500
01/05/2025,CMP-GOOG-02,  ,28949.0,509
2025-05-01,CMP-EML-01,$74.75,3325.0,53
2025-05-01,CMP-AFF-01,117.85,8679.0,286
01/05/2025,CMP-ORG-00,$0.00,942.0,33
2025-05-02,CMP-META-01,$403.07,29101.0,1061
2025-05-02,CMP-META-02,  ,14399.0,451
02/05/2025,CMP-GOOG-01,425.87 USD,23176.0,406
2025-05-02,CMP-GOOG-02,757.98 USD,38512.0,933
2025-05-02,CMP-EML-01,72.23 USD,3495.0,123
2025-05-02,CMP-AFF-01,167.86,12805.0,482
02/05/2025,CMP-ORG-00,$0.00,1331.0,35
2025-05-03,CMP-META-01,$520.34,31411.0,560
2025-05-03,CMP-META-02,636.38,44163.0,855
2025-05-03,CMP-GOOG-01,713.50 USD,49983.0,912
03/05/2025,CMP-GOOG-02,$535.81,42712.0,1683
03/05/2025,CMP-EML-01,41.26 USD,2744.0,98
03/05/2025,CMP-AFF-01,$81.50,3448.0,52
2025-05-03,CMP-ORG-00,0.0,1481.0,36
2025-05-04,CMP-META-01,467.39,28352.0,805
2025-05-04,CMP-META-02,$701.93,48009.0,1016
2025-05-04,CMP-GOOG-01,779.31 USD,34951.0,678
2025-05-04,CMP-GOOG-02,$463.87,23125.0,416
2025-05-04,CMP-EML-01,$39.36,3076.0,120
2025-05-04,CMP-AFF-01,150.83,8764.0,190
2025-05-04,CMP-ORG-00,$0.00,621.0,12
2025-05-05,CMP-META-01,$627.10,43540.0,1132
2025-05-05,CMP-META-02,714.76,29516.0,730
2025-05-05,CMP-GOOG-01,360.22,15903.0,261
2025-05-05,CMP-GOOG-02,$671.16,36267.0,847
2025-05-05,CMP-EML-01,$77.29,5945.0,99
2025-05-05,CMP-AFF-01,$155.90,6898.0,114
2025-05-05,CMP-ORG-00,  ,1242.0,20
2025-05-06,CMP-META-01,691.44 USD,38774.0,1098
2025-05-06,CMP-GOOG-02,$658.14,44998.0,720
2025-05-06,CMP-EML-01,  ,5649.0,147
2025-05-06,CMP-AFF-01,$168.31,7811.0,226
2025-05-06,CMP-ORG-00,  ,783.0,13
2025-05-07,CMP-META-01,304.09,15981.0,508
2025-05-07,CMP-META-02,$254.78,14245.0,510
2025-05-07,CMP-GOOG-01,$632.40,32390.0,1049
2025-05-07,CMP-GOOG-02,721.05,40528.0,1131
2025-05-07,CMP-EML-01,30.39,1435.0,35
2025-05-07,CMP-AFF-01,$87.09,6024.0,140
2025-05-07,CMP-ORG-00,0.0,632.0,21
2025-05-08,CMP-META-01,$674.03,53775.0,981
2025-05-08,CMP-META-02,$358.79,17183.0,605
2025-05-08,CMP-GOOG-01,  ,27028.0,564
2025-05-08,CMP-GOOG-02,603.37,42837.0,1272
2025-05-08,CMP-EML-01,$49.52,3013.0,61
2025-05-08,CMP-AFF-01,$166.78,11267.0,238
08/05/2025,CMP-ORG-00,  ,1344.0,41
2025-05-09,CMP-META-01,270.41,14608.0,328
2025-05-09,CMP-META-02,$372.72,20898.0,585
2025-05-09,CMP-GOOG-01,$600.32,24996.0,683
2025-05-09,CMP-GOOG-02,623.64 USD,32823.0,1303
2025-05-09,CMP-EML-01,57.52,3632.0,101
2025-05-09,CMP-AFF-01,180.9,13060.0,345
2025-05-09,CMP-ORG-00,0.00 USD,1258.0,34
2025-05-10,CMP-META-01,377.76 USD,25179.0,428
2025-05-10,CMP-META-02,717.86,45757.0,840
2025-05-10,CMP-GOOG-01,$712.54,42033.0,788
2025-05-10,CMP-GOOG-02,$644.03,36841.0,845
2025-05-10,CMP-EML-01,34.07 USD,2569.0,88
2025-05-10,CMP-AFF-01,105.78 USD,4467.0,136
2025-05-10,CMP-ORG-00,$0.00,1404.0,21
2025-05-11,CMP-META-01,$339.84,22975.0,714
2025-05-11,CMP-META-02,$554.58,35397.0,730
2025-05-11,CMP-GOOG-01,$606.02,26907.0,846
11/05/2025,CMP-GOOG-02,$514.51,28154.0,968
2025-05-11,CMP-EML-01,$31.19,1464.0,25
2025-05-11,CMP-AFF-01,165.25 USD,7691.0,128
11/05/2025,CMP-ORG-00,$0.00,878.0,19
2025-05-12,CMP-META-01,$276.59,19528.0,741
2025-05-12,CMP-META-02,475.66 USD,25177.0,855
2025-05-12,CMP-GOOG-01,792.63,59854.0,1308
2025-05-12,CMP-GOOG-02,466.05,,749
2025-05-12,CMP-EML-01,64.09,3927.0,101
2025-05-12,CMP-AFF-01,197.20 USD,10508.0,293
2025-05-12,CMP-ORG-00,0.00 USD,1437.0,35
2025-05-13,CMP-META-01,316.98,14897.0,518
2025-05-13,CMP-META-02,$734.44,39637.0,1552
2025-05-13,CMP-GOOG-01,$374.64,24941.0,601
2025-05-13,CMP-GOOG-02,739.49,55973.0,1928
2025-05-13,CMP-EML-01,  ,3192.0,83
2025-05-13,CMP-AFF-01,117.35,5626.0,119
13/05/2025,CMP-ORG-00,0.00 USD,510.0,19
2025-05-14,CMP-META-01,474.51,28951.0,1086
2025-05-14,CMP-META-02,609.56 USD,39357.0,1436
2025-05-14,CMP-GOOG-01,563.42,44038.0,1374
2025-05-14,CMP-GOOG-02,442.17,27559.0,923
2025-05-14,CMP-EML-01,$73.86,4089.0,149
2025-05-14,CMP-AFF-01,$144.96,9351.0,312
2025-05-14,CMP-ORG-00,0.0,1079.0,17
2025-05-15,CMP-META-01,658.67 USD,44391.0,1490
15/05/2025,CMP-META-02,$488.65,24294.0,917
15/05/2025,CMP-GOOG-01,710.81,38007.0,793
2025-05-15,CMP-GOOG-02,470.47,37360.0,1323
15/05/2025,CMP-EML-01,$57.75,,141
2025-05-15,CMP-AFF-01,205.2,12703.0,486
2025-05-15,CMP-ORG-00,0.0,528.0,20
2025-05-16,CMP-META-01,607.78,31009.0,1088
2025-05-16,CMP-META-02,701.29,45689.0,1592
16/05/2025,CMP-GOOG-01,$628.79,32273.0,487
16/05/2025,CMP-GOOG-02,832.88 USD,63396.0,2165
16/05/2025,CMP-EML-01,42.61 USD,2127.0,57
2025-05-16,CMP-AFF-01,$177.02,13530.0,237
2025-05-16,CMP-ORG-00,$0.00,1086.0,21
2025-05-17,CMP-META-01,466.28,22429.0,336
2025-05-17,CMP-META-02,375.59 USD,21345.0,458
2025-05-17,CMP-GOOG-01,352.09,17898.0,703
17/05/2025,CMP-GOOG-02,$536.84,42608.0,771
2025-05-17,CMP-EML-01,59.28,3843.0,125
2025-05-17,CMP-AFF-01,$183.90,10285.0,403
2025-05-17,CMP-ORG-00,$0.00,1025.0,32
2025-05-18,CMP-META-01,$688.08,30944.0,756
18/05/2025,CMP-META-02,  ,14471.0,573
18/05/2025,CMP-GOOG-01,$355.43,26208.0,660
2025-05-18,CMP-GOOG-02,798.21,46494.0,1268
2025-05-18,CMP-EML-01,60.36 USD,2807.0,104
18/05/2025,CMP-AFF-01,209.75 USD,9347.0,259
2025-05-18,CMP-ORG-00,$0.00,586.0,11
2025-05-19,CMP-META-01,  ,26252.0,680
19/05/2025,CMP-META-02,$620.24,41354.0,764
2025-05-19,CMP-GOOG-01,386.47,29198.0,1042
2025-05-19,CMP-GOOG-02,$497.78,29372.0,1004
19/05/2025,CMP-EML-01,33.75,2273.0,35
2025-05-19,CMP-AFF-01,191.65,15225.0,356
2025-05-19,CMP-ORG-00,0.00 USD,571.0,21
20/05/2025,CMP-META-02,523.73,21386.0,837
2025-05-20,CMP-GOOG-01,350.09 USD,21895.0,330
2025-05-20,CMP-GOOG-02,301.85,13347.0,470
2025-05-20,CMP-EML-01,54.72,2647.0,80
2025-05-20,CMP-AFF-01,$186.15,14501.0,473
20/05/2025,CMP-ORG-00,$0.00,678.0,20
2025-05-21,CMP-META-01,558.81,34133.0,761
2025-05-21,CMP-META-02,544.71 USD,37778.0,1341
21/05/2025,CMP-GOOG-01,$565.40,35997.0,1048
2025-05-21,CMP-GOOG-02,$382.32,26497.0,1004
2025-05-21,CMP-EML-01,31.13,1292.0,36
2025-05-21,CMP-AFF-01,84.2,4903.0,138
21/05/2025,CMP-ORG-00,$0.00,940.0,24
2025-05-22,CMP-META-01,$534.59,25216.0,1003
2025-05-22,CMP-META-02,$345.35,26187.0,736
2025-05-22,CMP-GOOG-01,459.49,23513.0,533
2025-05-22,CMP-GOOG-02,515.93 USD,23841.0,446
2025-05-22,CMP-EML-01,58.26,3022.0,104
2025-05-22,CMP-AFF-01,104.76,7799.0,218
2025-05-22,CMP-ORG-00,0.0,948.0,32
2025-05-23,CMP-META-01,463.33 USD,19995.0,489
2025-05-23,CMP-META-02,$514.16,27864.0,529
23/05/2025,CMP-GOOG-02,$391.99,15741.0,512
2025-05-23,CMP-EML-01,$47.46,2204.0,69
23/05/2025,CMP-AFF-01,$161.79,9672.0,386
2025-05-23,CMP-ORG-00,0.00 USD,1050.0,31
2025-05-24,CMP-META-01,  ,17628.0,654
2025-05-24,CMP-GOOG-01,$325.14,23298.0,582
24/05/2025,CMP-GOOG-02,$407.99,28233.0,700
24/05/2025,CMP-EML-01,39.68,2464.0,71
2025-05-24,CMP-AFF-01,  ,14182.0,305
2025-05-24,CMP-ORG-00,0.00 USD,763.0,28
2025-05-25,CMP-META-01,332.31,15802.0,494
2025-05-25,CMP-META-02,652.64,33504.0,929
2025-05-25,CMP-GOOG-01,443.94 USD,30876.0,489
2025-05-25,CMP-GOOG-02,728.65,42133.0,1393
25/05/2025,CMP-EML-01,78.98,5579.0,177
2025-05-25,CMP-AFF-01,$101.35,7610.0,144
2025-05-25,CMP-ORG-00,0.0,692.0,20
2025-05-26,CMP-META-01,$275.04,16298.0,480
2025-05-26,CMP-META-02,$411.04,19951.0,797
2025-05-26,CMP-GOOG-01,479.81,23044.0,479
2025-05-26,CMP-GOOG-02,746.88,40647.0,706
2025-05-26,CMP-EML-01,53.84 USD,3132.0,74
2025-05-26,CMP-AFF-01,$97.60,7104.0,117
2025-05-26,CMP-ORG-00,0.00 USD,1324.0,36
2025-05-27,CMP-META-01,496.95 USD,34571.0,679
27/05/2025,CMP-META-02,556.08,33987.0,820
2025-05-27,CMP-GOOG-01,$689.03,37156.0,1173
2025-05-27,CMP-GOOG-02,624.12,43905.0,1238
27/05/2025,CMP-EML-01,74.26,3540.0,99
2025-05-27,CMP-AFF-01,95.93,4506.0,113
2025-05-27,CMP-ORG-00,0.00 USD,678.0,21
2025-05-28,CMP-META-01,281.64 USD,19926.0,442
2025-05-28,CMP-META-02,354.81,15222.0,514
2025-05-28,CMP-GOOG-01,788.15,40736.0,796
2025-05-28,CMP-GOOG-02,$774.89,36430.0,1306
2025-05-28,CMP-EML-01,56.15 USD,3910.0,125
2025-05-28,CMP-AFF-01,$163.64,8163.0,287
2025-05-28,CMP-ORG-00,0.0,1105.0,27
2025-05-29,CMP-META-01,274.37,18825.0,657
2025-05-29,CMP-META-02,$256.91,12891.0,486
29/05/2025,CMP-GOOG-01,$757.98,49412.0,1145
2025-05-29,CMP-GOOG-02,$522.54,21199.0,814
29/05/2025,CMP-EML-01,67.16 USD,4536.0,71
2025-05-29,CMP-AFF-01,$189.87,11838.0,204
2025-05-29,CMP-ORG-00,$0.00,1408.0,36
2025-05-30,CMP-META-01,598.78 USD,,498
2025-05-30,CMP-META-02,558.16,28122.0,1019
2025-05-30,CMP-GOOG-01,397.55,25069.0,867
30/05/2025,CMP-GOOG-02,730.35,,1019
2025-05-30,CMP-EML-01,$78.88,3929.0,111
2025-05-30,CMP-AFF-01,  ,4003.0,148
30/05/2025,CMP-ORG-00,$0.00,,19
2025-05-31,CMP-META-01,490.09 USD,22961.0,861
2025-05-31,CMP-META-02,407.37,21656.0,628
2025-05-31,CMP-GOOG-01,$658.42,29622.0,1077
2025-05-31,CMP-GOOG-02,$537.32,33045.0,1096
31/05/2025,CMP-EML-01,$48.29,2519.0,42
2025-05-31,CMP-AFF-01,115.34,8094.0,143
2025-05-31,CMP-ORG-00,0.0,755.0,22
2025-06-01,CMP-META-01,612.86,33967.0,1200
2025-06-01,CMP-META-02,360.41,24129.0,545
2025-06-01,CMP-GOOG-01,347.88,19513.0,746
2025-06-01,CMP-GOOG-02,820.92,49711.0,1526
2025-06-01,CMP-EML-01,53.72,2566.0,68
2025-06-01,CMP-AFF-01,84.26,5563.0,147
2025-06-01,CMP-ORG-00,$0.00,1138.0,27
2025-06-02,CMP-META-01,521.99,41524.0,1351
2025-06-02,CMP-GOOG-01,740.91,50235.0,811
2025-06-02,CMP-GOOG-02,300.57,15163.0,586
02/06/2025,CMP-EML-01,62.44,3667.0,145
2025-06-02,CMP-AFF-01,179.78,14092.0,341
2025-06-02,CMP-ORG-00,0.00 USD,798.0,17
2025-06-03,CMP-META-01,419.48 USD,25668.0,904
2025-06-03,CMP-META-02,678.63 USD,42823.0,1574
03/06/2025,CMP-GOOG-01,$468.00,28174.0,586
2025-06-03,CMP-EML-01,77.46,3893.0,98
2025-06-03,CMP-AFF-01,192.78 USD,8732.0,281
03/06/2025,CMP-ORG-00,0.00 USD,1010.0,29
2025-06-04,CMP-META-01,303.68,13501.0,481
2025-06-04,CMP-META-02,$538.70,22839.0,791
2025-06-04,CMP-GOOG-01,807.19,60004.0,1359
2025-06-04,CMP-EML-01,$30.99,1557.0,53
2025-06-04,CMP-AFF-01,$87.52,4896.0,146
2025-06-04,CMP-ORG-00,0.0,1431.0,34
2025-06-05,CMP-META-01,258.58,20206.0,553
2025-06-05,CMP-META-02,497.48,21950.0,346
2025-06-05,CMP-GOOG-01,690.31,49417.0,1927
2025-06-05,CMP-GOOG-02,$451.79,28140.0,502
2025-06-05,CMP-EML-01,56.67,3094.0,92
05/06/2025,CMP-AFF-01,184.66,12248.0,482
2025-06-05,CMP-ORG-00,$0.00,1137.0,43
2025-06-06,CMP-META-01,$256.64,15942.0,513
2025-06-06,CMP-META-02,556.63 USD,44053.0,853
2025-06-06,CMP-GOOG-02,342.16,22291.0,451
06/06/2025,CMP-EML-01,$61.05,3695.0,107
2025-06-06,CMP-AFF-01,$166.60,11106.0,382
2025-06-06,CMP-ORG-00,0.0,852.0,15
2025-06-07,CMP-META-01,$558.33,24657.0,975
2025-06-07,CMP-META-02,576.34,40491.0,1163
2025-06-07,CMP-GOOG-01,  ,44947.0,1224
2025-06-07,CMP-GOOG-02,  ,32352.0,894
2025-06-07,CMP-EML-01,$73.09,5454.0,133
2025-06-07,CMP-AFF-01,  ,7857.0,238
2025-06-07,CMP-ORG-00,0.0,1469.0,56
2025-06-08,CMP-META-01,608.11,42416.0,1440
2025-06-08,CMP-META-02,738.99 USD,46957.0,1471
2025-06-08,CMP-GOOG-01,534.93,22855.0,441
2025-06-08,CMP-GOOG-02,515.58 USD,39073.0,587
2025-06-08,CMP-EML-01,53.8,2633.0,92
2025-06-08,CMP-AFF-01,  ,7238.0,171
2025-06-09,CMP-META-01,  ,19041.0,671
2025-06-09,CMP-META-02,268.12,16252.0,507
2025-06-09,CMP-GOOG-01,  ,54072.0,1101
2025-06-09,CMP-GOOG-02,  ,24556.0,458
2025-06-09,CMP-EML-01,54.91,3303.0,97
2025-06-09,CMP-AFF-01,97.54,4957.0,182
2025-06-09,CMP-ORG-00,0.0,1234.0,42
10/06/2025,CMP-META-01,$441.77,21602.0,558
2025-06-10,CMP-META-02,515.1,25981.0,496
2025-06-10,CMP-GOOG-01,$578.60,31685.0,992
2025-06-10,CMP-GOOG-02,360.2,21364.0,614
10/06/2025,CMP-EML-01,$57.34,4499.0,164
2025-06-10,CMP-AFF-01,129.01 USD,8578.0,307
2025-06-10,CMP-ORG-00,0.0,1269.0,23
2025-06-11,CMP-META-01,  ,37378.0,1190
2025-06-11,CMP-META-02,649.83,,990
2025-06-11,CMP-GOOG-01,577.17,40182.0,1148
2025-06-11,CMP-GOOG-02,481.64 USD,19394.0,462
2025-06-11,CMP-EML-01,60.69 USD,3880.0,79
2025-06-11,CMP-AFF-01,86.07,5986.0,134
2025-06-11,CMP-ORG-00,0.0,720.0,14
2025-06-12,CMP-META-01,334.34 USD,,416
2025-06-12,CMP-META-02,402.5,20394.0,609
12/06/2025,CMP-GOOG-01,432.12,21281.0,413
2025-06-12,CMP-GOOG-02,$804.78,62968.0,1827
2025-06-12,CMP-EML-01,57.39,3118.0,72
2025-06-12,CMP-AFF-01,214.46,14918.0,553
2025-06-12,CMP-ORG-00,$0.00,774.0,28
2025-06-13,CMP-META-01,654.58,44082.0,812
2025-06-13,CMP-META-02,$391.10,23879.0,861
2025-06-13,CMP-GOOG-01,844.38 USD,35697.0,936
13/06/2025,CMP-GOOG-02,$348.19,21930.0,399
13/06/2025,CMP-EML-01,58.75,2991.0,80
2025-06-13,CMP-AFF-01,101.74 USD,7816.0,214
2025-06-13,CMP-ORG-00,$0.00,1175.0,43
2025-06-14,CMP-META-01,445.31,24986.0,671
2025-06-14,CMP-META-02,703.26,29191.0,773
2025-06-14,CMP-GOOG-01,813.31,43429.0,1245
2025-06-14,CMP-GOOG-02,420.77,22269.0,585
2025-06-14,CMP-EML-01,46.25,3277.0,117
14/06/2025,CMP-AFF-01,122.28 USD,5585.0,131
2025-06-14,CMP-ORG-00,  ,889.0,27
2025-06-15,CMP-META-01,$566.80,27433.0,1002
2025-06-15,CMP-META-02,503.92,29489.0,697
2025-06-15,CMP-GOOG-01,781.53,59204.0,1035
2025-06-15,CMP-GOOG-02,$746.58,54987.0,1334
2025-06-15,CMP-EML-01,  ,1755.0,33
2025-06-15,CMP-AFF-01,141.02 USD,6566.0,138
2025-06-16,CMP-META-01,736.81,37833.0,877
2025-06-16,CMP-META-02,$415.43,23105.0,420
16/06/2025,CMP-GOOG-01,353.30 USD,25525.0,494
2025-06-16,CMP-GOOG-02,501.58,20859.0,329
2025-06-16,CMP-EML-01,$77.91,4221.0,73
2025-06-16,CMP-ORG-00,0.0,521.0,15
2025-06-17,CMP-META-01,317.68 USD,14426.0,280
2025-06-17,CMP-META-02,394.99,19131.0,514
2025-06-17,CMP-GOOG-01,$706.41,42462.0,854
17/06/2025,CMP-GOOG-02,738.78,56140.0,2052
2025-06-17,CMP-EML-01,38.32,2693.0,92
2025-06-17,CMP-AFF-01,$141.85,6472.0,97
2025-06-17,CMP-ORG-00,$0.00,1058.0,22
2025-06-18,CMP-META-01,466.33 USD,27380.0,937
2025-06-18,CMP-META-02,  ,,366
2025-06-18,CMP-GOOG-01,$578.92,23184.0,494
2025-06-18,CMP-GOOG-02,752.25 USD,39120.0,811
2025-06-18,CMP-EML-01,  ,2906.0,53
2025-06-18,CMP-AFF-01,103.01,6986.0,214
2025-06-18,CMP-ORG-00,0.0,632.0,12
2025-06-19,CMP-META-01,435.41,18959.0,598
2025-06-19,CMP-META-02,$352.98,22206.0,439
2025-06-19,CMP-GOOG-01,613.01,44871.0,924
2025-06-19,CMP-GOOG-02,827.89,45693.0,1411
2025-06-19,CMP-EML-01,$47.11,2180.0,83
2025-06-19,CMP-AFF-01,213.85,14662.0,251
2025-06-19,CMP-ORG-00,$0.00,979.0,19
2025-06-20,CMP-META-01,$587.03,42210.0,865
2025-06-20,CMP-META-02,$624.59,44970.0,820
20/06/2025,CMP-GOOG-01,355.89 USD,27271.0,645
2025-06-20,CMP-EML-01,$42.78,3342.0,68
2025-06-20,CMP-ORG-00,$0.00,1269.0,21
2025-06-21,CMP-META-01,$407.83,32377.0,587
2025-06-21,CMP-META-02,387.22,18352.0,571
21/06/2025,CMP-GOOG-01,665.47,37805.0,596
2025-06-21,CMP-GOOG-02,634.65,32871.0,536
2025-06-21,CMP-EML-01,74.54,4275.0,147
2025-06-21,CMP-AFF-01,184.89 USD,9371.0,286
2025-06-21,CMP-ORG-00,0.0,796.0,25
2025-06-22,CMP-META-01,647.49,49175.0,1318
2025-06-22,CMP-META-02,$617.45,35078.0,743
2025-06-22,CMP-GOOG-01,732.34 USD,30408.0,575
2025-06-22,CMP-GOOG-02,  ,49682.0,1637
2025-06-22,CMP-EML-01,32.37,1718.0,40
22/06/2025,CMP-AFF-01,99.98 USD,4846.0,122
2025-06-22,CMP-ORG-00,$0.00,538.0,10
2025-06-23,CMP-META-01,534.43,31078.0,631
2025-06-23,CMP-META-02,494.6,33655.0,1276
2025-06-23,CMP-GOOG-01,$738.68,30724.0,812
2025-06-23,CMP-GOOG-02,792.7,37731.0,1500
2025-06-23,CMP-EML-01,78.44,4835.0,107
2025-06-23,CMP-AFF-01,$173.26,7061.0,157
2025-06-23,CMP-ORG-00,0.0,1425.0,28
2025-06-24,CMP-META-01,299.07 USD,23666.0,448
2025-06-24,CMP-META-02,$335.67,22060.0,348
2025-06-24,CMP-GOOG-01,$797.19,49789.0,1087
2025-06-24,CMP-GOOG-02,456.99 USD,28278.0,817
2025-06-24,CMP-EML-01,$69.69,5057.0,173
2025-06-24,CMP-AFF-01,107.30 USD,5983.0,172
2025-06-24,CMP-ORG-00,$0.00,1209.0,44
2025-06-25,CMP-META-01,$347.31,16629.0,552
2025-06-25,CMP-META-02,723.21,29954.0,770
2025-06-25,CMP-GOOG-01,  ,19599.0,337
25/06/2025,CMP-GOOG-02,687.33 USD,29232.0,513
2025-06-25,CMP-EML-01,48.53,3169.0,57
2025-06-25,CMP-AFF-01,103.84,5871.0,211
2025-06-25,CMP-ORG-00,0.0,785.0,17
26/06/2025,CMP-META-01,$689.65,,1258
2025-06-26,CMP-META-02,$633.12,46785.0,714
2025-06-26,CMP-GOOG-01,347.56,23904.0,599
2025-06-26,CMP-GOOG-02,383.30 USD,27171.0,661
2025-06-26,CMP-EML-01,44.72,1802.0,47
2025-06-26,CMP-AFF-01,$147.09,11224.0,267
2025-06-26,CMP-ORG-00,0.00 USD,1494.0,29
2025-06-27,CMP-META-01,331.55 USD,22725.0,890
2025-06-27,CMP-META-02,$413.43,16964.0,644
2025-06-27,CMP-GOOG-01,594.04,38975.0,1184
2025-06-27,CMP-GOOG-02,525.34,23584.0,378
2025-06-27,CMP-EML-01,41.50 USD,2220.0,44
2025-06-27,CMP-AFF-01,161.76,11492.0,397
2025-06-27,CMP-ORG-00,  ,1230.0,36
2025-06-28,CMP-META-01,725.87 USD,55842.0,1399
2025-06-28,CMP-META-02,264.43,15134.0,594
2025-06-28,CMP-GOOG-01,$418.84,18610.0,610
2025-06-28,CMP-GOOG-02,565.91,42931.0,1046
2025-06-28,CMP-EML-01,31.93,2257.0,55
2025-06-28,CMP-AFF-01,190.50 USD,8938.0,187
2025-06-28,CMP-ORG-00,0.00 USD,1426.0,21
2025-06-29,CMP-META-01,636.79,32414.0,845
2025-06-29,CMP-META-02,$643.07,33972.0,1197
2025-06-29,CMP-GOOG-01,$522.98,41529.0,794
2025-06-29,CMP-GOOG-02,$519.72,40242.0,972
2025-06-29,CMP-EML-01,37.64,1611.0,34
2025-06-29,CMP-AFF-01,132.59,10502.0,164
2025-06-30,CMP-META-01,$552.88,24186.0,571
2025-06-30,CMP-META-02,$435.42,21103.0,775
30/06/2025,CMP-GOOG-01,  ,38989.0,1047
2025-06-30,CMP-GOOG-02,$489.94,34244.0,771
2025-06-30,CMP-EML-01,$62.45,3642.0,131
2025-06-30,CMP-AFF-01,$170.33,8174.0,190
2025-06-30,CMP-ORG-00,0.00 USD,1105.0,38
2025-07-01,CMP-META-01,258.68,14037.0,271
01/07/2025,CMP-META-02,566.64,27003.0,1074
2025-07-01,CMP-GOOG-01,$839.18,51844.0,1414
2025-07-01,CMP-GOOG-02,$441.80,29355.0,1014
01/07/2025,CMP-EML-01,$49.95,3756.0,109
2025-07-01,CMP-AFF-01,104.78 USD,7564.0,286
01/07/2025,CMP-ORG-00,0.0,700.0,23
2025-07-02,CMP-META-02,417.58 USD,17601.0,546
2025-07-02,CMP-GOOG-01,$553.74,35123.0,1237
2025-07-02,CMP-GOOG-02,325.17,25492.0,572
2025-07-02,CMP-EML-01,$67.92,3354.0,101
2025-07-02,CMP-AFF-01,$168.59,8956.0,207
2025-07-02,CMP-ORG-00,$0.00,519.0,15
2025-07-03,CMP-META-01,$594.83,24889.0,387
2025-07-03,CMP-META-02,  ,14003.0,294
2025-07-03,CMP-GOOG-01,628.37,33636.0,1287
2025-07-03,CMP-GOOG-02,330.8,16075.0,609
2025-07-03,CMP-EML-01,74.25 USD,4706.0,90
2025-07-03,CMP-AFF-01,189.68,8604.0,156
2025-07-03,CMP-ORG-00,0.0,1013.0,17
2025-07-04,CMP-META-01,$388.40,18163.0,501
2025-07-04,CMP-META-02,$678.65,27199.0,871
2025-07-04,CMP-GOOG-01,$845.58,35726.0,1192
2025-07-04,CMP-GOOG-02,$556.34,42006.0,735
2025-07-04,CMP-EML-01,54.18,3977.0,141
2025-07-04,CMP-AFF-01,$89.69,3885.0,155
04/07/2025,CMP-ORG-00,$0.00,1327.0,30
05/07/2025,CMP-META-01,385.41 USD,22785.0,715
2025-07-05,CMP-META-02,$544.62,30391.0,762
2025-07-05,CMP-GOOG-01,$688.31,52752.0,1324
2025-07-05,CMP-GOOG-02,566.55,32845.0,598
2025-07-05,CMP-EML-01,58.69,2485.0,96
2025-07-05,CMP-AFF-01,210.14,12584.0,307
2025-07-05,CMP-ORG-00,0.0,1233.0,27
2025-07-06,CMP-META-01,542.60 USD,31713.0,940
2025-07-06,CMP-META-02,  ,17558.0,354
06/07/2025,CMP-GOOG-01,$697.47,48842.0,886
2025-07-06,CMP-GOOG-02,706.13 USD,52232.0,1782
2025-07-06,CMP-EML-01,48.92 USD,3868.0,129
2025-07-06,CMP-AFF-01,128.19,9399.0,273
2025-07-06,CMP-ORG-00,0.00 USD,621.0,15
2025-07-07,CMP-META-01,409.63 USD,31290.0,772
2025-07-07,CMP-META-02,743.39,47602.0,991
2025-07-07,CMP-GOOG-01,436.02,24141.0,465
07/07/2025,CMP-GOOG-02,  ,23462.0,517
07/07/2025,CMP-EML-01,$56.13,2599.0,79
2025-07-07,CMP-AFF-01,137.74,8607.0,199
2025-07-07,CMP-ORG-00,0.00 USD,1445.0,23
2025-07-08,CMP-META-01,269.37 USD,12872.0,215
08/07/2025,CMP-META-02,$548.92,26932.0,682
2025-07-08,CMP-GOOG-01,696.36 USD,45051.0,1044
2025-07-08,CMP-GOOG-02,$625.84,46050.0,1409
08/07/2025,CMP-EML-01,$34.94,2511.0,56
2025-07-08,CMP-AFF-01,195.41 USD,11910.0,336
2025-07-08,CMP-ORG-00,$0.00,892.0,29
2025-07-09,CMP-META-01,$495.93,33109.0,1026
2025-07-09,CMP-META-02,469.56 USD,36798.0,1277
2025-07-09,CMP-GOOG-01,620.81,44787.0,1143
09/07/2025,CMP-GOOG-02,455.91,25355.0,390
2025-07-09,CMP-EML-01,$73.93,4226.0,126
2025-07-09,CMP-AFF-01,120.56,,172
2025-07-09,CMP-ORG-00,0.0,967.0,26
2025-07-10,CMP-META-01,522.73 USD,27518.0,688
2025-07-10,CMP-META-02,$525.91,35674.0,950
10/07/2025,CMP-GOOG-01,$408.30,18299.0,501
2025-07-10,CMP-GOOG-02,311.92,21116.0,491
2025-07-10,CMP-EML-01,$56.27,4241.0,105
10/07/2025,CMP-AFF-01,217.83 USD,13105.0,273
2025-07-10,CMP-ORG-00,0.0,1487.0,36
2025-07-11,CMP-META-01,$467.22,36385.0,1217
11/07/2025,CMP-META-02,$407.41,27442.0,670
2025-07-11,CMP-GOOG-01,$622.92,34793.0,713
2025-07-11,CMP-GOOG-02,$543.80,,1106
2025-07-11,CMP-EML-01,42.42,1911.0,48
2025-07-11,CMP-ORG-00,$0.00,535.0,20
2025-07-12,CMP-META-01,$607.90,38912.0,627
2025-07-12,CMP-META-02,$385.15,17299.0,684
2025-07-12,CMP-GOOG-01,345.41,15263.0,516
12/07/2025,CMP-GOOG-02,646.27,50666.0,1008
2025-07-12,CMP-EML-01,$33.84,2049.0,31
2025-07-12,CMP-AFF-01,89.67,,224
2025-07-12,CMP-ORG-00,0.0,802.0,23
2025-07-13,CMP-META-02,662.54,45662.0,1388
13/07/2025,CMP-GOOG-01,$364.26,22145.0,671
2025-07-13,CMP-GOOG-02,518.87,24201.0,404
2025-07-13,CMP-EML-01,79.01 USD,4669.0,133
2025-07-13,CMP-AFF-01,195.18 USD,10009.0,242
2025-07-13,CMP-ORG-00,0.0,685.0,21
2025-07-14,CMP-META-01,307.45,20404.0,416
2025-07-14,CMP-META-02,$351.87,14335.0,275
2025-07-14,CMP-GOOG-01,802.08 USD,35140.0,527
2025-07-14,CMP-GOOG-02,$762.73,47822.0,1244
2025-07-14,CMP-AFF-01,$94.41,7419.0,240
2025-07-14,CMP-ORG-00,0.0,723.0,16
2025-07-15,CMP-META-01,$535.85,40819.0,969
2025-07-15,CMP-META-02,709.67 USD,40183.0,1246
2025-07-15,CMP-GOOG-01,685.72 USD,44671.0,1306
2025-07-15,CMP-GOOG-02,$304.29,17813.0,511
2025-07-15,CMP-EML-01,$55.45,2559.0,57
2025-07-15,CMP-AFF-01,$97.42,4660.0,71
2025-07-15,CMP-ORG-00,$0.00,1120.0,21
2025-07-16,CMP-META-01,263.7,10878.0,263
2025-07-16,CMP-META-02,$652.76,28763.0,935
2025-07-16,CMP-GOOG-01,$628.34,32574.0,718
2025-07-16,CMP-GOOG-02,809.29,38333.0,907
2025-07-16,CMP-EML-01,$46.40,2140.0,36
2025-07-16,CMP-AFF-01,$214.97,,234
2025-07-16,CMP-ORG-00,0.0,1097.0,31
17/07/2025,CMP-META-01,258.62,13700.0,362
2025-07-17,CMP-META-02,$419.33,26487.0,722
2025-07-17,CMP-GOOG-01,$669.86,48471.0,974
2025-07-17,CMP-GOOG-02,482.23,33698.0,1163
17/07/2025,CMP-EML-01,$38.25,2497.0,96
2025-07-17,CMP-AFF-01,111.83,4520.0,136
2025-07-17,CMP-ORG-00,0.00 USD,759.0,16
18/07/2025,CMP-META-01,279.53,18411.0,568
2025-07-18,CMP-META-02,$428.25,34018.0,1253
2025-07-18,CMP-GOOG-01,  ,19898.0,705
2025-07-18,CMP-GOOG-02,  ,33152.0,1220
18/07/2025,CMP-EML-01,$79.21,6066.0,115
2025-07-18,CMP-AFF-01,147.16,8115.0,240
2025-07-18,CMP-ORG-00,$0.00,608.0,11
2025-07-19,CMP-META-01,$511.73,23169.0,439
2025-07-19,CMP-META-02,503.28,32559.0,1204
2025-07-19,CMP-GOOG-01,$600.96,31631.0,833
2025-07-19,CMP-GOOG-02,420.6,26771.0,571
2025-07-19,CMP-EML-01,$73.50,3779.0,84
2025-07-19,CMP-AFF-01,80.19,4300.0,104
2025-07-19,CMP-ORG-00,0.0,1049.0,27
2025-07-20,CMP-META-01,614.35,30907.0,624
2025-07-20,CMP-META-02,748.91,55038.0,931
2025-07-20,CMP-GOOG-01,407.78,22605.0,613
2025-07-20,CMP-GOOG-02,684.62,40694.0,1418
2025-07-20,CMP-EML-01,76.20 USD,5291.0,137
2025-07-20,CMP-AFF-01,219.4,8861.0,302
2025-07-20,CMP-ORG-00,0.0,693.0,24
2025-07-21,CMP-META-01,727.68 USD,38792.0,1393
2025-07-21,CMP-META-02,$563.56,27176.0,952
21/07/2025,CMP-GOOG-01,737.53,,1503
2025-07-21,CMP-GOOG-02,682.77,52030.0,1078
2025-07-21,CMP-EML-01,$72.26,4137.0,84
21/07/2025,CMP-AFF-01,$149.18,7353.0,253
22/07/2025,CMP-META-01,$646.69,29608.0,1181
2025-07-22,CMP-META-02,687.67 USD,38990.0,1438
22/07/2025,CMP-GOOG-02,$805.97,54979.0,916
2025-07-22,CMP-EML-01,$50.17,3057.0,58
2025-07-22,CMP-AFF-01,$124.24,8077.0,169
2025-07-22,CMP-ORG-00,0.0,790.0,12
2025-07-23,CMP-META-01,686.63,45966.0,1621
2025-07-23,CMP-META-02,$653.89,39091.0,1320
2025-07-23,CMP-GOOG-01,$473.44,36118.0,1284
2025-07-23,CMP-GOOG-02,775.00 USD,53966.0,838
2025-07-23,CMP-EML-01,59.02,2553.0,85
2025-07-23,CMP-AFF-01,103.95,6644.0,190
23/07/2025,CMP-ORG-00,$0.00,1369.0,43
2025-07-24,CMP-META-01,$510.12,32344.0,1201
2025-07-24,CMP-META-02,290.87,14616.0,319
2025-07-24,CMP-GOOG-01,$717.83,51554.0,1787
2025-07-24,CMP-GOOG-02,378.03 USD,26718.0,951
2025-07-24,CMP-EML-01,43.82,3085.0,83
2025-07-24,CMP-AFF-01,$217.54,13566.0,448
24/07/2025,CMP-ORG-00,0.0,558.0,16
25/07/2025,CMP-META-01,$390.63,20800.0,667
2025-07-25,CMP-META-02,274.69,12491.0,475
2025-07-25,CMP-GOOG-01,628.07,25816.0,516
2025-07-25,CMP-GOOG-02,549.39 USD,30592.0,1127
2025-07-25,CMP-EML-01,48.41 USD,3147.0,47
2025-07-25,CMP-AFF-01,152.59 USD,12017.0,286
2025-07-25,CMP-ORG-00,$0.00,934.0,18
2025-07-26,CMP-META-01,$279.50,16807.0,440
2025-07-26,CMP-META-02,$353.58,16549.0,615
2025-07-26,CMP-GOOG-01,$796.56,59057.0,1646
2025-07-26,CMP-GOOG-02,$763.90,35449.0,833
2025-07-26,CMP-EML-01,$38.09,2375.0,80
2025-07-26,CMP-AFF-01,89.11,4626.0,106
2025-07-26,CMP-ORG-00,$0.00,659.0,19
2025-07-27,CMP-META-01,$699.79,31098.0,513
2025-07-27,CMP-META-02,543.08 USD,32777.0,1099
2025-07-27,CMP-GOOG-01,517.67,30625.0,487
2025-07-27,CMP-EML-01,  ,2532.0,94
2025-07-27,CMP-AFF-01,115.07 USD,6839.0,211
27/07/2025,CMP-ORG-00,0.0,1340.0,43
2025-07-28,CMP-META-01,262.17 USD,10944.0,404
2025-07-28,CMP-META-02,551.27,31368.0,739
2025-07-28,CMP-GOOG-01,828.74,51548.0,1917
2025-07-28,CMP-GOOG-02,314.1,15513.0,423
2025-07-28,CMP-EML-01,$40.84,3002.0,55
2025-07-28,CMP-AFF-01,  ,4200.0,78
2025-07-28,CMP-ORG-00,0.00 USD,986.0,19
2025-07-29,CMP-META-01,$729.23,40496.0,1453
2025-07-29,CMP-META-02,392.02,23540.0,490
2025-07-29,CMP-GOOG-01,$301.28,15029.0,344
2025-07-29,CMP-EML-01,$45.68,3322.0,123
29/07/2025,CMP-AFF-01,$201.65,15247.0,268
2025-07-29,CMP-ORG-00,0.0,1282.0,41
2025-07-30,CMP-META-01,497.37,32657.0,793
2025-07-30,CMP-META-02,611.77,46846.0,745
2025-07-30,CMP-GOOG-01,$481.03,33598.0,1017
2025-07-30,CMP-GOOG-02,511.37,29901.0,851
2025-07-30,CMP-EML-01,  ,4696.0,82
2025-07-30,CMP-AFF-01,$115.84,5556.0,124
30/07/2025,CMP-ORG-00,$0.00,1315.0,26
2025-07-31,CMP-META-01,546.86,30516.0,1102
31/07/2025,CMP-META-02,404.42,18002.0,288
2025-07-31,CMP-GOOG-01,363.53,19626.0,457
2025-07-31,CMP-GOOG-02,658.68 USD,52287.0,1037
2025-07-31,CMP-EML-01,75.38 USD,5396.0,175
2025-07-31,CMP-AFF-01,107.50 USD,7979.0,316
2025-07-31,CMP-ORG-00,$0.00,1444.0,32
2025-08-01,CMP-META-01,410.04,16885.0,475
2025-08-01,CMP-META-02,317.87,20139.0,564
01/08/2025,CMP-GOOG-01,404.70 USD,29494.0,805
01/08/2025,CMP-GOOG-02,$590.96,41004.0,904
2025-08-01,CMP-EML-01,51.6,3023.0,109
2025-08-01,CMP-AFF-01,179.34 USD,10538.0,392
01/08/2025,CMP-ORG-00,$0.00,697.0,27
2025-08-02,CMP-META-01,463.85,19173.0,317
2025-08-02,CMP-GOOG-01,333.15,22079.0,786
2025-08-02,CMP-GOOG-02,569.98,35430.0,621
2025-08-02,CMP-EML-01,63.38,4325.0,101
2025-08-02,CMP-AFF-01,157.26,7790.0,136
2025-08-02,CMP-ORG-00,$0.00,812.0,16
2025-08-03,CMP-META-01,471.74,20648.0,527
03/08/2025,CMP-META-02,745.92 USD,31607.0,1049
2025-08-03,CMP-GOOG-01,327.12 USD,20735.0,479
2025-08-03,CMP-GOOG-02,585.98,40872.0,1133
2025-08-03,CMP-EML-01,55.96,3157.0,111
2025-08-03,CMP-AFF-01,155.48,11076.0,392
2025-08-03,CMP-ORG-00,0.00 USD,1139.0,40
04/08/2025,CMP-META-01,361.81,15860.0,396
2025-08-04,CMP-META-02,432.66,31446.0,525
2025-08-04,CMP-GOOG-01,661.66 USD,43472.0,1015
2025-08-04,CMP-GOOG-02,817.17,33267.0,1090
2025-08-04,CMP-EML-01,  ,1783.0,31
04/08/2025,CMP-AFF-01,147.96,8074.0,182
2025-08-04,CMP-ORG-00,0.0,511.0,7
2025-08-05,CMP-META-01,702.66 USD,46160.0,1200
2025-08-05,CMP-META-02,361.76 USD,15236.0,596
2025-08-05,CMP-GOOG-01,564.87 USD,26140.0,985
2025-08-05,CMP-GOOG-02,441.08 USD,27016.0,718
2025-08-05,CMP-EML-01,74.11,3468.0,102
05/08/2025,CMP-AFF-01,$186.59,9887.0,284
2025-08-05,CMP-ORG-00,0.0,1409.0,39
2025-08-06,CMP-META-01,$580.55,31800.0,815
2025-08-06,CMP-META-02,317.26,,589
06/08/2025,CMP-GOOG-01,559.59,38050.0,1072
2025-08-06,CMP-GOOG-02,$553.48,41624.0,891
2025-08-06,CMP-EML-01,33.57,2258.0,88
06/08/2025,CMP-AFF-01,210.54 USD,8714.0,213
2025-08-06,CMP-ORG-00,$0.00,1012.0,35
2025-08-07,CMP-META-01,$722.02,47807.0,930
2025-08-07,CMP-META-02,$275.67,14317.0,499
2025-08-07,CMP-GOOG-01,  ,47208.0,824
2025-08-07,CMP-GOOG-02,  ,35746.0,1357
2025-08-07,CMP-EML-01,52.49,4013.0,105
2025-08-07,CMP-AFF-01,$207.59,12569.0,238
2025-08-07,CMP-ORG-00,0.0,1109.0,40
2025-08-08,CMP-META-01,630.27,44538.0,706
2025-08-08,CMP-META-02,562.63,40550.0,742
2025-08-08,CMP-GOOG-01,$848.02,44344.0,1336
2025-08-08,CMP-GOOG-02,710.23,31130.0,1111
2025-08-08,CMP-EML-01,78.97,3375.0,82
2025-08-08,CMP-AFF-01,99.79 USD,7867.0,144
08/08/2025,CMP-ORG-00,$0.00,994.0,24
2025-08-09,CMP-META-01,673.72 USD,31509.0,614
2025-08-09,CMP-META-02,$394.22,30609.0,794
2025-08-09,CMP-GOOG-01,457.33,31903.0,1206
2025-08-09,CMP-GOOG-02,638.32,26122.0,699
2025-08-09,CMP-EML-01,$41.83,3299.0,126
09/08/2025,CMP-AFF-01,$171.70,12956.0,279
2025-08-09,CMP-ORG-00,0.0,574.0,19
2025-08-10,CMP-META-01,$263.08,19553.0,683
2025-08-10,CMP-META-02,748.79,36236.0,763
2025-08-10,CMP-GOOG-01,574.07,41506.0,1554
2025-08-10,CMP-GOOG-02,$763.46,48659.0,1325
2025-08-10,CMP-EML-01,34.4,2040.0,37
2025-08-10,CMP-AFF-01,$157.92,7434.0,175
10/08/2025,CMP-ORG-00,0.0,608.0,16
2025-08-11,CMP-META-01,626.6,40355.0,619
2025-08-11,CMP-META-02,494.23,25783.0,757
2025-08-11,CMP-GOOG-01,$390.96,27148.0,1083
2025-08-11,CMP-GOOG-02,390.21,18911.0,613
2025-08-11,CMP-EML-01,$32.23,2535.0,90
2025-08-11,CMP-AFF-01,130.16,7498.0,134
2025-08-11,CMP-ORG-00,0.0,1489.0,34
2025-08-12,CMP-META-01,413.10 USD,25186.0,706
12/08/2025,CMP-META-02,743.62 USD,30248.0,731
2025-08-12,CMP-GOOG-01,717.64 USD,50476.0,1787
12/08/2025,CMP-GOOG-02,$577.92,42397.0,1515
2025-08-12,CMP-EML-01,37.18 USD,1766.0,43
2025-08-12,CMP-AFF-01,$195.71,13372.0,252
2025-08-12,CMP-ORG-00,0.00 USD,944.0,28
13/08/2025,CMP-META-01,407.87 USD,30241.0,672
2025-08-13,CMP-META-02,$289.22,15041.0,562
13/08/2025,CMP-GOOG-01,733.6,33003.0,1131
13/08/2025,CMP-GOOG-02,346.87,17581.0,587
2025-08-13,CMP-EML-01,$36.22,1913.0,70
2025-08-13,CMP-AFF-01,$102.43,6346.0,97
2025-08-13,CMP-ORG-00,$0.00,603.0,16
2025-08-14,CMP-META-01,$368.81,26526.0,933
14/08/2025,CMP-META-02,521.55 USD,34434.0,1192
14/08/2025,CMP-GOOG-01,$720.20,56965.0,1857
2025-08-14,CMP-GOOG-02,$603.56,44543.0,732
2025-08-14,CMP-EML-01,50.17 USD,2194.0,35
2025-08-14,CMP-AFF-01,108.06,8131.0,271
2025-08-14,CMP-ORG-00,0.0,676.0,14
15/08/2025,CMP-META-01,$286.23,17713.0,359
2025-08-15,CMP-META-02,317.78,22026.0,650
2025-08-15,CMP-GOOG-01,$781.92,32543.0,1107
2025-08-15,CMP-GOOG-02,761.29,53728.0,1788
2025-08-15,CMP-EML-01,77.86,5954.0,171
2025-08-15,CMP-AFF-01,$94.84,6298.0,154
2025-08-15,CMP-ORG-00,$0.00,612.0,9
2025-08-16,CMP-META-01,$425.67,31391.0,484
2025-08-16,CMP-META-02,$577.42,42146.0,1014
2025-08-16,CMP-GOOG-01,$578.34,44756.0,748
2025-08-16,CMP-GOOG-02,$491.45,38060.0,950
2025-08-16,CMP-EML-01,33.22,2115.0,78
2025-08-16,CMP-AFF-01,158.74 USD,10932.0,283
2025-08-16,CMP-ORG-00,0.0,644.0,17
17/08/2025,CMP-META-01,$459.72,33723.0,987
2025-08-17,CMP-META-02,694.18,29548.0,807
2025-08-17,CMP-GOOG-01,348.42 USD,26772.0,1029
2025-08-17,CMP-GOOG-02,716.06,43784.0,1212
2025-08-17,CMP-EML-01,  ,1874.0,70
2025-08-17,CMP-AFF-01,179.93,7747.0,262
2025-08-17,CMP-ORG-00,0.00 USD,1176.0,31
18/08/2025,CMP-META-01,567.39 USD,27623.0,478
2025-08-18,CMP-META-02,451.51 USD,,970
2025-08-18,CMP-GOOG-01,698.77 USD,45029.0,1341
2025-08-18,CMP-GOOG-02,742.79 USD,42231.0,1481
2025-08-18,CMP-EML-01,53.09 USD,3502.0,97
2025-08-18,CMP-AFF-01,$120.08,,198
2025-08-18,CMP-ORG-00,  ,691.0,15
19/08/2025,CMP-META-01,$558.98,26666.0,434
2025-08-19,CMP-META-02,257.67,18699.0,668
2025-08-19,CMP-GOOG-01,$401.12,24196.0,408
2025-08-19,CMP-GOOG-02,$388.61,19252.0,537
2025-08-19,CMP-EML-01,$65.14,4741.0,81
2025-08-19,CMP-AFF-01,189.86,10258.0,325
2025-08-19,CMP-ORG-00,0.0,669.0,17
2025-08-20,CMP-META-01,432.36,20230.0,717
2025-08-20,CMP-EML-01,$57.00,2424.0,48
2025-08-20,CMP-AFF-01,  ,6399.0,132
2025-08-20,CMP-ORG-00,$0.00,645.0,21
2025-08-21,CMP-META-01,334.89 USD,22604.0,861
21/08/2025,CMP-META-02,743.23,56267.0,976
2025-08-21,CMP-GOOG-01,558.08,29475.0,1021
2025-08-21,CMP-GOOG-02,$416.61,23330.0,383
2025-08-21,CMP-EML-01,48.89,2587.0,82
2025-08-21,CMP-AFF-01,164.95,8361.0,177
2025-08-21,CMP-ORG-00,0.0,879.0,31
22/08/2025,CMP-META-01,521.7,,952
22/08/2025,CMP-META-02,351.68,27773.0,692
2025-08-22,CMP-GOOG-01,$683.73,48300.0,1463
2025-08-22,CMP-GOOG-02,664.75 USD,43222.0,1353
2025-08-22,CMP-EML-01,50.69 USD,3906.0,103
2025-08-22,CMP-AFF-01,99.09 USD,7223.0,215
2025-08-23,CMP-META-01,477.87 USD,26517.0,611
2025-08-23,CMP-META-02,$418.44,26291.0,420
2025-08-23,CMP-GOOG-01,726.48,40834.0,1020
2025-08-23,CMP-GOOG-02,$681.44,44088.0,963
2025-08-23,CMP-EML-01,48.22,2799.0,71
2025-08-23,CMP-AFF-01,  ,7822.0,196
2025-08-23,CMP-ORG-00,0.0,1251.0,33
2025-08-24,CMP-META-02,  ,35770.0,944
2025-08-24,CMP-GOOG-01,  ,39917.0,635
2025-08-24,CMP-GOOG-02,563.53 USD,31304.0,1227
2025-08-24,CMP-EML-01,35.48,2239.0,74
2025-08-24,CMP-AFF-01,$191.40,9641.0,237
2025-08-24,CMP-ORG-00,0.0,1319.0,44
2025-08-25,CMP-META-01,611.53,42638.0,790
2025-08-25,CMP-META-02,536.08 USD,29700.0,821
2025-08-25,CMP-GOOG-01,765.59,53094.0,991
2025-08-25,CMP-GOOG-02,423.65,33620.0,892
25/08/2025,CMP-EML-01,$38.74,2363.0,81
2025-08-25,CMP-AFF-01,84.30 USD,6282.0,215
2025-08-25,CMP-ORG-00,  ,1181.0,20
26/08/2025,CMP-META-01,$368.23,27910.0,461
2025-08-26,CMP-META-02,324.71,25364.0,488
2025-08-26,CMP-GOOG-01,$651.14,41125.0,1559
26/08/2025,CMP-GOOG-02,357.28,23750.0,947
26/08/2025,CMP-EML-01,42.58 USD,1822.0,65
2025-08-26,CMP-AFF-01,$150.31,8052.0,268
2025-08-26,CMP-ORG-00,$0.00,856.0,17
2025-08-27,CMP-META-01,449.10 USD,24198.0,609
2025-08-27,CMP-META-02,$737.50,31082.0,640
2025-08-27,CMP-GOOG-01,$739.75,43851.0,1387
2025-08-27,CMP-GOOG-02,$379.49,28664.0,677
2025-08-27,CMP-EML-01,  ,2867.0,90
2025-08-27,CMP-AFF-01,185.42,13891.0,224
2025-08-27,CMP-ORG-00,0.0,924.0,23
2025-08-28,CMP-META-01,250.83,14684.0,237
2025-08-28,CMP-META-02,$514.22,26860.0,603
2025-08-28,CMP-GOOG-02,344.14 USD,26541.0,482
2025-08-28,CMP-EML-01,32.77,1706.0,28
2025-08-28,CMP-AFF-01,181.62,12205.0,374
2025-08-28,CMP-ORG-00,$0.00,1455.0,33
2025-08-29,CMP-META-02,$662.62,36047.0,801
2025-08-29,CMP-GOOG-01,570.7,40821.0,931
2025-08-29,CMP-GOOG-02,404.09,18374.0,369
2025-08-29,CMP-EML-01,$54.89,3114.0,100
2025-08-29,CMP-AFF-01,140.1,9489.0,297
2025-08-29,CMP-ORG-00,0.0,,23
2025-08-30,CMP-META-01,$318.68,19565.0,512
2025-08-30,CMP-META-02,487.68 USD,19699.0,342
2025-08-30,CMP-GOOG-01,526.1,36612.0,628
30/08/2025,CMP-GOOG-02,754.14,54965.0,1256
2025-08-30,CMP-EML-01,$31.71,2186.0,51
2025-08-30,CMP-AFF-01,  ,10580.0,394
2025-08-30,CMP-ORG-00,0.00 USD,636.0,24
2025-08-31,CMP-META-01,616.97,43820.0,1516
2025-08-31,CMP-META-02,$483.49,20358.0,693
2025-08-31,CMP-GOOG-01,652.74,45830.0,698
2025-08-31,CMP-GOOG-02,833.54,36715.0,643
2025-08-31,CMP-EML-01,49.83,3490.0,99
2025-08-31,CMP-AFF-01,117.44,6978.0,248
2025-08-31,CMP-ORG-00,0.00 USD,1065.0,19
2025-09-01,CMP-META-01,743.16 USD,30788.0,612
2025-09-01,CMP-META-02,  ,17870.0,304
01/09/2025,CMP-GOOG-01,385.04 USD,16127.0,370
2025-09-01,CMP-GOOG-02,321.02,24197.0,872
2025-09-01,CMP-EML-01,30.23 USD,2134.0,54
2025-09-01,CMP-AFF-01,$175.05,10035.0,198
2025-09-01,CMP-ORG-00,$0.00,,18
2025-09-02,CMP-META-01,$607.13,38760.0,1189
2025-09-02,CMP-META-02,$578.77,44113.0,1538
2025-09-02,CMP-GOOG-01,658.98,31003.0,1087
2025-09-02,CMP-GOOG-02,448.75 USD,28918.0,1033
2025-09-02,CMP-EML-01,78.61,3281.0,93
2025-09-02,CMP-AFF-01,$168.50,12247.0,343
2025-09-02,CMP-ORG-00,$0.00,1418.0,26
2025-09-03,CMP-META-01,$733.19,48692.0,1580
2025-09-03,CMP-META-02,304.34 USD,14881.0,354
2025-09-03,CMP-GOOG-01,$668.04,,1684
2025-09-03,CMP-GOOG-02,$531.48,40415.0,1130
2025-09-03,CMP-EML-01,73.19 USD,4284.0,77
03/09/2025,CMP-AFF-01,210.16 USD,12152.0,312
2025-09-03,CMP-ORG-00,$0.00,1147.0,25
2025-09-04,CMP-META-01,$544.57,25263.0,828
2025-09-04,CMP-META-02,$379.75,28408.0,759
2025-09-04,CMP-GOOG-01,$813.75,,962
2025-09-04,CMP-GOOG-02,592.07 USD,24714.0,511
2025-09-04,CMP-EML-01,$46.08,1886.0,44
2025-09-04,CMP-AFF-01,$193.65,8127.0,269
2025-09-04,CMP-ORG-00,  ,1400.0,38
2025-09-05,CMP-META-01,$744.18,39921.0,700
2025-09-05,CMP-META-02,360.22 USD,21449.0,852
2025-09-05,CMP-GOOG-01,523.96 USD,32749.0,789
2025-09-05,CMP-GOOG-02,727.80 USD,46400.0,1483
2025-09-05,CMP-EML-01,74.21,5481.0,139
2025-09-05,CMP-AFF-01,103.18,6820.0,217
2025-09-05,CMP-ORG-00,0.0,557.0,14
2025-09-06,CMP-META-01,701.94,47133.0,1384
2025-09-06,CMP-META-02,442.98 USD,28779.0,533
2025-09-06,CMP-GOOG-02,791.97,48967.0,1453
06/09/2025,CMP-EML-01,$48.87,3607.0,68
2025-09-06,CMP-AFF-01,209.80 USD,16055.0,305
2025-09-06,CMP-ORG-00,0.0,1079.0,17
07/09/2025,CMP-META-01,$420.08,28945.0,706
07/09/2025,CMP-META-02,583.31 USD,35885.0,1316
2025-09-07,CMP-GOOG-02,361.58 USD,14716.0,300
2025-09-07,CMP-EML-01,71.26,3293.0,69
2025-09-07,CMP-AFF-01,166.13 USD,7512.0,256
2025-09-07,CMP-ORG-00,0.00 USD,1016.0,22
2025-09-08,CMP-META-01,648.12 USD,38017.0,1478
2025-09-08,CMP-META-02,296.79 USD,22993.0,464
2025-09-08,CMP-GOOG-01,$613.79,29999.0,713
2025-09-08,CMP-GOOG-02,$373.57,28638.0,887
2025-09-08,CMP-EML-01,63.62,4264.0,131
2025-09-08,CMP-AFF-01,$94.44,4614.0,180
2025-09-08,CMP-ORG-00,0.00 USD,1082.0,26
2025-09-09,CMP-META-01,388.41,17309.0,583
2025-09-09,CMP-META-02,309.96,20034.0,405
2025-09-09,CMP-GOOG-01,$445.74,21607.0,675
2025-09-09,CMP-GOOG-02,$315.14,15748.0,340
2025-09-09,CMP-EML-01,69.49,3667.0,104
2025-09-09,CMP-AFF-01,$92.14,4989.0,177
2025-09-09,CMP-ORG-00,0.0,1356.0,27
2025-09-10,CMP-META-01,445.7,20089.0,494
10/09/2025,CMP-META-02,621.67,26581.0,665
2025-09-10,CMP-GOOG-01,390.14,22662.0,705
2025-09-10,CMP-GOOG-02,688.15 USD,30431.0,737
2025-09-10,CMP-EML-01,44.27,2925.0,98
2025-09-10,CMP-AFF-01,$113.79,7704.0,185
2025-09-10,CMP-ORG-00,$0.00,813.0,17
2025-09-11,CMP-META-01,$452.70,24521.0,798
2025-09-11,CMP-META-02,$341.23,16111.0,242
2025-09-11,CMP-GOOG-01,$846.99,67754.0,1112
11/09/2025,CMP-GOOG-02,$333.36,14738.0,413
11/09/2025,CMP-EML-01,43.39,1812.0,53
2025-09-11,CMP-AFF-01,97.55 USD,4660.0,114
2025-09-11,CMP-ORG-00,0.00 USD,1252.0,20
2025-09-12,CMP-META-01,303.42,19133.0,645
2025-09-12,CMP-META-02,$611.98,45605.0,1003
2025-09-12,CMP-GOOG-01,$300.70,15950.0,330
2025-09-12,CMP-GOOG-02,560.08,35567.0,840
2025-09-12,CMP-EML-01,$78.88,5237.0,153
2025-09-12,CMP-AFF-01,$216.86,10709.0,194
2025-09-12,CMP-ORG-00,  ,927.0,21
2025-09-13,CMP-META-01,$732.48,46642.0,720
2025-09-13,CMP-META-02,268.93,10955.0,247
2025-09-13,CMP-GOOG-01,431.41 USD,30015.0,1122
2025-09-13,CMP-GOOG-02,638.15,25919.0,974
2025-09-13,CMP-EML-01,$60.77,3900.0,84
13/09/2025,CMP-AFF-01,158.33,12573.0,235
2025-09-13,CMP-ORG-00,  ,748.0,15
14/09/2025,CMP-META-01,500.52,30145.0,590
2025-09-14,CMP-META-02,621.24 USD,26813.0,1014
14/09/2025,CMP-GOOG-01,649.35,39855.0,1008
2025-09-14,CMP-GOOG-02,614.31 USD,28958.0,1056
14/09/2025,CMP-EML-01,63.53,4473.0,121
2025-09-14,CMP-AFF-01,$145.33,9423.0,233
2025-09-14,CMP-ORG-00,0.00 USD,733.0,22
2025-09-15,CMP-META-01,519.67 USD,23733.0,662
2025-09-15,CMP-META-02,$257.24,19955.0,685
2025-09-15,CMP-GOOG-01,$803.95,39788.0,876
2025-09-15,CMP-GOOG-02,562.02,26474.0,614
2025-09-15,CMP-EML-01,30.47 USD,1695.0,64
2025-09-15,CMP-AFF-01,112.28 USD,6491.0,163
2025-09-15,CMP-ORG-00,$0.00,1096.0,16
2025-09-16,CMP-META-01,309.17,24385.0,425
2025-09-16,CMP-META-02,273.94,21314.0,846
2025-09-16,CMP-GOOG-01,$314.21,13969.0,455
2025-09-16,CMP-GOOG-02,389.67,15999.0,548
16/09/2025,CMP-EML-01,35.54,2149.0,57
2025-09-16,CMP-AFF-01,88.96,3637.0,96
2025-09-16,CMP-ORG-00,0.00 USD,861.0,17
2025-09-17,CMP-META-01,$700.89,31053.0,545
2025-09-17,CMP-META-02,  ,23877.0,736
2025-09-17,CMP-GOOG-01,830.81 USD,63755.0,1018
2025-09-17,CMP-GOOG-02,$662.87,40068.0,1211
2025-09-17,CMP-EML-01,$54.06,3974.0,156
2025-09-17,CMP-AFF-01,111.18 USD,7319.0,207
2025-09-17,CMP-ORG-00,0.0,1446.0,42
2025-09-18,CMP-META-01,$640.93,28265.0,846
2025-09-18,CMP-META-02,$661.86,49192.0,870
2025-09-18,CMP-GOOG-01,435.84 USD,31269.0,666
18/09/2025,CMP-GOOG-02,$548.26,,502
2025-09-18,CMP-EML-01,  ,5267.0,99
2025-09-18,CMP-AFF-01,$154.38,8934.0,222
2025-09-19,CMP-META-01,635.88,32781.0,1033
2025-09-19,CMP-META-02,403.33,23312.0,816
19/09/2025,CMP-GOOG-01,$775.26,32189.0,756
2025-09-19,CMP-EML-01,$49.09,3358.0,113
2025-09-19,CMP-AFF-01,110.81 USD,7108.0,252
2025-09-19,CMP-ORG-00,0.0,625.0,10
2025-09-20,CMP-META-01,396.36,27624.0,545
2025-09-20,CMP-GOOG-01,$798.57,54447.0,912
2025-09-20,CMP-GOOG-02,692.54,30128.0,583
2025-09-20,CMP-AFF-01,209.76,11416.0,307
2025-09-20,CMP-ORG-00,0.0,1168.0,46
2025-09-21,CMP-META-01,$480.60,32964.0,969
2025-09-21,CMP-META-02,575.74 USD,37390.0,772
21/09/2025,CMP-GOOG-01,844.72,64999.0,2414
2025-09-21,CMP-GOOG-02,486.54,34870.0,858
2025-09-21,CMP-EML-01,73.71 USD,4078.0,105
2025-09-21,CMP-AFF-01,  ,8007.0,210
2025-09-21,CMP-ORG-00,$0.00,606.0,19
2025-09-22,CMP-META-01,$608.57,48670.0,1543
22/09/2025,CMP-META-02,$695.53,35666.0,1381
2025-09-22,CMP-GOOG-01,  ,42067.0,1151
2025-09-22,CMP-GOOG-02,754.30 USD,47809.0,1655
2025-09-22,CMP-EML-01,  ,4486.0,160
2025-09-22,CMP-AFF-01,$164.35,12631.0,203
2025-09-22,CMP-ORG-00,$0.00,692.0,26
2025-09-23,CMP-META-01,272.87 USD,17931.0,637
2025-09-23,CMP-META-02,710.35 USD,43139.0,1601
2025-09-23,CMP-GOOG-01,629.73,29568.0,1102
2025-09-23,CMP-GOOG-02,$461.97,19278.0,504
2025-09-23,CMP-EML-01,67.05,4123.0,88
2025-09-23,CMP-AFF-01,$183.26,9873.0,345
2025-09-23,CMP-ORG-00,$0.00,554.0,10
2025-09-24,CMP-META-01,602.89 USD,37855.0,713
2025-09-24,CMP-META-02,512.21,22009.0,661
2025-09-24,CMP-GOOG-01,$539.13,39749.0,1333
2025-09-24,CMP-GOOG-02,538.47 USD,37636.0,1405
2025-09-24,CMP-EML-01,$71.57,4389.0,131
2025-09-24,CMP-AFF-01,  ,4896.0,133
2025-09-24,CMP-ORG-00,0.00 USD,1399.0,55
2025-09-25,CMP-META-01,$700.24,33331.0,980
25/09/2025,CMP-META-02,437.88,28796.0,773
2025-09-25,CMP-GOOG-01,412.55,32019.0,763
2025-09-25,CMP-GOOG-02,$716.73,45104.0,1672
2025-09-25,CMP-EML-01,$67.56,3883.0,70
25/09/2025,CMP-AFF-01,$110.14,6750.0,158
2025-09-25,CMP-ORG-00,$0.00,978.0,24
2025-09-26,CMP-META-01,476.95 USD,31773.0,922
2025-09-26,CMP-META-02,$453.10,34253.0,751
2025-09-26,CMP-GOOG-01,355.74,26293.0,750
2025-09-26,CMP-GOOG-02,384.46,25933.0,860
26/09/2025,CMP-EML-01,$78.32,6114.0,143
2025-09-26,CMP-AFF-01,$182.28,14254.0,418
2025-09-27,CMP-META-01,$322.97,16294.0,559
2025-09-27,CMP-META-02,481.9,25861.0,831
2025-09-27,CMP-GOOG-01,$381.58,24289.0,909
27/09/2025,CMP-GOOG-02,417.02,25065.0,788
2025-09-27,CMP-EML-01,39.02 USD,2499.0,45
2025-09-27,CMP-AFF-01,$129.86,9000.0,182
2025-09-27,CMP-ORG-00,0.0,526.0,9
2025-09-28,CMP-META-01,629.62,39267.0,1146
28/09/2025,CMP-META-02,291.19 USD,13610.0,293
2025-09-28,CMP-GOOG-01,516.11 USD,29981.0,918
2025-09-28,CMP-GOOG-02,673.46,32198.0,833
2025-09-28,CMP-EML-01,58.65,3595.0,143
28/09/2025,CMP-AFF-01,$169.27,7341.0,140
2025-09-28,CMP-ORG-00,0.0,1281.0,48
29/09/2025,CMP-META-01,$547.35,34733.0,802
29/09/2025,CMP-GOOG-01,350.89,17472.0,691
2025-09-29,CMP-GOOG-02,$629.38,31720.0,1169
2025-09-29,CMP-EML-01,$60.92,3325.0,82
2025-09-29,CMP-AFF-01,$106.11,6924.0,138
2025-09-29,CMP-ORG-00,0.0,1222.0,28
2025-09-30,CMP-META-01,679.51,53988.0,1216
2025-09-30,CMP-GOOG-01,331.82,15718.0,354
2025-09-30,CMP-GOOG-02,$594.22,42321.0,1331
30/09/2025,CMP-EML-01,33.38 USD,2095.0,51
2025-09-30,CMP-AFF-01,$119.57,5967.0,127
30/09/2025,CMP-ORG-00,0.0,1401.0,37
2025-10-01,CMP-META-01,694.84,48694.0,1541
2025-10-01,CMP-META-02,$623.07,28297.0,1121
2025-10-01,CMP-GOOG-01,358.35,28565.0,491
2025-10-01,CMP-GOOG-02,349.84 USD,24273.0,829
2025-10-01,CMP-EML-01,31.68,2416.0,64
2025-10-01,CMP-AFF-01,156.31,7375.0,144
2025-10-01,CMP-ORG-00,0.0,661.0,14
2025-10-02,CMP-META-01,278.45 USD,21400.0,482
2025-10-02,CMP-META-02,550.15 USD,,557
2025-10-02,CMP-GOOG-02,496.76,32303.0,1142
2025-10-02,CMP-EML-01,55.45 USD,2294.0,72
2025-10-02,CMP-AFF-01,$182.57,11066.0,205
2025-10-02,CMP-ORG-00,$0.00,513.0,14
03/10/2025,CMP-META-01,642.80 USD,27077.0,737
2025-10-03,CMP-META-02,700.07,35874.0,1067
2025-10-03,CMP-GOOG-01,735.28,55609.0,1036
2025-10-03,CMP-GOOG-02,822.43,45496.0,923
2025-10-03,CMP-EML-01,$50.55,3917.0,113
2025-10-03,CMP-AFF-01,$87.88,4309.0,106
2025-10-03,CMP-ORG-00,0.00 USD,1148.0,19
04/10/2025,CMP-META-01,$614.90,38019.0,1081
2025-10-04,CMP-META-02,365.55 USD,19002.0,489
2025-10-04,CMP-GOOG-01,486.82,30930.0,1037
04/10/2025,CMP-GOOG-02,$693.98,38382.0,1433
04/10/2025,CMP-EML-01,$55.55,3526.0,109
2025-10-04,CMP-AFF-01,88.67,5985.0,163
2025-10-04,CMP-ORG-00,0.0,869.0,26
2025-10-05,CMP-META-01,$478.20,25492.0,612
05/10/2025,CMP-META-02,694.83,37295.0,1219
2025-10-05,CMP-GOOG-01,352.75 USD,18149.0,640
05/10/2025,CMP-GOOG-02,811.42 USD,60846.0,2043
2025-10-05,CMP-EML-01,$55.94,3538.0,113
2025-10-05,CMP-AFF-01,183.26 USD,11360.0,183
2025-10-05,CMP-ORG-00,0.00 USD,1314.0,29
2025-10-06,CMP-META-01,702.04,36866.0,1108
2025-10-06,CMP-META-02,432.02 USD,20647.0,660
2025-10-06,CMP-GOOG-01,$656.28,28070.0,1003
2025-10-06,CMP-GOOG-02,593.70 USD,23988.0,672
06/10/2025,CMP-EML-01,43.64 USD,2778.0,77
2025-10-06,CMP-AFF-01,$173.20,11165.0,255
2025-10-06,CMP-ORG-00,0.0,862.0,25
2025-10-07,CMP-META-01,323.32,25480.0,901
2025-10-07,CMP-META-02,335.38,21542.0,498
2025-10-07,CMP-GOOG-01,364.88 USD,19338.0,536
2025-10-07,CMP-GOOG-02,575.46 USD,31077.0,733
2025-10-07,CMP-EML-01,51.14,3810.0,140
2025-10-07,CMP-AFF-01,136.04,6195.0,101
2025-10-07,CMP-ORG-00,$0.00,1413.0,34
2025-10-08,CMP-META-01,748.08 USD,46901.0,732
2025-10-08,CMP-META-02,363.41 USD,19587.0,348
2025-10-08,CMP-GOOG-01,812.65,33335.0,583
2025-10-08,CMP-GOOG-02,317.01,13640.0,421
2025-10-08,CMP-EML-01,79.56,5081.0,130
2025-10-08,CMP-AFF-01,$187.14,8615.0,222
2025-10-08,CMP-ORG-00,$0.00,1312.0,52
2025-10-09,CMP-META-01,599.95,45194.0,1598
2025-10-09,CMP-META-02,$632.97,26093.0,635
2025-10-09,CMP-GOOG-01,$754.42,47081.0,1088
2025-10-09,CMP-GOOG-02,660.53,46230.0,1772
2025-10-09,CMP-EML-01,34.40 USD,2480.0,78
2025-10-09,CMP-AFF-01,$204.11,15437.0,600
2025-10-09,CMP-ORG-00,$0.00,1433.0,37
2025-10-10,CMP-META-01,644.85 USD,47955.0,722
10/10/2025,CMP-META-02,413.15 USD,22977.0,611
2025-10-10,CMP-GOOG-01,551.75,36703.0,1249
2025-10-10,CMP-GOOG-02,328.15,21523.0,583
2025-10-10,CMP-AFF-01,202.18,15415.0,451
2025-10-10,CMP-ORG-00,$0.00,834.0,27
2025-10-11,CMP-META-01,  ,34018.0,1088
2025-10-11,CMP-META-02,345.88 USD,18203.0,508
2025-10-11,CMP-GOOG-01,426.1,30916.0,891
2025-10-11,CMP-GOOG-02,$690.74,42578.0,1590
2025-10-11,CMP-EML-01,$57.11,3891.0,117
2025-10-11,CMP-AFF-01,98.5,4847.0,117
2025-10-11,CMP-ORG-00,$0.00,714.0,11
2025-10-12,CMP-GOOG-01,744.76,54659.0,1527
2025-10-12,CMP-GOOG-02,$444.48,19070.0,440
2025-10-12,CMP-EML-01,$50.11,3834.0,63
2025-10-12,CMP-AFF-01,$196.29,12033.0,363
2025-10-12,CMP-ORG-00,$0.00,967.0,28
2025-10-13,CMP-META-01,$685.66,38236.0,1250
2025-10-13,CMP-META-02,390.91,28694.0,646
2025-10-13,CMP-GOOG-01,$847.15,58714.0,1070
2025-10-13,CMP-GOOG-02,665.1,35622.0,868
2025-10-13,CMP-EML-01,74.47 USD,5385.0,174
2025-10-13,CMP-AFF-01,202.21,9922.0,386
2025-10-13,CMP-ORG-00,0.00 USD,1467.0,48
2025-10-14,CMP-META-01,709.25,,1182
2025-10-14,CMP-META-02,641.81 USD,44433.0,1322
14/10/2025,CMP-GOOG-01,  ,34621.0,973
2025-10-14,CMP-GOOG-02,811.51,63736.0,1131
2025-10-14,CMP-EML-01,$72.87,3017.0,66
2025-10-14,CMP-AFF-01,126.69 USD,9273.0,278
2025-10-14,CMP-ORG-00,0.00 USD,1171.0,19
2025-10-15,CMP-META-01,668.36 USD,33605.0,1047
2025-10-15,CMP-META-02,$619.02,42748.0,1449
2025-10-15,CMP-GOOG-02,  ,30525.0,564
2025-10-15,CMP-EML-01,64.59,4718.0,179
15/10/2025,CMP-AFF-01,  ,6634.0,159
15/10/2025,CMP-ORG-00,0.0,695.0,12
2025-10-16,CMP-META-01,284.50 USD,22441.0,813
2025-10-16,CMP-META-02,$577.06,43098.0,1671
2025-10-16,CMP-GOOG-01,792.59,,1361
2025-10-16,CMP-GOOG-02,$668.27,37509.0,604
2025-10-16,CMP-EML-01,32.28,1954.0,40
2025-10-16,CMP-AFF-01,  ,8806.0,287
2025-10-16,CMP-ORG-00,0.00 USD,905.0,17
2025-10-17,CMP-META-01,$669.91,32514.0,1028
2025-10-17,CMP-META-02,473.12,27079.0,476
2025-10-17,CMP-GOOG-01,734.8,55205.0,1408
17/10/2025,CMP-GOOG-02,$729.87,57458.0,1070
2025-10-17,CMP-EML-01,$78.97,3326.0,70
2025-10-17,CMP-AFF-01,  ,5810.0,179
2025-10-17,CMP-ORG-00,$0.00,528.0,13
2025-10-18,CMP-META-01,272.00 USD,16853.0,365
2025-10-18,CMP-META-02,343.36 USD,15498.0,357
2025-10-18,CMP-GOOG-01,388.6,20600.0,347
2025-10-18,CMP-GOOG-02,762.95,36883.0,1423
2025-10-18,CMP-EML-01,59.85,2572.0,57
2025-10-18,CMP-AFF-01,123.59,8925.0,137
2025-10-18,CMP-ORG-00,0.0,1493.0,47
2025-10-19,CMP-META-01,$642.17,45827.0,1712
2025-10-19,CMP-META-02,$361.75,27013.0,515
2025-10-19,CMP-GOOG-01,551.12,28891.0,1055
2025-10-19,CMP-GOOG-02,455.77 USD,36111.0,1126
19/10/2025,CMP-EML-01,53.33,2968.0,86
2025-10-19,CMP-AFF-01,  ,9090.0,235
2025-10-19,CMP-ORG-00,$0.00,1311.0,37
2025-10-20,CMP-META-01,623.66,35531.0,1206
2025-10-20,CMP-GOOG-01,808.96,,1639
2025-10-20,CMP-GOOG-02,334.82 USD,21733.0,612
2025-10-20,CMP-EML-01,$37.65,2032.0,36
2025-10-20,CMP-AFF-01,201.53,13526.0,512
2025-10-20,CMP-ORG-00,0.0,1371.0,39
2025-10-21,CMP-META-01,$639.49,34449.0,810
2025-10-21,CMP-META-02,545.39,33702.0,758
2025-10-21,CMP-GOOG-01,788.78,46095.0,987
2025-10-21,CMP-GOOG-02,$768.23,53832.0,1524
2025-10-21,CMP-EML-01,50.67,3724.0,113
2025-10-21,CMP-AFF-01,$94.01,5549.0,120
2025-10-21,CMP-ORG-00,$0.00,1296.0,45
2025-10-22,CMP-META-01,680.74,47637.0,1182
2025-10-22,CMP-META-02,468.01,21892.0,511
2025-10-22,CMP-GOOG-01,$324.28,18558.0,473
22/10/2025,CMP-GOOG-02,  ,36514.0,1354
2025-10-22,CMP-EML-01,$31.90,2381.0,41
22/10/2025,CMP-AFF-01,111.13,4731.0,92
2025-10-22,CMP-ORG-00,  ,689.0,21
2025-10-23,CMP-META-01,$546.22,22506.0,549
23/10/2025,CMP-META-02,738.68,49497.0,1498
2025-10-23,CMP-GOOG-01,608.25,27401.0,732
23/10/2025,CMP-GOOG-02,$606.68,26070.0,573
2025-10-23,CMP-EML-01,77.2,4069.0,103
2025-10-23,CMP-AFF-01,97.54,5135.0,104
2025-10-23,CMP-ORG-00,0.0,1301.0,27
2025-10-24,CMP-META-01,287.63 USD,16752.0,615
2025-10-24,CMP-META-02,$416.53,32499.0,1060
2025-10-24,CMP-GOOG-01,375.30 USD,26933.0,862
2025-10-24,CMP-GOOG-02,573.77,43637.0,1187
2025-10-24,CMP-EML-01,37.79,2870.0,107
2025-10-24,CMP-AFF-01,206.49,10881.0,222
2025-10-24,CMP-ORG-00,0.0,1169.0,20
25/10/2025,CMP-META-01,$720.80,45840.0,1549
25/10/2025,CMP-META-02,355.51,16167.0,299
2025-10-25,CMP-GOOG-01,489.39,38279.0,976
2025-10-25,CMP-GOOG-02,548.55 USD,22545.0,422
2025-10-25,CMP-EML-01,$34.77,1466.0,53
2025-10-25,CMP-AFF-01,188.12,,559
2025-10-25,CMP-ORG-00,0.0,1027.0,29
2025-10-26,CMP-META-01,691.22 USD,35834.0,1076
2025-10-26,CMP-META-02,355.47 USD,23360.0,898
2025-10-26,CMP-GOOG-01,$704.28,51983.0,1613
2025-10-26,CMP-GOOG-02,379.23,22608.0,424
2025-10-26,CMP-EML-01,72.88,5243.0,99
2025-10-26,CMP-AFF-01,$172.62,9875.0,257
26/10/2025,CMP-ORG-00,0.0,1320.0,28
2025-10-27,CMP-META-01,$698.35,40321.0,1166
2025-10-27,CMP-META-02,400.50 USD,26618.0,992
27/10/2025,CMP-GOOG-01,$302.19,22483.0,649
2025-10-27,CMP-GOOG-02,$385.66,19811.0,341
2025-10-27,CMP-EML-01,77.22,5536.0,214
27/10/2025,CMP-AFF-01,151.56 USD,6433.0,120
2025-10-27,CMP-ORG-00,0.0,977.0,36
2025-10-28,CMP-META-01,$314.74,17576.0,372
28/10/2025,CMP-META-02,460.12 USD,19222.0,336
2025-10-28,CMP-GOOG-01,653.05,40554.0,1156
2025-10-28,CMP-GOOG-02,674.12 USD,50930.0,1588
2025-10-28,CMP-EML-01,38.88,2932.0,60
2025-10-28,CMP-AFF-01,$135.11,5912.0,124
2025-10-28,CMP-ORG-00,0.00 USD,724.0,21
2025-10-29,CMP-META-01,$336.85,17526.0,518
29/10/2025,CMP-META-02,519.47 USD,28407.0,987
2025-10-29,CMP-GOOG-01,$637.26,42419.0,1035
2025-10-29,CMP-GOOG-02,572.07 USD,35179.0,1317
2025-10-29,CMP-EML-01,76.94,4535.0,119
2025-10-29,CMP-AFF-01,178.45 USD,11986.0,278
2025-10-29,CMP-ORG-00,0.0,,22
2025-10-30,CMP-META-01,254.44 USD,14799.0,378
2025-10-30,CMP-META-02,$307.76,15114.0,374
2025-10-30,CMP-GOOG-01,441.17 USD,20396.0,498
2025-10-30,CMP-GOOG-02,$575.01,31791.0,1074
2025-10-30,CMP-EML-01,77.21 USD,4841.0,105
2025-10-30,CMP-AFF-01,140.90 USD,10621.0,161
30/10/2025,CMP-ORG-00,$0.00,1244.0,42
2025-10-31,CMP-META-01,572.36 USD,29316.0,1031
2025-10-31,CMP-META-02,445.11,34597.0,541
2025-10-31,CMP-GOOG-02,$521.07,39970.0,947
2025-10-31,CMP-EML-01,54.54,2857.0,83
2025-10-31,CMP-AFF-01,91.03,6339.0,158
2025-10-31,CMP-ORG-00,0.00 USD,504.0,9
2025-11-01,CMP-META-01,595.7,40732.0,1546
2025-11-01,CMP-META-02,626.73 USD,44351.0,1305
01/11/2025,CMP-GOOG-01,$759.67,60499.0,1396
2025-11-01,CMP-GOOG-02,754.27,47481.0,1359
01/11/2025,CMP-EML-01,$63.36,3165.0,81
2025-11-01,CMP-AFF-01,109.74,4972.0,97
01/11/2025,CMP-ORG-00,$0.00,709.0,25
2025-11-02,CMP-META-01,$713.55,51365.0,992
2025-11-02,CMP-META-02,$466.24,28324.0,504
2025-11-02,CMP-GOOG-01,441.84,33887.0,1034
2025-11-02,CMP-GOOG-02,$479.98,20676.0,695
2025-11-02,CMP-EML-01,41.86,3294.0,131
2025-11-02,CMP-AFF-01,90.97,7254.0,230
2025-11-02,CMP-ORG-00,$0.00,782.0,12
2025-11-03,CMP-META-01,485.77 USD,37089.0,1436
2025-11-03,CMP-META-02,$423.58,,667
2025-11-03,CMP-GOOG-01,  ,40028.0,1193
2025-11-03,CMP-GOOG-02,$665.60,51923.0,1927
03/11/2025,CMP-EML-01,$62.49,2892.0,48
2025-11-03,CMP-AFF-01,105.38,6465.0,114
03/11/2025,CMP-ORG-00,0.0,592.0,14
2025-11-04,CMP-META-01,524.56 USD,38321.0,1459
2025-11-04,CMP-META-02,$326.08,20600.0,771
2025-11-04,CMP-GOOG-01,$325.83,15349.0,318
2025-11-04,CMP-GOOG-02,352.8,15705.0,295
2025-11-04,CMP-EML-01,66.33 USD,3617.0,123
2025-11-04,CMP-AFF-01,209.87,10907.0,328
04/11/2025,CMP-ORG-00,0.0,638.0,17
2025-11-05,CMP-META-01,470.7,20484.0,313
2025-11-05,CMP-META-02,508.42 USD,35527.0,1336
05/11/2025,CMP-GOOG-02,$487.07,37908.0,1293
2025-11-05,CMP-EML-01,$34.93,2472.0,97
2025-11-05,CMP-AFF-01,166.79,11160.0,385
2025-11-05,CMP-ORG-00,  ,800.0,17
06/11/2025,CMP-META-01,501.25,38395.0,1296
06/11/2025,CMP-META-02,547.0,25665.0,726
06/11/2025,CMP-GOOG-01,598.97,24788.0,375
2025-11-06,CMP-GOOG-02,302.5,17850.0,587
06/11/2025,CMP-EML-01,$65.35,4703.0,101
2025-11-06,CMP-AFF-01,104.03,4266.0,78
2025-11-06,CMP-ORG-00,$0.00,537.0,11
2025-11-07,CMP-META-01,578.43,45360.0,1261
2025-11-07,CMP-META-02,$635.23,43959.0,865
2025-11-07,CMP-GOOG-01,755.97,36544.0,1304
2025-11-07,CMP-GOOG-02,303.84,12750.0,379
07/11/2025,CMP-EML-01,  ,3046.0,77
2025-11-07,CMP-AFF-01,$88.69,4094.0,84
07/11/2025,CMP-ORG-00,$0.00,549.0,17
2025-11-08,CMP-META-02,450.89 USD,27744.0,852
2025-11-08,CMP-GOOG-01,361.03,22894.0,868
08/11/2025,CMP-GOOG-02,790.77 USD,60618.0,2391
2025-11-08,CMP-EML-01,60.03 USD,2801.0,96
2025-11-08,CMP-AFF-01,  ,12939.0,202
2025-11-08,CMP-ORG-00,0.0,1485.0,56
2025-11-09,CMP-META-01,263.71 USD,20292.0,593
2025-11-09,CMP-META-02,261.42 USD,19288.0,403
2025-11-09,CMP-GOOG-01,$712.43,32781.0,888
2025-11-09,CMP-GOOG-02,472.43 USD,23481.0,470
2025-11-09,CMP-EML-01,39.66,2645.0,81
2025-11-09,CMP-AFF-01,206.79,11215.0,244
2025-11-09,CMP-ORG-00,$0.00,1464.0,42
2025-11-10,CMP-META-01,626.76,48554.0,1217
2025-11-10,CMP-META-02,$669.94,44791.0,997
2025-11-10,CMP-GOOG-01,  ,23924.0,615
2025-11-10,CMP-GOOG-02,776.39,57799.0,1052
2025-11-10,CMP-EML-01,52.6,3670.0,92
2025-11-10,CMP-AFF-01,112.65,5870.0,154
10/11/2025,CMP-ORG-00,0.0,1135.0,37
2025-11-11,CMP-META-01,406.05 USD,17069.0,483
2025-11-11,CMP-GOOG-01,457.98,19920.0,643
2025-11-11,CMP-GOOG-02,$443.22,28672.0,925
2025-11-11,CMP-EML-01,61.74,2806.0,100
11/11/2025,CMP-AFF-01,$131.26,9879.0,324
11/11/2025,CMP-ORG-00,0.0,981.0,37
2025-11-12,CMP-META-01,581.16,44568.0,1195
2025-11-12,CMP-META-02,$610.78,31391.0,592
2025-11-12,CMP-GOOG-01,553.75,34918.0,1122
2025-11-12,CMP-GOOG-02,$546.65,33184.0,1088
2025-11-12,CMP-EML-01,$73.39,5271.0,200
2025-11-12,CMP-AFF-01,$205.91,14655.0,313
2025-11-12,CMP-ORG-00,$0.00,746.0,24
2025-11-13,CMP-META-01,616.46,42041.0,1370
2025-11-13,CMP-META-02,391.13 USD,23182.0,796
2025-11-13,CMP-GOOG-01,$549.02,25805.0,772
2025-11-13,CMP-GOOG-02,581.60 USD,32103.0,742
2025-11-13,CMP-EML-01,30.93,1446.0,56
2025-11-13,CMP-AFF-01,$206.01,10126.0,233
2025-11-13,CMP-ORG-00,0.0,1208.0,47
2025-11-14,CMP-META-01,622.3,40819.0,1454
2025-11-14,CMP-META-02,  ,28936.0,587
14/11/2025,CMP-GOOG-01,693.84,49167.0,1669
2025-11-14,CMP-GOOG-02,484.47,33152.0,1258
2025-11-14,CMP-EML-01,58.91,4542.0,96
2025-11-14,CMP-AFF-01,$146.78,7662.0,300
2025-11-14,CMP-ORG-00,0.0,1127.0,39
2025-11-15,CMP-META-01,607.76 USD,33111.0,1113
2025-11-15,CMP-META-02,339.87,26452.0,699
2025-11-15,CMP-GOOG-01,$719.50,46073.0,1424
2025-11-15,CMP-GOOG-02,$681.44,39539.0,637
2025-11-15,CMP-EML-01,59.44,2756.0,104
2025-11-15,CMP-ORG-00,0.0,1042.0,39
16/11/2025,CMP-META-02,$604.27,31024.0,779
2025-11-16,CMP-GOOG-01,$539.12,22407.0,518
2025-11-16,CMP-GOOG-02,$621.65,48998.0,986
2025-11-16,CMP-EML-01,$42.79,2687.0,41
2025-11-16,CMP-AFF-01,194.60 USD,9579.0,284
2025-11-16,CMP-ORG-00,$0.00,1363.0,27
2025-11-17,CMP-META-01,668.96,30788.0,1148
2025-11-17,CMP-META-02,481.98 USD,24926.0,503
2025-11-17,CMP-GOOG-01,$686.26,47182.0,834
2025-11-17,CMP-GOOG-02,789.63,46925.0,1117
2025-11-17,CMP-EML-01,33.03 USD,2019.0,44
2025-11-17,CMP-AFF-01,$178.05,9015.0,160
2025-11-17,CMP-ORG-00,$0.00,1138.0,24
18/11/2025,CMP-META-01,474.21 USD,33751.0,790
2025-11-18,CMP-GOOG-01,375.21 USD,24480.0,823
2025-11-18,CMP-GOOG-02,  ,19583.0,340
2025-11-18,CMP-EML-01,55.68,3062.0,101
18/11/2025,CMP-AFF-01,188.02,13095.0,337
2025-11-18,CMP-ORG-00,0.00 USD,1184.0,36
2025-11-19,CMP-META-01,486.64 USD,35883.0,968
2025-11-19,CMP-META-02,$382.73,21136.0,476
2025-11-19,CMP-GOOG-01,400.08,27556.0,677
2025-11-19,CMP-GOOG-02,821.39 USD,33472.0,1007
2025-11-19,CMP-EML-01,$64.87,4583.0,83
19/11/2025,CMP-AFF-01,198.24,8537.0,272
2025-11-19,CMP-ORG-00,$0.00,913.0,31
20/11/2025,CMP-META-01,$515.38,21625.0,366
2025-11-20,CMP-META-02,591.34,45695.0,1222
2025-11-20,CMP-GOOG-01,590.42,27692.0,712
2025-11-20,CMP-EML-01,35.3,1545.0,28
2025-11-20,CMP-AFF-01,$168.21,11390.0,286
2025-11-20,CMP-ORG-00,$0.00,1260.0,42
2025-11-21,CMP-META-01,  ,40369.0,1534
2025-11-21,CMP-META-02,615.54,35295.0,1223
2025-11-21,CMP-GOOG-01,$566.66,34195.0,1279
21/11/2025,CMP-GOOG-02,681.76 USD,36805.0,880
21/11/2025,CMP-EML-01,$61.50,3654.0,71
2025-11-21,CMP-AFF-01,$101.04,5442.0,136
2025-11-21,CMP-ORG-00,0.0,1174.0,25
2025-11-22,CMP-META-01,$454.03,18532.0,295
2025-11-22,CMP-META-02,508.39 USD,33461.0,1073
2025-11-22,CMP-GOOG-01,$305.79,12811.0,248
2025-11-22,CMP-GOOG-02,$768.59,41787.0,1449
2025-11-22,CMP-EML-01,57.36,2756.0,73
22/11/2025,CMP-AFF-01,  ,11938.0,282
2025-11-22,CMP-ORG-00,0.0,1263.0,36
23/11/2025,CMP-META-01,455.63,28321.0,752
2025-11-23,CMP-META-02,$721.93,32897.0,949
2025-11-23,CMP-GOOG-01,357.08 USD,26842.0,987
2025-11-23,CMP-GOOG-02,$446.69,34103.0,1140
2025-11-23,CMP-EML-01,  ,3040.0,110
2025-11-23,CMP-AFF-01,141.76,9738.0,161
2025-11-23,CMP-ORG-00,  ,991.0,22
2025-11-24,CMP-META-01,328.16 USD,15316.0,294
24/11/2025,CMP-META-02,710.46 USD,41855.0,757
2025-11-24,CMP-GOOG-01,  ,40000.0,1489
2025-11-24,CMP-GOOG-02,582.52,44291.0,1407
2025-11-24,CMP-EML-01,  ,,91
2025-11-24,CMP-AFF-01,$176.50,13110.0,417
2025-11-24,CMP-ORG-00,$0.00,833.0,28
2025-11-25,CMP-META-01,$648.78,35228.0,733
25/11/2025,CMP-META-02,$566.66,41872.0,1008
2025-11-25,CMP-GOOG-01,$828.95,43110.0,1471
2025-11-25,CMP-GOOG-02,$788.86,35432.0,1376
2025-11-25,CMP-EML-01,$53.58,3732.0,66
2025-11-25,CMP-AFF-01,$81.00,5987.0,131
2025-11-25,CMP-ORG-00,$0.00,1455.0,23
2025-11-26,CMP-META-02,741.26,34334.0,1373
2025-11-26,CMP-GOOG-01,327.49,18660.0,520
2025-11-26,CMP-GOOG-02,355.76,24090.0,598
2025-11-26,CMP-EML-01,$68.69,3675.0,90
2025-11-26,CMP-AFF-01,$215.17,12249.0,434
26/11/2025,CMP-ORG-00,0.0,853.0,28
2025-11-27,CMP-META-01,623.24,38465.0,979
2025-11-27,CMP-META-02,533.14 USD,35705.0,978
2025-11-27,CMP-GOOG-01,$361.61,18192.0,493
2025-11-27,CMP-GOOG-02,557.62 USD,29427.0,1114
2025-11-27,CMP-EML-01,$34.81,2754.0,59
2025-11-27,CMP-AFF-01,167.29,12783.0,440
2025-11-27,CMP-ORG-00,$0.00,1300.0,33
2025-11-28,CMP-META-01,$359.33,15097.0,353
2025-11-28,CMP-GOOG-01,791.07 USD,33598.0,1229
2025-11-28,CMP-GOOG-02,683.72,42731.0,1595
2025-11-28,CMP-EML-01,30.43,2051.0,49
28/11/2025,CMP-AFF-01,118.87 USD,9198.0,147
2025-11-28,CMP-ORG-00,0.0,724.0,15
2025-11-29,CMP-META-01,316.01,15750.0,404
2025-11-29,CMP-META-02,402.09,18068.0,565
29/11/2025,CMP-GOOG-01,361.88,26582.0,770
2025-11-29,CMP-GOOG-02,670.48,32458.0,1148
2025-11-29,CMP-EML-01,36.51,1663.0,54
2025-11-29,CMP-AFF-01,90.58 USD,6116.0,117
29/11/2025,CMP-ORG-00,$0.00,566.0,16
2025-11-30,CMP-META-01,702.20 USD,35338.0,1148
2025-11-30,CMP-META-02,429.19 USD,,1027
2025-11-30,CMP-GOOG-02,$744.50,48713.0,892
2025-11-30,CMP-EML-01,30.15,1656.0,44
30/11/2025,CMP-AFF-01,116.07,4943.0,178
2025-11-30,CMP-ORG-00,$0.00,689.0,20
2025-12-01,CMP-META-01,606.55 USD,44792.0,1489
2025-12-01,CMP-META-02,451.26,23719.0,520
2025-12-01,CMP-GOOG-01,  ,21288.0,850
2025-12-01,CMP-GOOG-02,599.45 USD,38554.0,1261
2025-12-01,CMP-EML-01,78.38 USD,3801.0,104
2025-12-01,CMP-AFF-01,133.74,10498.0,262
2025-12-01,CMP-ORG-00,0.0,1302.0,31
2025-12-02,CMP-META-02,339.83 USD,23882.0,607
2025-12-02,CMP-GOOG-01,345.97 USD,21663.0,557
2025-12-02,CMP-GOOG-02,772.27,34998.0,1192
2025-12-02,CMP-EML-01,$37.21,2042.0,67
2025-12-02,CMP-AFF-01,108.56,7632.0,261
2025-12-02,CMP-ORG-00,  ,510.0,15
2025-12-03,CMP-META-01,554.81,32300.0,1008
03/12/2025,CMP-META-02,$297.42,,690
2025-12-03,CMP-GOOG-01,652.11,44786.0,1243
2025-12-03,CMP-GOOG-02,$610.35,33128.0,1244
03/12/2025,CMP-EML-01,38.71 USD,1894.0,37
2025-12-03,CMP-AFF-01,142.05,7200.0,196
2025-12-03,CMP-ORG-00,$0.00,,41
04/12/2025,CMP-META-01,$600.52,30134.0,648
2025-12-04,CMP-META-02,658.48,30098.0,1130
2025-12-04,CMP-GOOG-01,378.32,25594.0,646
2025-12-04,CMP-GOOG-02,435.20 USD,26390.0,657
04/12/2025,CMP-EML-01,30.61 USD,2148.0,58
2025-12-04,CMP-AFF-01,219.14,12506.0,308
2025-12-04,CMP-ORG-00,$0.00,921.0,32
2025-12-05,CMP-META-01,606.71,34952.0,1132
2025-12-05,CMP-META-02,  ,,879
2025-12-05,CMP-GOOG-01,$317.59,21298.0,345
2025-12-05,CMP-GOOG-02,502.27 USD,29530.0,778
2025-12-05,CMP-EML-01,54.29,3110.0,55
2025-12-05,CMP-AFF-01,134.15 USD,5843.0,107
2025-12-05,CMP-ORG-00,0.00 USD,517.0,9
2025-12-06,CMP-META-01,438.98,32215.0,1012
2025-12-06,CMP-META-02,552.26,22631.0,580
06/12/2025,CMP-GOOG-01,$326.67,16727.0,259
2025-12-06,CMP-GOOG-02,319.0,23933.0,838
06/12/2025,CMP-EML-01,$31.96,1892.0,72
2025-12-06,CMP-AFF-01,$189.68,8580.0,341
2025-12-07,CMP-META-01,339.37,25824.0,465
07/12/2025,CMP-META-02,417.64,25068.0,855
07/12/2025,CMP-GOOG-01,780.28 USD,45120.0,1566
07/12/2025,CMP-GOOG-02,844.96 USD,51600.0,908
2025-12-07,CMP-AFF-01,167.38,11510.0,230
2025-12-07,CMP-ORG-00,0.0,1027.0,19
2025-12-08,CMP-META-01,380.91 USD,,498
2025-12-08,CMP-META-02,541.01,40248.0,1146
2025-12-08,CMP-GOOG-01,$358.61,28139.0,1015
08/12/2025,CMP-GOOG-02,$750.48,42398.0,946
2025-12-08,CMP-EML-01,32.68,2406.0,95
2025-12-08,CMP-AFF-01,$182.07,8386.0,211
2025-12-08,CMP-ORG-00,0.0,1388.0,53
2025-12-09,CMP-META-01,318.03 USD,24873.0,815
2025-12-09,CMP-GOOG-01,778.98,39689.0,1583
2025-12-09,CMP-GOOG-02,564.9,43638.0,794
2025-12-09,CMP-EML-01,58.93 USD,4528.0,88
2025-12-09,CMP-AFF-01,211.09,16488.0,317
2025-12-09,CMP-ORG-00,0.00 USD,1235.0,23
2025-12-10,CMP-META-01,411.07,30934.0,1196
10/12/2025,CMP-META-02,$381.00,22541.0,528
2025-12-10,CMP-GOOG-01,350.05,16334.0,474
2025-12-10,CMP-GOOG-02,$534.62,30618.0,621
2025-12-10,CMP-EML-01,67.21,4011.0,60
2025-12-10,CMP-AFF-01,$112.61,5048.0,85
2025-12-10,CMP-ORG-00,$0.00,875.0,20
2025-12-11,CMP-META-01,311.39 USD,17246.0,290
2025-12-11,CMP-META-02,512.98 USD,35676.0,1284
2025-12-11,CMP-GOOG-01,$665.19,49903.0,1001
2025-12-11,CMP-GOOG-02,431.69,23249.0,883
2025-12-11,CMP-EML-01,$43.19,1747.0,52
2025-12-11,CMP-AFF-01,118.87 USD,6651.0,125
2025-12-11,CMP-ORG-00,0.00 USD,586.0,16
12/12/2025,CMP-META-01,690.15,31642.0,1200
2025-12-12,CMP-META-02,580.96 USD,34035.0,1345
2025-12-12,CMP-GOOG-01,739.71 USD,32640.0,1214
2025-12-12,CMP-GOOG-02,$729.76,55397.0,1922
2025-12-12,CMP-EML-01,33.13 USD,1872.0,33
12/12/2025,CMP-AFF-01,158.71,8855.0,282
2025-12-12,CMP-ORG-00,0.0,584.0,23
2025-12-13,CMP-META-01,564.29,31647.0,963
2025-12-13,CMP-META-02,665.01,42027.0,655
13/12/2025,CMP-GOOG-01,514.67,32223.0,999
2025-12-13,CMP-GOOG-02,$375.58,22600.0,887
2025-12-13,CMP-EML-01,$59.16,4145.0,146
13/12/2025,CMP-AFF-01,$114.85,6757.0,219
2025-12-13,CMP-ORG-00,0.00 USD,1152.0,26
2025-12-14,CMP-META-01,$414.98,27887.0,496
2025-12-14,CMP-META-02,534.66,25472.0,455
2025-12-14,CMP-GOOG-01,692.30 USD,43203.0,1403
14/12/2025,CMP-GOOG-02,$459.31,31539.0,913
2025-12-14,CMP-EML-01,58.0,3415.0,128
14/12/2025,CMP-AFF-01,126.55 USD,8516.0,307
2025-12-14,CMP-ORG-00,0.0,612.0,14
2025-12-15,CMP-META-01,696.34,30484.0,857
15/12/2025,CMP-META-02,707.81,54434.0,1060
2025-12-15,CMP-GOOG-01,784.4,53397.0,1941
2025-12-15,CMP-GOOG-02,589.32,36964.0,918
2025-12-15,CMP-EML-01,70.33 USD,4904.0,152
2025-12-15,CMP-AFF-01,216.89 USD,11496.0,231
2025-12-15,CMP-ORG-00,$0.00,828.0,18
2025-12-16,CMP-META-01,674.58,49556.0,797
2025-12-16,CMP-META-02,591.58 USD,44166.0,1491
2025-12-16,CMP-GOOG-01,$507.26,34922.0,1004
2025-12-16,CMP-GOOG-02,315.68,18741.0,327
2025-12-16,CMP-EML-01,$38.58,2019.0,71
2025-12-16,CMP-AFF-01,156.3,10636.0,376
16/12/2025,CMP-ORG-00,0.00 USD,1062.0,23
2025-12-17,CMP-META-01,$392.63,31123.0,1148
2025-12-17,CMP-META-02,$725.98,44346.0,811
2025-12-17,CMP-GOOG-01,738.09,55806.0,1411
17/12/2025,CMP-GOOG-02,434.66,23955.0,552
17/12/2025,CMP-EML-01,65.36,3423.0,118
2025-12-17,CMP-AFF-01,$202.84,14861.0,259
2025-12-17,CMP-ORG-00,0.0,827.0,25
18/12/2025,CMP-META-01,$373.53,15977.0,503
2025-12-18,CMP-META-02,$724.34,46404.0,956
2025-12-18,CMP-GOOG-01,844.42,44687.0,1100
2025-12-18,CMP-GOOG-02,710.88,31970.0,548
2025-12-18,CMP-EML-01,$42.31,1942.0,75
18/12/2025,CMP-AFF-01,88.47 USD,4250.0,75
2025-12-18,CMP-ORG-00,0.00 USD,611.0,9
19/12/2025,CMP-META-01,629.73,28769.0,475
2025-12-19,CMP-META-02,712.71,36308.0,586
2025-12-19,CMP-GOOG-01,$735.98,43275.0,1175
2025-12-19,CMP-GOOG-02,548.42 USD,38294.0,1242
19/12/2025,CMP-EML-01,43.09 USD,2005.0,33
2025-12-19,CMP-AFF-01,174.6,8907.0,274
2025-12-19,CMP-ORG-00,$0.00,676.0,21
20/12/2025,CMP-META-01,324.95,21211.0,778
2025-12-20,CMP-META-02,511.91,23572.0,486
2025-12-20,CMP-GOOG-01,557.12,25744.0,414
2025-12-20,CMP-GOOG-02,$438.18,32513.0,916
2025-12-20,CMP-EML-01,$32.24,2549.0,53
2025-12-20,CMP-AFF-01,$164.61,12018.0,241
2025-12-20,CMP-ORG-00,0.0,920.0,23
2025-12-21,CMP-META-01,488.46 USD,35307.0,936
2025-12-21,CMP-META-02,532.84 USD,37006.0,1093
2025-12-21,CMP-GOOG-01,  ,37799.0,1458
2025-12-21,CMP-GOOG-02,457.03,25966.0,914
2025-12-21,CMP-EML-01,$62.63,3256.0,56
2025-12-21,CMP-AFF-01,$124.80,9978.0,329
2025-12-21,CMP-ORG-00,  ,1400.0,33
2025-12-22,CMP-META-01,393.24,19683.0,450
2025-12-22,CMP-META-02,630.86,33603.0,551
2025-12-22,CMP-GOOG-01,443.59 USD,19319.0,440
2025-12-22,CMP-GOOG-02,$556.68,34867.0,799
2025-12-22,CMP-EML-01,35.73,2761.0,92
22/12/2025,CMP-AFF-01,204.80 USD,8855.0,144
22/12/2025,CMP-ORG-00,0.0,659.0,25
2025-12-23,CMP-META-01,501.07,22433.0,401
2025-12-23,CMP-META-02,601.61,25648.0,1009
2025-12-23,CMP-GOOG-01,760.53 USD,45328.0,1133
2025-12-23,CMP-GOOG-02,597.73 USD,27169.0,528
2025-12-23,CMP-EML-01,71.80 USD,5104.0,101
2025-12-23,CMP-AFF-01,104.74,6550.0,199
2025-12-23,CMP-ORG-00,0.0,1039.0,40
24/12/2025,CMP-META-01,742.29 USD,29930.0,953
2025-12-24,CMP-META-02,336.81,21031.0,724
2025-12-24,CMP-GOOG-01,605.24,33548.0,598
2025-12-24,CMP-GOOG-02,$684.48,51693.0,1547
2025-12-24,CMP-EML-01,$69.84,4968.0,94
2025-12-24,CMP-AFF-01,109.29,7644.0,236
2025-12-24,CMP-ORG-00,0.0,,36
2025-12-25,CMP-META-01,631.29,40223.0,1259
2025-12-25,CMP-META-02,$283.85,15802.0,543
2025-12-25,CMP-GOOG-01,413.55 USD,31252.0,743
2025-12-25,CMP-GOOG-02,617.40 USD,38756.0,1299
2025-12-25,CMP-AFF-01,214.74,16443.0,650
2025-12-25,CMP-ORG-00,0.0,924.0,33
2025-12-26,CMP-META-01,$435.34,24738.0,710
2025-12-26,CMP-META-02,648.99 USD,44610.0,1056
2025-12-26,CMP-GOOG-01,504.76,27553.0,704
2025-12-26,CMP-GOOG-02,625.74 USD,28053.0,833
2025-12-26,CMP-AFF-01,$152.55,11171.0,224
2025-12-26,CMP-ORG-00,0.0,611.0,19
27/12/2025,CMP-META-01,602.67 USD,26316.0,714
2025-12-27,CMP-META-02,$491.87,23420.0,844
2025-12-27,CMP-GOOG-01,586.02 USD,40289.0,1385
2025-12-27,CMP-GOOG-02,373.22,26681.0,1042
2025-12-27,CMP-EML-01,52.95,2599.0,49
2025-12-27,CMP-AFF-01,186.28 USD,14009.0,341
2025-12-27,CMP-ORG-00,0.00 USD,1319.0,33
28/12/2025,CMP-META-01,292.90 USD,18936.0,511
2025-12-28,CMP-META-02,624.91 USD,35095.0,641
2025-12-28,CMP-GOOG-01,738.71 USD,30040.0,564
2025-12-28,CMP-GOOG-02,$345.29,21521.0,556
2025-12-28,CMP-EML-01,$71.59,5315.0,144
2025-12-28,CMP-AFF-01,187.19,7517.0,296
2025-12-28,CMP-ORG-00,0.00 USD,501.0,17
2025-12-29,CMP-META-01,525.49 USD,35233.0,1231
2025-12-29,CMP-META-02,$505.74,33945.0,670
2025-12-29,CMP-GOOG-02,$628.87,41824.0,1098
2025-12-29,CMP-EML-01,$38.78,3075.0,73
2025-12-29,CMP-AFF-01,165.05 USD,12933.0,234
2025-12-29,CMP-ORG-00,$0.00,1233.0,37
30/12/2025,CMP-META-01,$511.53,,1205
30/12/2025,CMP-META-02,$601.73,33811.0,1234
30/12/2025,CMP-GOOG-01,635.39,48810.0,1741
2025-12-30,CMP-GOOG-02,$377.08,25878.0,600
2025-12-30,CMP-EML-01,54.65 USD,2576.0,89
2025-12-30,CMP-AFF-01,$169.81,11010.0,180
2025-12-30,CMP-ORG-00,0.00 USD,1237.0,23
31/12/2025,CMP-META-01,$271.91,12738.0,262
31/12/2025,CMP-META-02,674.96,29766.0,846
2025-12-31,CMP-GOOG-01,763.83,40261.0,1552
2025-12-31,CMP-GOOG-02,703.64,49254.0,861
2025-12-31,CMP-EML-01,67.78 USD,3519.0,94
31/12/2025,CMP-AFF-01,211.11,15207.0,234
2025-12-31,CMP-ORG-00,0.00 USD,1194.0,45
