Customer_ID,Customer_Name,Email_Address,Customer_Segment,Loyalty_Tier,Registration_Date
CUST-01706,Aanya Sharma,aanya.sharma586@example.com,Consumer,Bronze,04-08-2023
CUST-00355,Pari Taylor,pari.taylor18@example.com,Consumer,Silver,06-05-2024
CUST-00034,Vivaan Jones,vivaan.jones687@gmail.com,Consumer,Silver,15-02-2023
CUST-02593,Sophia Joshi,unregistered@exmple.com,Corporate,None,26-05-2023
CUST-00506,Myra Yadav,myra.yadav874@example.com,Consumer,Gold,11-12-2023
CUST-01745,Aarav Jones,aarav.jones276@example.com,Small Business,Bronze,19-04-2023
CUST-00722,Michael Anderson,michael.anderson201@example.com,Consumer,Gold,15-12-2024
CUST-01973,Vihaan Mehta,vihaan.mehta995@example.com,Corporate,Gold,31-08-2023
CUST-03739,Diya Reddy,diya.reddy889@example.com,Small Business,Bronze,26-05-2024
CUST-00531,Aanya Wilson,aanya.wilson856@example.com,Small Business,Silver,29-11-2023
CUST-00469,Reyansh Johnson,reyansh.johnson148@example.com,Consumer,Silver,15-04-2023
CUST-02400,William Reddy,william.reddy@outlook.com,Consumer,Bronze,23-12-2023
CUST-00070,Reyansh Singh,reyansh.singh409@gmail.com,Consumer,Bronze,22-06-2024
CUST-00228,Riya Jones,riya.jones420@example.com,Consumer,Bronze,22-12-2023
CUST-01316,Vivaan Reddy,vivaan.reddy150@example.com,Small Business,Silver,20-04-2024
CUST-01035,Arjun Taylor,arjun.taylor606@example.com,Consumer,Bronze,26-01-2024
CUST-02921,Emma Wilson,emma.wilson515@example.com,Consumer,Bronze,17-06-2024
CUST-02717,Riya Singh,riya.singh879@example.com,Small Business,Gold,03-02-2024
CUST-02320,Sophia Verma,sophia.verma670@example.com,Consumer,Bronze,16-08-2024
CUST-03689,Isha Verma,isha.verma553@gmail.com,Corporate,Bronze,20-09-2024
CUST-01540,Myra Kumar,myra.kumar425@example.com,Corporate,Silver,01-09-2024
CUST-00799,Riya Mehta,riya.mehta636@example.com,Consumer,Silver,24-08-2024
CUST-04065,Emma Verma,emma.verma133@example.com,Consumer,Bronze,14-02-2024
CUST-03569,Aadhya Anderson,aadhya.anderson279@example.com,Consumer,Silver,06-07-2023
CUST-01483,Sophia Sharma,sophia.sharma897@example.com,Corporate,Bronze,12-11-2024
CUST-00466,Reyansh Reddy,reyansh.reddy979@example.com,Consumer,Bronze,14-03-2023
CUST-03133,Sophia Patel,sophia.patel835@gmail.com,Consumer,Silver,03-09-2023
CUST-03733,Riya Miller,riya.miller544@example.com,Consumer,Silver,18-01-2024
CUST-04287,Aadhya Anderson,aadhya.anderson@outlook.com,Small Business,Silver,06-09-2024
CUST-00241,Aarav Taylor,aarav.taylor936@example.com,Consumer,Bronze,29-01-2024
CUST-01676,John Wilson,john.wilson290@example.com,Consumer,Silver,25-06-2024
CUST-04399,Reyansh Miller,reyansh.miller425@example.com,Small Business,Bronze,23-04-2024
CUST-01201,Isabella Brown,isabella.brown299@example.com,Consumer,Gold,26-10-2024
CUST-00024,Saanvi Gupta,saanvi.gupta247@example.com,Corporate,Silver,26-06-2023
CUST-03165,Robert Singh,robert.singh242@example.com,Consumer,Silver,11-05-2023
CUST-00487,Krishna Davis,krishna.davis175@example.com,Corporate,Silver,27-06-2024
CUST-03362,Sai Anderson,sai.anderson891@example.com,Corporate,Bronze,25-01-2023
CUST-04440,Aanya Brown,aanya.brown38@example.com,Consumer,Platinum,12-12-2024
CUST-02719,Emma Yadav,emma.yadav799@example.com,Small Business,Bronze,04-09-2023
CUST-03974,Sophia Smith,sophia.smith430@gmail.com,Corporate,Gold,09-12-2023
CUST-04467,Sophia Miller,sophia.miller66@example.com,Consumer,Bronze,05-11-2023
CUST-02313,Vihaan Yadav,vihaan.yadav214@example.com,Corporate,Bronze,01-11-2023
CUST-02708,Aadhya Williams,aadhya.williams199@example.com,Consumer,Silver,18-06-2024
CUST-03186,Emma Kumar,emma.kumar322@example.com,Consumer,Bronze,03-03-2023
CUST-00599,Reyansh Patel,unregistered@exmple.com,Corporate,Bronze,21-07-2023
CUST-00027,Pari Singh,pari.singh469@example.com,Corporate,Silver,19-09-2024
CUST-00829,Reyansh Singh,reyansh.singh625@example.com,Corporate,Bronze,02-01-2024
CUST-02179,Michael Verma,michael.verma@outlook.com,Corporate,Silver,06-11-2024
CUST-03616,Vihaan Kumar,vihaan.kumar@outlook.com,Consumer,Bronze,17-12-2024
CUST-03606,Michael Miller,michael.miller942@example.com,Corporate,Bronze,17-04-2024
CUST-00351,Robert Mehta,robert.mehta619@example.com,Corporate,Bronze,29-02-2024
CUST-03834,Ananya Kumar,ananya.kumar239@example.com,Corporate,Silver,23-05-2024
CUST-03397,Ananya Miller,ananya.miller505@example.com,Corporate,Bronze,21-10-2024
CUST-00671,Isha Joshi,isha.joshi63@example.com,Consumer,Silver,19-09-2024
CUST-02753,Vivaan Smith,vivaan.smith404@example.com,Consumer,Bronze,10-06-2023
CUST-02563,Vihaan Miller,vihaan.miller536@example.com,Consumer,Bronze,26-01-2023
CUST-01980,Aadhya Yadav,aadhya.yadav184@example.com,Small Business,Bronze,13-05-2023
CUST-00627,Sai Jones,sai.jones85@example.com,Corporate,Platinum,04-04-2023
CUST-00813,Isha Smith,isha.smith76@example.com,Corporate,Silver,05-12-2024
CUST-02017,John Mehta,john.mehta934@example.com,Consumer,Bronze,10-10-2023
CUST-02781,Anika Davis,anika.davis@outlook.com,Consumer,Silver,25-06-2023
CUST-00583,Vihaan Gupta,vihaan.gupta110@example.com,Consumer,Silver,01-09-2023
CUST-01774,Vihaan Davis,vihaan.davis@outlook.com,Corporate,Bronze,31-07-2023
CUST-02590,Myra Anderson,myra.anderson746@example.com,Consumer,Silver,24-01-2024
CUST-03384,Aanya Smith,aanya.smith235@example.com,Consumer,Platinum,26-06-2024
CUST-01809,Aanya Sharma,aanya.sharma281@example.com,Consumer,Silver,29-03-2023
CUST-04043,Ishaan Jones,ishaan.jones548@example.com,Consumer,Silver,28-06-2023
CUST-00857,Isha Jones,isha.jones718@example.com,Consumer,Platinum,21-12-2024
CUST-00472,Robert Wilson,robert.wilson690@example.com,Consumer,Gold,08-03-2023
CUST-02006,Sophia Joshi,sophia.joshi250@example.com,Consumer,Bronze,24-01-2023
CUST-00669,Isha Joshi,isha.joshi907@example.com,Consumer,Silver,06-12-2024
CUST-03552,Myra Reddy,myra.reddy965@example.com,Small Business,Silver,24-05-2024
CUST-04331,Arjun Johnson,arjun.johnson670@example.com,Consumer,Gold,12-06-2024
CUST-03612,Aanya Sharma,aanya.sharma303@example.com,Consumer,Silver,16-02-2024
CUST-02345,Diya Wilson,diya.wilson296@example.com,Consumer,Silver,16-01-2024
CUST-01433,Aarav Jones,aarav.jones794@example.com,Consumer,Bronze,06-07-2024
CUST-02681,Pari Gupta,pari.gupta671@example.com,Consumer,Bronze,08-04-2023
CUST-03502,Pari Anderson,pari.anderson463@example.com,Small Business,Bronze,31-01-2023
CUST-03995,Ava Miller,ava.miller@outlook.com,Consumer,Bronze,23-08-2023
CUST-02408,Aditya Joshi,aditya.joshi580@example.com,Consumer,Gold,30-03-2024
CUST-04393,Krishna Joshi,krishna.joshi867@example.com,Consumer,Bronze,28-01-2024
CUST-01770,Robert Joshi,robert.joshi332@example.com,Consumer,Bronze,18-11-2023
CUST-00961,John Davis,john.davis744@example.com,Consumer,None,16-01-2023
CUST-02175,Ananya Kumar,ananya.kumar608@example.com,Small Business,Silver,26-10-2024
CUST-02375,Ananya Yadav,ananya.yadav311@example.com,Consumer,Silver,03-10-2024
CUST-02465,Michael Anderson,michael.anderson419@example.com,Consumer,Platinum,07-11-2024
CUST-02670,Sai Taylor,sai.taylor465@example.com,Consumer,Bronze,06-05-2023
CUST-04163,Sophia Davis,sophia.davis245@example.com,Consumer,Bronze,20-08-2023
CUST-03113,Diya Sharma,diya.sharma430@example.com,Corporate,Bronze,06-01-2024
CUST-03132,Krishna Smith,krishna.smith341@example.com,Consumer,Silver,17-08-2024
CUST-04293,William Anderson,william.anderson387@example.com,Corporate,Gold,29-12-2023
CUST-04351,William Anderson,william.anderson251@example.com,Consumer,Bronze,08-04-2024
CUST-00316,Pari Davis,pari.davis366@example.com,Consumer,Gold,25-11-2023
CUST-03823,Isabella Mehta,isabella.mehta@outlook.com,Consumer,Silver,19-05-2024
CUST-00200,Michael Patel,michael.patel999@example.com,Consumer,Silver,07-07-2024
CUST-03716,Pari Davis,pari.davis@outlook.com,Consumer,Bronze,26-01-2024
CUST-01860,Myra Taylor,myra.taylor691@example.com,Small Business,Silver,30-06-2024
CUST-03637,Robert Verma,robert.verma425@example.com,Consumer,Bronze,21-01-2024
CUST-02314,Arjun Sharma,arjun.sharma947@example.com,Consumer,Bronze,31-10-2024
CUST-00009,Ava Sharma,ava.sharma599@gmail.com,Consumer,Bronze,28-03-2024
CUST-02184,Vivaan Miller,vivaan.miller340@example.com,Corporate,Bronze,09-02-2024
CUST-00298,Isha Joshi,isha.joshi91@example.com,Consumer,Bronze,12-04-2023
CUST-04024,Vivaan Davis,vivaan.davis778@example.com,Consumer,Bronze,14-10-2024
CUST-02098,Aarav Patel,aarav.patel887@example.com,Consumer,Silver,16-10-2024
CUST-04175,Emma Verma,emma.verma650@example.com,Consumer,Bronze,14-08-2024
CUST-02535,Olivia Davis,olivia.davis527@example.com,Small Business,Platinum,08-02-2024
CUST-03945,Vihaan Joshi,vihaan.joshi793@example.com,Consumer,Bronze,22-04-2023
CUST-00231,Saanvi Johnson,saanvi.johnson660@example.com,Corporate,Bronze,23-01-2024
CUST-02165,John Smith,john.smith945@example.com,Consumer,Bronze,18-08-2023
CUST-03290,Vihaan Gupta,vihaan.gupta412@example.com,Consumer,Silver,19-01-2023
CUST-01873,James Verma,unregistered@exmple.com,Small Business,Silver,01-01-2024
CUST-03915,Aadhya Reddy,aadhya.reddy435@example.com,Consumer,Gold,22-07-2023
CUST-03308,William Reddy,william.reddy644@example.com,Consumer,Bronze,13-09-2023
CUST-03821,Riya Joshi,riya.joshi87@example.com,Consumer,Silver,27-10-2023
CUST-00253,Olivia Singh,olivia.singh176@example.com,Consumer,Silver,30-03-2023
CUST-03495,Aditya Reddy,aditya.reddy311@example.com,Consumer,Gold,03-09-2023
CUST-00101,Krishna Miller,krishna.miller915@example.com,Consumer,Bronze,01-04-2024
CUST-04260,Ayaan Joshi,ayaan.joshi597@example.com,Consumer,Silver,29-09-2024
CUST-03489,Sai Brown,sai.brown745@example.com,Consumer,Bronze,11-09-2024
CUST-01181,John Yadav,john.yadav850@example.com,Consumer,Bronze,25-09-2023
CUST-00656,Michael Yadav,michael.yadav225@example.com,Consumer,Bronze,29-07-2024
CUST-03351,Arjun Johnson,arjun.johnson527@example.com,Consumer,Silver,27-06-2023
CUST-04364,Saanvi Taylor,saanvi.taylor976@example.com,Consumer,Gold,31-10-2023
CUST-00415,Myra Joshi,myra.joshi796@example.com,Consumer,Platinum,25-07-2024
CUST-03556,Riya Reddy,riya.reddy288@example.com,Corporate,Bronze,17-10-2023
CUST-02511,Myra Smith,unregistered@exmple.com,Consumer,Bronze,18-01-2023
CUST-03889,Emma Yadav,emma.yadav582@example.com,Consumer,Silver,11-12-2024
CUST-00626,Reyansh Jones,reyansh.jones20@example.com,Consumer,Silver,28-12-2023
CUST-00372,Isha Miller,isha.miller771@gmail.com,Consumer,Bronze,09-08-2024
CUST-00545,Sophia Anderson,sophia.anderson306@example.com,Consumer,None,18-10-2024
CUST-01520,Olivia Mehta,olivia.mehta801@example.com,Consumer,Bronze,04-04-2024
CUST-02365,Ava Williams,ava.williams110@example.com,Consumer,Bronze,16-05-2024
CUST-03615,Ishaan Brown,ishaan.brown651@example.com,Consumer,Bronze,20-03-2024
CUST-03779,Riya Kumar,riya.kumar220@example.com,Consumer,Platinum,15-09-2024
CUST-04466,Robert Davis,robert.davis679@example.com,Corporate,Silver,02-07-2023
CUST-01075,Aarav Kumar,aarav.kumar132@example.com,Consumer,None,17-05-2023
CUST-01362,Pari Yadav,pari.yadav601@example.com,Consumer,Silver,14-02-2023
CUST-00158,Pari Wilson,pari.wilson995@example.com,Corporate,Gold,28-04-2023
CUST-02099,Reyansh Brown,reyansh.brown@outlook.com,Corporate,None,22-03-2023
CUST-00995,Aadhya Wilson,aadhya.wilson91@example.com,Consumer,Bronze,04-10-2024
CUST-02985,Olivia Singh,olivia.singh135@example.com,Corporate,Bronze,20-08-2024
CUST-02155,Saanvi Williams,saanvi.williams184@example.com,Consumer,Bronze,14-12-2024
CUST-00735,Arjun Miller,arjun.miller240@example.com,Consumer,Bronze,16-04-2023
CUST-03292,Anika Johnson,anika.johnson381@example.com,Consumer,Gold,11-04-2023
CUST-01947,Saanvi Mehta,saanvi.mehta913@example.com,Consumer,Bronze,25-07-2024
CUST-01615,William Smith,william.smith466@example.com,Consumer,Bronze,09-12-2023
CUST-02438,Aanya Brown,aanya.brown661@example.com,Small Business,Bronze,02-04-2024
CUST-02606,Ayaan Gupta,ayaan.gupta862@example.com,Consumer,Bronze,19-12-2023
CUST-02252,William Yadav,william.yadav565@example.com,Consumer,Bronze,25-07-2023
CUST-02443,Ayaan Jones,ayaan.jones306@example.com,Consumer,Gold,23-03-2023
CUST-02288,Sai Verma,sai.verma604@example.com,Consumer,Bronze,09-11-2024
CUST-00388,Diya Mehta,diya.mehta394@example.com,Consumer,Bronze,24-09-2024
CUST-03783,Ananya Reddy,unregistered@exmple.com,Corporate,Bronze,31-12-2023
CUST-00535,Sai Joshi,sai.joshi107@example.com,Consumer,None,07-02-2024
CUST-04265,Ayaan Wilson,ayaan.wilson716@example.com,Corporate,Bronze,17-01-2024
CUST-04365,William Jones,william.jones126@gmail.com,Consumer,Silver,09-11-2023
CUST-04431,William Reddy,william.reddy103@example.com,Corporate,Platinum,21-10-2024
CUST-04316,Ishaan Singh,ishaan.singh653@example.com,Consumer,Bronze,27-07-2023
CUST-00777,Aanya Wilson,aanya.wilson789@example.com,Small Business,Bronze,07-04-2023
CUST-02653,Saanvi Reddy,saanvi.reddy997@gmail.com,Consumer,Bronze,28-11-2024
CUST-00978,Ananya Kumar,ananya.kumar312@example.com,Corporate,Silver,14-10-2023
CUST-04225,Vivaan Mehta,vivaan.mehta467@example.com,Consumer,Bronze,25-08-2023
CUST-00136,Diya Singh,diya.singh234@example.com,Consumer,Gold,24-05-2024
CUST-01413,Myra Miller,unregistered@exmple.com,Consumer,Bronze,17-02-2023
CUST-02209,Reyansh Sharma,reyansh.sharma383@example.com,Consumer,Bronze,05-02-2024
CUST-02487,Aarav Kumar,aarav.kumar337@example.com,Consumer,Bronze,16-02-2023
CUST-01660,Vivaan Miller,vivaan.miller@outlook.com,Consumer,Bronze,29-12-2023
CUST-00030,Vivaan Reddy,vivaan.reddy490@example.com,Consumer,Bronze,09-04-2024
CUST-01814,William Taylor,william.taylor233@example.com,Small Business,Bronze,10-03-2023
CUST-00562,Robert Jones,robert.jones994@example.com,Consumer,Silver,10-09-2024
CUST-00938,Ishaan Wilson,ishaan.wilson947@example.com,Corporate,Platinum,02-08-2023
CUST-03117,Aadhya Miller,aadhya.miller@outlook.com,Corporate,Silver,12-09-2023
CUST-00180,Saanvi Singh,saanvi.singh252@example.com,Consumer,Bronze,02-01-2023
CUST-02804,Ishaan Davis,ishaan.davis446@example.com,Corporate,Bronze,21-05-2023
CUST-01515,Arjun Williams,arjun.williams901@example.com,Consumer,Silver,12-06-2023
CUST-02685,Diya Davis,diya.davis498@example.com,Consumer,Silver,22-09-2024
CUST-02760,Sai Miller,sai.miller763@example.com,Corporate,Silver,23-11-2024
CUST-01979,Riya Verma,riya.verma598@example.com,Small Business,Bronze,03-01-2023
CUST-01095,Krishna Smith,krishna.smith@outlook.com,Small Business,Bronze,11-03-2023
CUST-00080,Arjun Smith,arjun.smith751@example.com,Small Business,Bronze,06-01-2023
CUST-03514,Ishaan Brown,ishaan.brown991@example.com,Consumer,Silver,12-04-2024
CUST-01159,Anika Verma,anika.verma216@gmail.com,Corporate,Silver,06-12-2024
CUST-03322,Ava Smith,ava.smith@outlook.com,Consumer,Silver,19-08-2023
CUST-03278,Ananya Brown,ananya.brown87@example.com,Consumer,Bronze,22-08-2024
CUST-04328,Aadhya Wilson,aadhya.wilson557@example.com,Consumer,Bronze,11-04-2023
CUST-04114,Pari Davis,pari.davis723@example.com,Consumer,Silver,03-07-2023
CUST-01245,Robert Williams,robert.williams766@example.com,Consumer,Gold,05-03-2024
CUST-00444,Myra Sharma,myra.sharma781@example.com,Consumer,Silver,19-05-2024
CUST-04069,Isabella Kumar,isabella.kumar395@example.com,Small Business,Bronze,24-06-2024
CUST-04213,Olivia Sharma,olivia.sharma503@example.com,Consumer,Bronze,12-01-2023
CUST-01457,William Jones,william.jones861@example.com,Consumer,,05-07-2023
CUST-00585,John Wilson,john.wilson694@example.com,Consumer,Gold,25-11-2024
CUST-03492,Pari Brown,pari.brown852@example.com,Consumer,Silver,15-02-2023
CUST-02877,Sai Kumar,sai.kumar249@example.com,Corporate,Bronze,12-12-2023
CUST-03529,James Gupta,james.gupta648@example.com,Small Business,Silver,28-07-2024
CUST-03851,Arjun Verma,arjun.verma243@example.com,Small Business,Bronze,22-01-2023
CUST-01619,Isabella Johnson,isabella.johnson804@example.com,Consumer,Bronze,18-06-2024
CUST-00839,Saanvi Kumar,saanvi.kumar325@example.com,Consumer,Bronze,18-05-2023
CUST-01239,Vivaan Reddy,vivaan.reddy@outlook.com,Small Business,Platinum,19-05-2024
CUST-00062,Diya Kumar,diya.kumar326@example.com,Consumer,Silver,06-05-2023
CUST-04491,Michael Anderson,michael.anderson943@example.com,Consumer,Bronze,27-11-2024
CUST-04267,Isabella Joshi,isabella.joshi@outlook.com,Small Business,Silver,01-01-2024
CUST-04310,Sai Verma,unregistered@exmple.com,Consumer,Gold,29-09-2024
CUST-01992,Isha Kumar,isha.kumar632@example.com,Corporate,Bronze,18-08-2024
CUST-04020,Sophia Wilson,sophia.wilson18@example.com,Consumer,Bronze,16-01-2023
CUST-02349,Olivia Yadav,olivia.yadav416@example.com,Consumer,Bronze,12-08-2024
CUST-01651,Myra Singh,unregistered@exmple.com,Consumer,Silver,19-02-2023
CUST-00965,Riya Singh,riya.singh456@example.com,Small Business,Silver,07-01-2024
CUST-01324,Riya Johnson,riya.johnson980@example.com,Small Business,Bronze,17-07-2024
CUST-01232,Saanvi Smith,saanvi.smith224@example.com,Consumer,Silver,15-12-2023
CUST-00013,Aditya Mehta,aditya.mehta219@example.com,Consumer,Silver,23-11-2023
CUST-00071,Olivia Davis,olivia.davis536@example.com,Consumer,Bronze,29-10-2024
CUST-01057,Vihaan Kumar,vihaan.kumar171@example.com,Corporate,Bronze,19-09-2023
CUST-02156,Ishaan Johnson,ishaan.johnson518@example.com,Small Business,Bronze,18-12-2023
CUST-03621,James Johnson,james.johnson67@example.com,Corporate,Silver,13-12-2023
CUST-03979,Isha Williams,isha.williams655@example.com,Corporate,Bronze,20-06-2024
CUST-04246,Aditya Gupta,aditya.gupta717@example.com,Consumer,Silver,04-11-2024
CUST-03396,Aarav Jones,aarav.jones245@example.com,Consumer,Bronze,20-09-2023
CUST-02164,Myra Joshi,myra.joshi880@example.com,Consumer,Silver,30-03-2024
CUST-02388,Olivia Reddy,olivia.reddy703@example.com,Corporate,Bronze,27-09-2023
CUST-04233,Reyansh Taylor,reyansh.taylor192@example.com,Consumer,Platinum,18-12-2024
CUST-00479,Aanya Verma,aanya.verma491@example.com,Consumer,Bronze,07-04-2024
CUST-03609,Aadhya Gupta,aadhya.gupta697@example.com,Consumer,Bronze,15-11-2023
CUST-01000,Vivaan Wilson,vivaan.wilson257@example.com,Small Business,Bronze,13-01-2023
CUST-03389,Ava Sharma,unregistered@exmple.com,Corporate,Silver,15-12-2023
CUST-00587,Saanvi Sharma,saanvi.sharma210@example.com,Consumer,Platinum,22-06-2023
CUST-03156,Ishaan Davis,ishaan.davis610@example.com,Consumer,Bronze,21-11-2023
CUST-02299,Aadhya Gupta,aadhya.gupta639@example.com,Consumer,Bronze,26-04-2023
CUST-01801,Myra Wilson,myra.wilson811@gmail.com,Corporate,Gold,24-02-2023
CUST-04112,Isha Brown,isha.brown898@example.com,Consumer,Silver,16-06-2024
CUST-04203,Diya Joshi,diya.joshi@outlook.com,Consumer,Bronze,05-10-2023
CUST-01581,Vivaan Jones,vivaan.jones186@example.com,Consumer,Silver,17-11-2023
CUST-02275,Ananya Jones,ananya.jones546@example.com,Consumer,Bronze,01-07-2023
CUST-00803,Ananya Verma,ananya.verma317@example.com,Consumer,Bronze,06-09-2024
CUST-03680,Saanvi Yadav,saanvi.yadav945@example.com,Consumer,Gold,22-08-2024
CUST-01927,James Singh,james.singh965@example.com,Consumer,Bronze,19-07-2024
CUST-01163,James Gupta,james.gupta392@example.com,Corporate,Silver,19-08-2024
CUST-00430,Anika Joshi,anika.joshi723@example.com,Small Business,Platinum,27-09-2023
CUST-01727,Reyansh Wilson,reyansh.wilson634@example.com,Corporate,Gold,01-10-2024
CUST-00834,Vivaan Davis,vivaan.davis621@example.com,Consumer,Bronze,13-01-2024
CUST-00808,Ishaan Johnson,ishaan.johnson434@example.com,Corporate,Bronze,20-10-2024
CUST-00297,Olivia Miller,olivia.miller221@example.com,Consumer,Silver,07-06-2024
CUST-00534,Saanvi Johnson,saanvi.johnson539@example.com,Consumer,Gold,02-11-2024
CUST-04429,Aarav Reddy,aarav.reddy130@example.com,Corporate,Silver,06-04-2023
CUST-00152,Aanya Sharma,aanya.sharma142@example.com,Consumer,Silver,22-08-2023
CUST-04060,Arjun Joshi,unregistered@exmple.com,Consumer,Bronze,13-08-2023
CUST-03660,Vivaan Brown,vivaan.brown930@example.com,Consumer,Bronze,05-08-2024
CUST-03692,James Jones,james.jones655@example.com,Consumer,Gold,07-09-2024
CUST-02808,Sophia Kumar,sophia.kumar438@example.com,Consumer,Silver,03-11-2023
CUST-03166,Riya Singh,riya.singh158@example.com,Consumer,Bronze,11-09-2023
CUST-00622,Reyansh Patel,reyansh.patel517@example.com,Consumer,None,15-04-2023
CUST-03207,Pari Singh,pari.singh521@gmail.com,Consumer,Bronze,20-06-2023
CUST-03850,Riya Johnson,riya.johnson828@gmail.com,Consumer,Bronze,31-05-2024
CUST-04428,Myra Anderson,myra.anderson994@example.com,Small Business,Silver,15-12-2024
CUST-01403,Ayaan Singh,ayaan.singh487@example.com,Consumer,Silver,18-06-2023
CUST-03011,Michael Johnson,michael.johnson@outlook.com,Consumer,Bronze,17-11-2023
CUST-03129,Aadhya Johnson,aadhya.johnson799@gmail.com,Consumer,Bronze,22-02-2024
CUST-02534,Isha Williams,isha.williams699@example.com,Small Business,Silver,29-06-2023
CUST-03212,Ayaan Anderson,ayaan.anderson978@example.com,Corporate,,08-07-2024
CUST-02647,Pari Joshi,unregistered@exmple.com,Consumer,Bronze,22-01-2024
CUST-04094,Robert Davis,robert.davis708@example.com,Consumer,Bronze,17-07-2023
CUST-04252,James Kumar,james.kumar948@example.com,Consumer,Silver,21-11-2024
CUST-01771,Saanvi Williams,saanvi.williams992@example.com,Consumer,Bronze,10-02-2023
CUST-03214,Ava Reddy,unregistered@exmple.com,Consumer,Silver,28-04-2023
CUST-02471,Vivaan Patel,vivaan.patel159@example.com,Consumer,Silver,11-06-2024
CUST-02821,Aditya Kumar,aditya.kumar744@example.com,Small Business,Platinum,24-02-2023
CUST-03047,Anika Joshi,anika.joshi646@example.com,Consumer,Bronze,13-07-2023
CUST-03986,Aanya Brown,unregistered@exmple.com,Consumer,None,08-08-2024
CUST-00292,Isha Joshi,isha.joshi250@example.com,Consumer,Bronze,25-10-2023
CUST-01091,Isabella Taylor,isabella.taylor841@example.com,Consumer,Bronze,16-03-2024
CUST-04406,Olivia Smith,olivia.smith653@example.com,Consumer,None,09-05-2024
CUST-00634,Ava Patel,ava.patel866@example.com,Consumer,Gold,09-05-2023
CUST-03667,Isha Taylor,isha.taylor635@example.com,Consumer,Silver,06-06-2023
CUST-01843,James Patel,james.patel815@example.com,Consumer,Bronze,16-08-2024
CUST-02286,Emma Kumar,emma.kumar786@example.com,Consumer,Bronze,14-09-2024
CUST-03079,James Wilson,james.wilson994@example.com,Consumer,Gold,10-12-2024
CUST-03814,Ayaan Miller,ayaan.miller89@example.com,Consumer,Silver,14-07-2024
CUST-00694,Krishna Jones,krishna.jones450@example.com,Consumer,Silver,04-11-2023
CUST-02586,Aanya Williams,aanya.williams554@example.com,Consumer,Silver,19-06-2024
CUST-01030,Krishna Johnson,krishna.johnson676@example.com,Consumer,Bronze,11-08-2023
CUST-01361,Vihaan Anderson,vihaan.anderson798@example.com,Consumer,Bronze,10-06-2024
CUST-01045,Robert Reddy,robert.reddy204@example.com,Small Business,Silver,22-04-2023
CUST-03554,Ava Johnson,ava.johnson31@example.com,Corporate,Bronze,10-01-2023
CUST-00239,Robert Johnson,robert.johnson431@example.com,Corporate,Silver,27-08-2023
CUST-03748,William Verma,william.verma450@example.com,Consumer,Bronze,15-11-2023
CUST-01887,Emma Verma,emma.verma441@example.com,Consumer,Bronze,19-09-2024
CUST-02555,Ishaan Johnson,ishaan.johnson365@example.com,Consumer,Silver,26-04-2024
CUST-02237,Ava Jones,ava.jones78@example.com,Corporate,Gold,21-04-2023
CUST-02293,Saanvi Davis,saanvi.davis184@example.com,Corporate,Bronze,23-10-2023
CUST-00678,Ayaan Jones,unregistered@exmple.com,Consumer,Bronze,08-06-2024
CUST-02522,Sai Wilson,sai.wilson67@example.com,Small Business,Silver,05-12-2023
CUST-00643,John Sharma,john.sharma810@example.com,Consumer,Silver,12-09-2024
CUST-03190,Pari Miller,pari.miller993@example.com,Corporate,Silver,27-04-2023
CUST-04362,Olivia Gupta,olivia.gupta138@example.com,Consumer,Bronze,02-04-2023
CUST-03817,Ayaan Taylor,ayaan.taylor173@example.com,Small Business,Platinum,02-10-2024
CUST-00374,Michael Taylor,michael.taylor167@example.com,Corporate,Silver,13-10-2024
CUST-03961,Arjun Reddy,arjun.reddy500@example.com,Small Business,Silver,22-07-2023
CUST-04360,Reyansh Jones,reyansh.jones412@gmail.com,Corporate,Platinum,30-10-2024
CUST-00791,Michael Williams,michael.williams917@example.com,Consumer,Bronze,13-09-2023
CUST-03555,Saanvi Miller,unregistered@exmple.com,Consumer,Bronze,09-06-2024
CUST-00110,Sophia Anderson,sophia.anderson617@example.com,Small Business,Platinum,28-05-2024
CUST-02454,Diya Reddy,diya.reddy967@example.com,Corporate,Gold,04-08-2024
CUST-01042,Sophia Singh,sophia.singh50@example.com,Consumer,Bronze,08-12-2023
CUST-01618,James Singh,james.singh176@example.com,Small Business,Bronze,10-06-2024
CUST-00370,Myra Jones,myra.jones685@example.com,Small Business,Silver,25-08-2023
CUST-01053,Olivia Wilson,olivia.wilson519@example.com,Small Business,Bronze,07-01-2024
CUST-03014,James Anderson,james.anderson761@example.com,Consumer,Silver,26-05-2024
CUST-00052,Aarav Joshi,aarav.joshi@outlook.com,Consumer,Bronze,22-09-2024
CUST-01254,Ava Singh,ava.singh993@example.com,Consumer,Silver,27-07-2023
CUST-02012,Krishna Wilson,krishna.wilson@outlook.com,Corporate,Bronze,16-12-2023
CUST-02096,William Taylor,william.taylor191@example.com,Consumer,Platinum,11-10-2024
CUST-01345,William Anderson,william.anderson23@example.com,Consumer,Bronze,17-08-2024
CUST-00234,Ayaan Reddy,ayaan.reddy73@example.com,Consumer,Bronze,02-05-2023
CUST-02880,Ava Gupta,ava.gupta967@example.com,Corporate,Bronze,04-05-2024
CUST-01475,Ayaan Davis,ayaan.davis165@example.com,Consumer,None,18-01-2024
CUST-01289,Myra Johnson,myra.johnson443@example.com,Consumer,Bronze,27-01-2023
CUST-02171,William Miller,william.miller684@example.com,Corporate,Silver,12-04-2024
CUST-03035,James Davis,james.davis775@example.com,Small Business,Silver,05-07-2024
CUST-02494,Aarav Smith,aarav.smith969@example.com,Corporate,Bronze,07-09-2024
CUST-00291,Sophia Miller,sophia.miller246@example.com,Corporate,Bronze,08-06-2024
CUST-01611,William Patel,william.patel137@example.com,Consumer,Bronze,10-12-2023
CUST-00556,Vihaan Sharma,vihaan.sharma461@example.com,Consumer,Silver,30-11-2024
CUST-01598,Sophia Sharma,sophia.sharma101@example.com,Small Business,Bronze,30-04-2024
CUST-03342,Ananya Gupta,ananya.gupta419@example.com,Small Business,Gold,24-06-2024
CUST-02182,Emma Mehta,emma.mehta784@example.com,Consumer,Bronze,21-04-2024
CUST-02260,Olivia Taylor,olivia.taylor759@gmail.com,Corporate,Silver,03-05-2023
CUST-00894,Myra Joshi,myra.joshi660@example.com,Consumer,Silver,17-02-2024
CUST-00133,Ishaan Taylor,ishaan.taylor927@example.com,Corporate,None,24-02-2023
CUST-03170,Michael Yadav,michael.yadav818@example.com,Corporate,Gold,10-08-2023
CUST-03461,Sai Williams,sai.williams941@example.com,Small Business,Gold,10-11-2023
CUST-00121,William Reddy,william.reddy945@example.com,Consumer,Bronze,30-09-2024
CUST-01715,Arjun Johnson,arjun.johnson227@example.com,Consumer,Gold,22-09-2024
CUST-03859,Arjun Sharma,arjun.sharma798@example.com,Consumer,Bronze,05-09-2024
CUST-04396,Emma Yadav,emma.yadav243@example.com,Corporate,Bronze,01-02-2024
CUST-03610,James Patel,james.patel880@example.com,Small Business,Silver,22-01-2024
CUST-00684,Ayaan Jones,ayaan.jones414@example.com,Consumer,Bronze,23-02-2024
CUST-01673,John Yadav,john.yadav730@example.com,Consumer,Bronze,09-10-2024
CUST-01293,Ava Anderson,ava.anderson@outlook.com,Consumer,Silver,04-01-2023
CUST-00719,Myra Reddy,myra.reddy548@gmail.com,Consumer,Bronze,09-09-2024
CUST-00844,Vihaan Jones,vihaan.jones875@example.com,Consumer,Bronze,01-07-2023
CUST-00135,Myra Wilson,myra.wilson759@example.com,Corporate,Silver,02-05-2023
CUST-02222,Aarav Wilson,aarav.wilson378@example.com,Consumer,Gold,29-11-2023
CUST-01021,Krishna Joshi,krishna.joshi753@example.com,Corporate,Bronze,10-11-2024
CUST-01884,Reyansh Miller,reyansh.miller832@example.com,Consumer,Bronze,19-01-2024
CUST-03287,Aadhya Reddy,aadhya.reddy383@example.com,Consumer,Bronze,06-10-2024
CUST-01262,Saanvi Reddy,saanvi.reddy887@example.com,Consumer,Silver,25-09-2024
CUST-04270,Aanya Wilson,aanya.wilson948@example.com,Consumer,Bronze,04-12-2024
CUST-03649,Emma Sharma,emma.sharma429@example.com,Consumer,Bronze,12-10-2023
CUST-01480,Aadhya Anderson,aadhya.anderson131@example.com,Corporate,Bronze,25-10-2023
CUST-01174,Saanvi Patel,saanvi.patel444@example.com,Small Business,Silver,09-04-2023
CUST-00018,Saanvi Davis,saanvi.davis140@example.com,Consumer,Silver,11-04-2023
CUST-02342,Isabella Brown,isabella.brown364@example.com,Consumer,Bronze,11-04-2023
CUST-03226,Krishna Brown,krishna.brown213@example.com,Consumer,Gold,08-08-2024
CUST-00890,Aanya Mehta,aanya.mehta853@example.com,Consumer,Bronze,06-03-2024
CUST-03059,Krishna Kumar,krishna.kumar363@example.com,Consumer,Silver,27-10-2023
CUST-04297,Ishaan Wilson,ishaan.wilson259@example.com,Consumer,Bronze,29-07-2024
CUST-02112,Aadhya Smith,aadhya.smith140@example.com,Corporate,Silver,08-10-2023
CUST-02922,Michael Singh,michael.singh209@example.com,Consumer,Silver,21-06-2024
CUST-00539,Pari Smith,pari.smith299@example.com,Corporate,Gold,18-09-2024
CUST-01197,Robert Jones,robert.jones756@example.com,Consumer,Silver,09-04-2023
CUST-00123,Sophia Jones,sophia.jones583@example.com,Consumer,Silver,18-08-2023
CUST-02081,Saanvi Anderson,saanvi.anderson831@example.com,Consumer,Platinum,05-04-2023
CUST-03768,Ananya Singh,ananya.singh944@example.com,Consumer,Bronze,29-10-2023
CUST-01499,John Verma,john.verma86@example.com,Consumer,Silver,14-12-2024
CUST-02802,Vihaan Wilson,vihaan.wilson728@example.com,Small Business,Silver,02-07-2023
CUST-03920,Myra Johnson,myra.johnson698@example.com,Small Business,Bronze,02-02-2023
CUST-01103,Sophia Reddy,sophia.reddy831@example.com,Corporate,Bronze,02-09-2024
CUST-03050,Michael Wilson,michael.wilson644@example.com,Consumer,Bronze,18-12-2023
CUST-01371,Emma Singh,emma.singh282@example.com,Corporate,Bronze,21-05-2024
CUST-03426,Anika Taylor,anika.taylor516@example.com,Corporate,Silver,21-02-2023
CUST-01761,James Brown,james.brown181@example.com,Consumer,Platinum,27-02-2024
CUST-04369,Emma Reddy,emma.reddy25@example.com,Corporate,Bronze,11-06-2024
CUST-00417,William Anderson,william.anderson237@example.com,Corporate,Silver,02-08-2024
CUST-01781,Vihaan Williams,vihaan.williams295@example.com,Small Business,Silver,09-02-2023
CUST-04113,Vivaan Singh,vivaan.singh526@example.com,Corporate,Bronze,17-06-2023
CUST-03936,Ananya Anderson,ananya.anderson@outlook.com,Corporate,Bronze,24-09-2024
CUST-02567,Olivia Joshi,unregistered@exmple.com,Corporate,Gold,11-12-2024
CUST-04389,Myra Sharma,myra.sharma907@example.com,Corporate,Bronze,29-04-2024
CUST-02989,Aditya Wilson,aditya.wilson912@example.com,Corporate,Bronze,16-02-2023
CUST-01223,Sai Williams,sai.williams497@example.com,Consumer,Bronze,02-06-2023
CUST-03643,Ananya Yadav,ananya.yadav564@example.com,Corporate,Gold,05-07-2024
CUST-00795,Diya Sharma,diya.sharma865@example.com,Consumer,Platinum,01-09-2023
CUST-01019,Krishna Williams,krishna.williams351@example.com,Consumer,Silver,16-09-2024
CUST-01176,Vihaan Wilson,vihaan.wilson779@example.com,Consumer,Bronze,14-04-2024
CUST-01193,Sophia Jones,sophia.jones660@gmail.com,Corporate,Platinum,11-10-2023
CUST-03849,Sophia Kumar,sophia.kumar95@example.com,Consumer,Silver,25-08-2023
CUST-01339,Aarav Reddy,unregistered@exmple.com,Consumer,Silver,12-03-2024
CUST-00319,Aadhya Taylor,aadhya.taylor@outlook.com,Consumer,Silver,17-11-2023
CUST-00757,Anika Smith,anika.smith396@example.com,Consumer,Silver,19-04-2024
CUST-00275,Saanvi Patel,saanvi.patel303@example.com,Consumer,Bronze,14-10-2023
CUST-03690,Arjun Yadav,arjun.yadav886@example.com,Small Business,Bronze,26-11-2023
CUST-03493,Pari Jones,pari.jones756@gmail.com,Corporate,Silver,22-02-2024
CUST-03822,Ishaan Reddy,ishaan.reddy77@example.com,Consumer,Silver,08-10-2023
CUST-00945,Vihaan Joshi,vihaan.joshi587@example.com,Consumer,Silver,11-11-2024
CUST-02562,Reyansh Taylor,reyansh.taylor732@example.com,Consumer,Bronze,04-03-2024
CUST-00094,Vihaan Joshi,vihaan.joshi585@example.com,Consumer,Silver,16-07-2024
CUST-02043,Saanvi Verma,saanvi.verma165@example.com,Consumer,Silver,24-04-2024
CUST-03189,Emma Sharma,emma.sharma735@example.com,Consumer,Bronze,23-11-2024
CUST-04124,Saanvi Taylor,saanvi.taylor@outlook.com,Consumer,Silver,06-10-2024
CUST-01127,Isabella Davis,isabella.davis408@example.com,Consumer,Bronze,15-02-2023
CUST-02834,Sophia Smith,sophia.smith98@example.com,Consumer,Bronze,28-09-2023
CUST-03467,Anika Gupta,anika.gupta437@example.com,Consumer,Silver,03-02-2024
CUST-03276,Krishna Patel,krishna.patel433@example.com,Small Business,Silver,20-11-2024
CUST-04490,Robert Anderson,robert.anderson334@gmail.com,Consumer,Gold,16-05-2023
CUST-01427,Aditya Wilson,aditya.wilson499@example.com,Consumer,Bronze,02-01-2024
CUST-03208,Anika Wilson,anika.wilson827@example.com,Consumer,Gold,05-08-2023
CUST-00299,Arjun Gupta,arjun.gupta829@example.com,Consumer,Silver,04-02-2024
CUST-02918,Riya Miller,riya.miller218@example.com,Consumer,Bronze,01-02-2024
CUST-03293,Anika Davis,anika.davis204@example.com,Consumer,Silver,08-01-2024
CUST-01897,Krishna Patel,krishna.patel915@example.com,Consumer,Bronze,26-01-2024
CUST-03522,Ayaan Miller,ayaan.miller907@example.com,Consumer,Silver,13-11-2024
CUST-02347,Arjun Verma,arjun.verma811@example.com,Consumer,Silver,16-10-2024
CUST-03728,Diya Smith,diya.smith172@gmail.com,Consumer,Bronze,09-12-2023
CUST-00595,Ishaan Reddy,unregistered@exmple.com,Consumer,Bronze,01-01-2023
CUST-02219,Isabella Smith,isabella.smith159@example.com,Consumer,Bronze,30-05-2023
CUST-01104,Diya Kumar,diya.kumar738@example.com,Consumer,Bronze,30-09-2023
CUST-01587,Ayaan Johnson,ayaan.johnson127@example.com,Consumer,Bronze,19-07-2023
CUST-03533,Ananya Gupta,ananya.gupta891@example.com,Consumer,Silver,28-10-2023
CUST-03183,Olivia Gupta,olivia.gupta73@example.com,Consumer,Bronze,04-02-2024
CUST-01882,Sai Verma,sai.verma593@example.com,Corporate,Silver,31-10-2024
CUST-02192,Arjun Taylor,arjun.taylor261@example.com,Consumer,Bronze,27-09-2023
CUST-00377,Diya Miller,diya.miller75@example.com,Small Business,Silver,12-09-2024
CUST-01752,Ayaan Mehta,ayaan.mehta@outlook.com,Corporate,Silver,21-10-2023
CUST-02437,Aadhya Brown,aadhya.brown@outlook.com,Consumer,Gold,06-08-2024
CUST-04308,Michael Joshi,michael.joshi732@example.com,Consumer,Gold,20-10-2024
CUST-00184,Krishna Reddy,krishna.reddy161@example.com,Consumer,Gold,06-07-2023
CUST-04171,James Taylor,james.taylor37@example.com,Consumer,Silver,02-10-2024
CUST-02928,Isabella Brown,isabella.brown123@example.com,Consumer,Bronze,26-02-2024
CUST-03479,Ava Brown,ava.brown249@example.com,Consumer,Gold,08-09-2024
CUST-02952,Sai Anderson,sai.anderson206@example.com,Consumer,Bronze,29-01-2024
CUST-04259,Saanvi Singh,saanvi.singh269@example.com,Consumer,Bronze,07-12-2023
CUST-02556,Ananya Kumar,ananya.kumar991@example.com,Consumer,Bronze,22-04-2023
CUST-01744,Emma Reddy,emma.reddy@outlook.com,Corporate,Silver,20-06-2023
CUST-03811,Robert Gupta,robert.gupta356@example.com,Consumer,Bronze,30-03-2024
CUST-01895,Aditya Kumar,aditya.kumar437@example.com,Consumer,Bronze,14-02-2023
CUST-01269,Reyansh Williams,reyansh.williams826@gmail.com,Consumer,Bronze,24-02-2024
CUST-03862,Reyansh Davis,reyansh.davis90@gmail.com,Corporate,Silver,08-07-2023
CUST-00356,Aditya Reddy,aditya.reddy981@example.com,Consumer,Gold,29-03-2023
CUST-03310,Vivaan Davis,vivaan.davis671@gmail.com,Consumer,Bronze,09-05-2023
CUST-02379,James Verma,james.verma60@example.com,Corporate,Silver,15-01-2024
CUST-04251,Aadhya Miller,aadhya.miller244@gmail.com,Consumer,Silver,08-12-2023
CUST-00178,Aanya Joshi,aanya.joshi@outlook.com,Consumer,Bronze,25-02-2023
CUST-01069,Aarav Brown,aarav.brown658@gmail.com,Corporate,Silver,30-01-2023
CUST-03687,Robert Williams,robert.williams937@example.com,Consumer,Bronze,16-09-2024
CUST-03590,Vihaan Brown,vihaan.brown833@example.com,Small Business,Silver,04-04-2023
CUST-01247,Emma Sharma,emma.sharma715@example.com,Consumer,Silver,23-09-2024
CUST-00145,Ava Mehta,ava.mehta946@example.com,Consumer,Bronze,04-01-2024
CUST-00812,Aanya Kumar,aanya.kumar485@example.com,Consumer,Bronze,06-07-2024
CUST-00176,John Joshi,john.joshi424@example.com,Consumer,Silver,13-11-2024
CUST-03761,Ava Williams,ava.williams776@example.com,Corporate,Silver,06-09-2023
CUST-00288,Isabella Singh,isabella.singh@outlook.com,Small Business,Bronze,17-11-2023
CUST-00416,Ava Sharma,ava.sharma780@example.com,Consumer,Silver,27-05-2024
CUST-02527,Ishaan Wilson,ishaan.wilson681@example.com,Consumer,Bronze,06-01-2024
CUST-00046,Sai Johnson,sai.johnson266@gmail.com,Consumer,Bronze,26-11-2023
CUST-02414,Arjun Singh,arjun.singh446@example.com,Consumer,Gold,15-01-2024
CUST-03684,Pari Jones,pari.jones@outlook.com,Consumer,Bronze,10-08-2024
CUST-04081,Myra Taylor,myra.taylor270@example.com,Corporate,Silver,24-09-2023
CUST-03928,Isha Brown,isha.brown566@example.com,Consumer,Silver,23-07-2024
CUST-04102,Krishna Anderson,krishna.anderson411@gmail.com,Consumer,Silver,26-08-2024
CUST-04168,Reyansh Yadav,reyansh.yadav924@example.com,Consumer,Silver,14-02-2023
CUST-01028,Olivia Wilson,olivia.wilson344@example.com,Small Business,Bronze,22-12-2023
CUST-02120,Myra Sharma,myra.sharma@outlook.com,Consumer,Gold,23-09-2024
CUST-02822,Saanvi Taylor,saanvi.taylor@outlook.com,Consumer,Silver,05-10-2024
CUST-03436,Anika Patel,anika.patel97@example.com,Corporate,Bronze,14-03-2023
CUST-00970,Aanya Sharma,aanya.sharma24@example.com,Consumer,Bronze,21-05-2023
CUST-01282,Ava Taylor,ava.taylor626@example.com,Small Business,Platinum,10-07-2024
CUST-00872,Vivaan Gupta,vivaan.gupta422@example.com,Consumer,Silver,24-05-2023
CUST-02768,Ava Johnson,ava.johnson503@example.com,Consumer,Gold,30-06-2023
CUST-01635,Ava Patel,ava.patel189@example.com,Consumer,Silver,06-07-2023
CUST-03853,Isha Patel,isha.patel526@example.com,Small Business,Bronze,19-03-2023
CUST-04278,William Yadav,william.yadav979@example.com,Consumer,Bronze,21-05-2023
CUST-04079,Aadhya Williams,aadhya.williams548@example.com,Consumer,Bronze,17-02-2024
CUST-01074,Anika Gupta,anika.gupta57@example.com,Consumer,Bronze,19-01-2024
CUST-01488,Aadhya Johnson,aadhya.johnson120@example.com,Consumer,Bronze,20-04-2023
CUST-01737,Saanvi Mehta,saanvi.mehta881@example.com,Consumer,Platinum,05-04-2023
CUST-02814,Isha Smith,isha.smith953@example.com,Consumer,Bronze,29-10-2024
CUST-03297,Sai Gupta,sai.gupta172@example.com,Corporate,Silver,12-03-2023
CUST-00498,Pari Kumar,pari.kumar799@example.com,Corporate,Gold,21-09-2024
CUST-02147,Arjun Taylor,arjun.taylor578@example.com,Corporate,Silver,31-01-2023
CUST-00150,Pari Kumar,pari.kumar127@example.com,Consumer,Bronze,18-02-2023
CUST-00830,Ayaan Anderson,ayaan.anderson764@example.com,Small Business,None,24-05-2024
CUST-02657,Aarav Gupta,aarav.gupta729@example.com,Consumer,Silver,11-09-2024
CUST-03081,William Smith,william.smith950@example.com,Consumer,Gold,21-12-2023
CUST-00502,Saanvi Miller,saanvi.miller481@example.com,Consumer,Gold,02-08-2024
CUST-00473,Ananya Reddy,ananya.reddy57@gmail.com,Consumer,Silver,04-09-2023
CUST-03526,Anika Patel,anika.patel407@example.com,Consumer,Bronze,19-08-2024
CUST-03201,Diya Gupta,diya.gupta539@example.com,Consumer,Silver,03-04-2023
CUST-00804,John Kumar,john.kumar792@example.com,Consumer,Bronze,28-05-2023
CUST-01418,Sai Patel,sai.patel627@example.com,Consumer,Bronze,24-05-2024
CUST-04245,Isha Anderson,isha.anderson789@example.com,Consumer,Bronze,17-02-2024
CUST-01426,Aadhya Kumar,aadhya.kumar432@example.com,Corporate,Silver,18-06-2024
CUST-00568,Isabella Davis,isabella.davis482@example.com,Corporate,Gold,14-04-2023
CUST-01033,Ava Williams,ava.williams771@example.com,Consumer,Bronze,15-10-2024
CUST-00806,Krishna Singh,krishna.singh681@example.com,Corporate,Silver,03-09-2024
CUST-02949,Riya Singh,riya.singh406@example.com,Consumer,Bronze,30-03-2023
CUST-03066,Diya Gupta,diya.gupta984@example.com,Corporate,Bronze,29-11-2024
CUST-03934,Anika Johnson,anika.johnson157@example.com,Consumer,Bronze,31-03-2023
CUST-01760,Michael Yadav,unregistered@exmple.com,Small Business,Silver,08-02-2024
CUST-03051,Reyansh Miller,reyansh.miller116@example.com,Consumer,Platinum,05-07-2023
CUST-02025,Saanvi Williams,saanvi.williams825@example.com,Consumer,Silver,03-01-2024
CUST-03754,Vivaan Miller,vivaan.miller346@example.com,Consumer,Platinum,07-09-2024
CUST-03605,Emma Verma,emma.verma411@example.com,Consumer,Silver,26-05-2024
CUST-02370,Vivaan Sharma,vivaan.sharma952@example.com,Consumer,Bronze,17-12-2024
CUST-00323,Sophia Gupta,sophia.gupta781@example.com,Consumer,Silver,06-08-2024
CUST-03900,Pari Patel,pari.patel219@example.com,Consumer,Platinum,17-02-2023
CUST-01025,Isabella Verma,isabella.verma193@example.com,Consumer,Silver,22-07-2023
CUST-00309,Aditya Davis,aditya.davis339@example.com,Small Business,Bronze,09-02-2024
CUST-02751,Pari Johnson,pari.johnson471@example.com,Consumer,Silver,17-10-2023
CUST-01823,Arjun Gupta,arjun.gupta978@example.com,Consumer,Silver,10-10-2023
CUST-03134,Vihaan Johnson,vihaan.johnson776@example.com,Consumer,Silver,26-07-2024
CUST-01984,Reyansh Smith,reyansh.smith810@example.com,Corporate,Bronze,12-08-2024
CUST-01916,Michael Singh,michael.singh754@example.com,Consumer,,19-10-2024
CUST-04249,Reyansh Singh,reyansh.singh40@example.com,Consumer,Bronze,30-03-2024
CUST-02233,Emma Johnson,emma.johnson167@example.com,Consumer,Silver,03-03-2024
CUST-00020,Diya Jones,diya.jones576@gmail.com,Corporate,Silver,21-04-2024
CUST-02326,James Davis,james.davis551@example.com,Consumer,Gold,16-07-2024
CUST-00860,James Johnson,james.johnson70@example.com,Consumer,Bronze,10-05-2024
CUST-02689,Ayaan Miller,ayaan.miller@outlook.com,Consumer,Gold,25-11-2023
CUST-01182,John Jones,john.jones195@example.com,Small Business,Bronze,20-12-2024
CUST-00439,Olivia Davis,olivia.davis580@example.com,Consumer,Gold,08-01-2024
CUST-01261,Riya Johnson,riya.johnson838@example.com,Consumer,Gold,13-07-2024
CUST-03521,Ananya Verma,ananya.verma36@example.com,Consumer,Gold,08-10-2024
CUST-03406,Vihaan Miller,vihaan.miller800@example.com,Consumer,Bronze,11-10-2023
CUST-02180,Emma Reddy,emma.reddy99@example.com,Consumer,Bronze,17-07-2023
CUST-02421,Krishna Patel,krishna.patel@outlook.com,Small Business,Bronze,11-10-2024
CUST-01314,John Verma,john.verma@outlook.com,Consumer,Gold,22-02-2024
CUST-01894,Pari Sharma,pari.sharma848@example.com,Consumer,,25-11-2023
CUST-01062,William Gupta,william.gupta237@example.com,Small Business,Bronze,20-08-2023
CUST-00204,William Wilson,william.wilson882@example.com,Consumer,Platinum,03-12-2024
CUST-04282,Ishaan Verma,ishaan.verma860@example.com,Consumer,Bronze,17-12-2024
CUST-01813,Ava Sharma,ava.sharma@outlook.com,Corporate,Silver,25-04-2023
CUST-01847,Diya Singh,diya.singh810@example.com,Consumer,Silver,05-03-2023
CUST-01594,James Sharma,james.sharma670@example.com,Consumer,Silver,03-02-2023
CUST-02811,John Williams,john.williams71@example.com,Consumer,Bronze,26-07-2024
CUST-02190,Pari Sharma,pari.sharma603@example.com,Corporate,Silver,08-09-2024
CUST-01898,Michael Williams,michael.williams940@example.com,Consumer,Silver,16-12-2023
CUST-02831,Sophia Sharma,sophia.sharma859@example.com,Consumer,Bronze,27-09-2023
CUST-02390,Ishaan Patel,ishaan.patel914@example.com,Consumer,Bronze,15-11-2024
CUST-02217,Aarav Jones,aarav.jones111@example.com,Consumer,Platinum,03-05-2024
CUST-00677,Aanya Mehta,unregistered@exmple.com,Corporate,Platinum,08-01-2023
CUST-02485,James Singh,james.singh910@example.com,Small Business,Silver,14-05-2023
CUST-01149,Anika Wilson,anika.wilson@outlook.com,Consumer,Silver,22-10-2023
CUST-00946,Ananya Kumar,ananya.kumar75@example.com,Consumer,Platinum,17-05-2024
CUST-01718,Riya Miller,riya.miller539@example.com,Consumer,Silver,01-12-2023
CUST-04358,Ananya Kumar,ananya.kumar790@example.com,Consumer,Bronze,01-09-2024
CUST-00788,Riya Joshi,riya.joshi227@example.com,Consumer,Bronze,06-12-2023
CUST-02330,Diya Taylor,diya.taylor789@example.com,Corporate,Bronze,16-10-2024
CUST-01085,Vihaan Reddy,unregistered@exmple.com,Consumer,Bronze,09-10-2024
CUST-04487,Saanvi Johnson,saanvi.johnson580@example.com,Consumer,Bronze,18-06-2024
CUST-01840,Olivia Davis,olivia.davis871@example.com,Consumer,Bronze,02-11-2024
CUST-02105,Aadhya Reddy,aadhya.reddy437@example.com,Consumer,Bronze,11-06-2024
CUST-00215,Ananya Smith,ananya.smith802@example.com,Consumer,Bronze,01-02-2024
CUST-02584,Aarav Kumar,aarav.kumar567@example.com,Corporate,Bronze,07-05-2023
CUST-02741,Vihaan Yadav,vihaan.yadav874@example.com,Consumer,None,01-08-2024
CUST-02396,Sophia Joshi,sophia.joshi887@example.com,Corporate,Silver,25-03-2023
CUST-01704,Ananya Verma,ananya.verma405@example.com,Small Business,Bronze,16-07-2024
CUST-00597,Michael Sharma,michael.sharma438@example.com,Corporate,Bronze,30-07-2024
CUST-03046,Aanya Johnson,aanya.johnson621@example.com,Corporate,Bronze,16-04-2023
CUST-04141,Vihaan Yadav,vihaan.yadav813@example.com,Corporate,Bronze,10-05-2024
CUST-00197,Aarav Mehta,aarav.mehta597@example.com,Consumer,Bronze,25-10-2023
CUST-01058,Isabella Kumar,isabella.kumar918@example.com,Corporate,Silver,12-07-2024
CUST-00658,Pari Reddy,pari.reddy239@example.com,Consumer,Bronze,29-12-2023
CUST-02601,Ava Smith,ava.smith700@example.com,Consumer,Bronze,22-08-2023
CUST-03480,James Kumar,james.kumar25@example.com,Small Business,Bronze,14-01-2024
CUST-01043,Vihaan Patel,vihaan.patel139@example.com,Corporate,Bronze,06-10-2024
CUST-03337,Reyansh Davis,reyansh.davis185@gmail.com,Consumer,Bronze,11-07-2023
CUST-04400,Aditya Jones,aditya.jones871@example.com,Corporate,Bronze,18-09-2024
CUST-04002,Riya Sharma,unregistered@exmple.com,Consumer,Silver,21-09-2023
CUST-04391,Riya Wilson,riya.wilson42@example.com,Consumer,Bronze,23-08-2024
CUST-01294,Reyansh Mehta,reyansh.mehta@outlook.com,Consumer,Bronze,12-12-2023
CUST-00097,Saanvi Wilson,saanvi.wilson852@example.com,Consumer,Bronze,08-03-2024
CUST-01533,Ayaan Joshi,ayaan.joshi694@example.com,Consumer,Gold,12-01-2023
CUST-00140,Isha Mehta,isha.mehta600@example.com,Consumer,Bronze,04-01-2023
CUST-00997,Aadhya Singh,aadhya.singh438@example.com,Consumer,Bronze,06-12-2024
CUST-00908,Myra Mehta,myra.mehta950@example.com,Consumer,Silver,11-04-2024
CUST-02678,Anika Anderson,anika.anderson246@example.com,Small Business,Bronze,22-01-2024
CUST-02234,Ava Williams,ava.williams524@gmail.com,Consumer,Silver,13-05-2024
CUST-01039,Vihaan Reddy,vihaan.reddy831@example.com,Consumer,Silver,19-12-2024
CUST-01221,Aditya Smith,aditya.smith455@example.com,Small Business,Bronze,21-10-2024
CUST-03719,Ananya Gupta,ananya.gupta906@example.com,Corporate,Gold,18-01-2023
CUST-00464,William Miller,william.miller251@example.com,Consumer,Bronze,08-08-2023
CUST-02058,Sophia Verma,sophia.verma548@example.com,Small Business,Gold,15-08-2023
CUST-02553,Sophia Johnson,sophia.johnson453@example.com,Consumer,Gold,25-02-2024
CUST-01553,Anika Smith,anika.smith656@example.com,Consumer,Bronze,13-01-2023
CUST-03291,William Patel,william.patel721@example.com,Consumer,Platinum,06-08-2024
CUST-01190,Aarav Sharma,aarav.sharma530@example.com,Corporate,Bronze,05-11-2023
CUST-00692,Vivaan Joshi,vivaan.joshi237@example.com,Consumer,None,08-01-2023
CUST-02971,Aadhya Sharma,aadhya.sharma146@example.com,Consumer,Bronze,11-03-2023
CUST-02246,Robert Patel,robert.patel994@example.com,Consumer,Silver,22-09-2024
CUST-01816,Ishaan Reddy,ishaan.reddy@outlook.com,Consumer,Bronze,31-08-2023
CUST-04434,Krishna Verma,krishna.verma@outlook.com,Consumer,Bronze,04-06-2024
CUST-03321,John Johnson,john.johnson164@example.com,Corporate,Gold,13-09-2023
CUST-00151,James Verma,james.verma595@example.com,Consumer,Silver,21-04-2023
CUST-04411,Ananya Sharma,ananya.sharma@outlook.com,Small Business,Bronze,18-07-2023
CUST-00878,Olivia Kumar,olivia.kumar700@example.com,Consumer,Bronze,09-12-2023
CUST-02355,Riya Brown,riya.brown726@example.com,Consumer,Silver,10-04-2023
CUST-04326,Saanvi Gupta,saanvi.gupta757@example.com,Consumer,Silver,26-05-2023
CUST-00458,Vivaan Mehta,vivaan.mehta353@example.com,Small Business,Bronze,19-02-2024
CUST-02858,Aarav Gupta,aarav.gupta57@example.com,Corporate,Bronze,26-12-2023
CUST-02847,Aanya Kumar,aanya.kumar524@example.com,Consumer,Bronze,08-08-2024
CUST-02611,Ishaan Joshi,ishaan.joshi993@example.com,Consumer,Silver,14-09-2023
CUST-00240,Ayaan Yadav,ayaan.yadav885@gmail.com,Corporate,Silver,19-03-2023
CUST-04359,Aanya Smith,aanya.smith490@example.com,Small Business,Bronze,12-05-2024
CUST-00880,Diya Brown,diya.brown@outlook.com,Consumer,Silver,14-03-2024
CUST-02104,Diya Jones,diya.jones320@example.com,Consumer,Bronze,09-05-2023
CUST-03115,Myra Jones,myra.jones@outlook.com,Consumer,Silver,30-11-2023
CUST-00932,Vivaan Singh,vivaan.singh252@example.com,Corporate,Gold,30-12-2023
CUST-01173,Ananya Yadav,ananya.yadav679@example.com,Corporate,Gold,11-07-2023
CUST-03836,Saanvi Wilson,saanvi.wilson731@example.com,Consumer,Platinum,13-09-2024
CUST-03334,Ishaan Patel,ishaan.patel424@example.com,Corporate,Bronze,28-08-2024
CUST-04366,Ananya Patel,ananya.patel665@example.com,Consumer,Gold,03-08-2023
CUST-01644,William Yadav,unregistered@exmple.com,Small Business,Platinum,15-03-2024
CUST-03712,Krishna Taylor,krishna.taylor755@example.com,Consumer,Bronze,23-06-2023
CUST-01076,Saanvi Taylor,saanvi.taylor600@example.com,Consumer,Gold,23-01-2024
CUST-01968,Aditya Reddy,aditya.reddy749@example.com,Consumer,Gold,26-04-2024
CUST-03194,Olivia Kumar,olivia.kumar905@example.com,Consumer,Silver,28-08-2024
CUST-01341,Vivaan Mehta,vivaan.mehta80@example.com,Corporate,Silver,10-11-2023
CUST-03429,Vivaan Joshi,vivaan.joshi789@example.com,Small Business,Silver,13-05-2024
CUST-02343,Anika Reddy,anika.reddy54@example.com,Consumer,Bronze,25-08-2023
CUST-03248,Robert Jones,robert.jones302@example.com,Small Business,Bronze,04-10-2023
CUST-00100,Ayaan Miller,ayaan.miller70@example.com,Consumer,Gold,03-01-2023
CUST-04463,Emma Brown,emma.brown781@example.com,Consumer,Silver,13-09-2023
CUST-03298,Aarav Sharma,aarav.sharma137@example.com,Consumer,Bronze,17-01-2024
CUST-00192,Ananya Wilson,ananya.wilson943@example.com,Consumer,Bronze,29-04-2023
CUST-01893,Anika Miller,anika.miller86@example.com,Corporate,Silver,17-02-2023
CUST-02046,Arjun Reddy,arjun.reddy279@example.com,Small Business,Silver,06-01-2024
CUST-02064,Ishaan Davis,ishaan.davis@outlook.com,Corporate,Silver,26-04-2023
CUST-01546,Arjun Verma,arjun.verma607@example.com,Consumer,Bronze,14-10-2024
CUST-01879,Ava Verma,ava.verma715@example.com,Corporate,Bronze,08-08-2023
CUST-01778,John Davis,john.davis993@example.com,Consumer,Platinum,18-08-2023
CUST-04089,Emma Patel,emma.patel408@example.com,Small Business,Bronze,09-12-2023
CUST-00706,Arjun Wilson,arjun.wilson@outlook.com,Consumer,Bronze,15-11-2023
CUST-00950,Isabella Joshi,isabella.joshi276@example.com,Small Business,Gold,10-09-2023
CUST-03711,Ishaan Miller,ishaan.miller905@example.com,Consumer,Bronze,09-12-2023
CUST-03415,William Sharma,william.sharma490@example.com,Consumer,Gold,19-05-2023
CUST-01481,Sophia Smith,sophia.smith877@example.com,Consumer,Gold,30-04-2023
CUST-02285,Pari Wilson,pari.wilson188@example.com,Consumer,Silver,24-02-2024
CUST-01505,Ava Jones,ava.jones90@example.com,Small Business,Platinum,08-05-2024
CUST-03584,Isabella Smith,isabella.smith693@example.com,Consumer,Bronze,01-07-2024
CUST-01766,Isabella Yadav,isabella.yadav685@gmail.com,Consumer,Silver,28-11-2023
CUST-03540,Vivaan Mehta,vivaan.mehta152@example.com,Consumer,Gold,11-12-2024
CUST-03407,Sai Taylor,sai.taylor217@example.com,Corporate,Bronze,17-02-2024
CUST-03460,Diya Anderson,diya.anderson455@example.com,Consumer,Bronze,30-01-2023
CUST-03908,Arjun Brown,arjun.brown516@gmail.com,Small Business,Silver,07-09-2024
CUST-00801,Anika Wilson,anika.wilson974@example.com,Consumer,Silver,13-08-2024
CUST-00167,Emma Taylor,emma.taylor58@example.com,Consumer,Silver,29-10-2024
CUST-02208,Emma Davis,emma.davis718@example.com,Consumer,Silver,25-09-2024
CUST-01265,Emma Gupta,emma.gupta666@example.com,Consumer,Bronze,29-07-2024
CUST-04140,Ayaan Gupta,ayaan.gupta843@example.com,Consumer,Silver,13-09-2023
CUST-03204,Arjun Kumar,arjun.kumar853@example.com,Small Business,Bronze,10-03-2023
CUST-01913,John Miller,john.miller595@example.com,Consumer,Silver,16-11-2024
CUST-00096,Saanvi Smith,saanvi.smith778@example.com,Small Business,Silver,10-02-2023
CUST-01002,Isabella Singh,isabella.singh981@example.com,Consumer,Silver,18-10-2023
CUST-01205,Arjun Smith,arjun.smith643@example.com,Corporate,Silver,01-12-2023
CUST-03868,Emma Brown,emma.brown467@example.com,Consumer,Silver,12-02-2024
CUST-03402,Pari Singh,pari.singh557@example.com,Consumer,Gold,16-11-2023
CUST-00081,Ananya Brown,ananya.brown47@example.com,Consumer,Gold,20-07-2023
CUST-01438,Riya Wilson,unregistered@exmple.com,Consumer,Silver,30-05-2024
CUST-04150,Isha Miller,isha.miller604@example.com,Corporate,Bronze,04-07-2023
CUST-02573,Olivia Wilson,olivia.wilson862@example.com,Consumer,Platinum,03-03-2023
CUST-04285,Sophia Sharma,sophia.sharma501@example.com,Corporate,Silver,29-11-2023
CUST-00153,Riya Verma,riya.verma777@example.com,Consumer,Silver,04-06-2023
CUST-04397,Aarav Yadav,aarav.yadav271@example.com,Corporate,Bronze,07-07-2023
CUST-02228,Ananya Brown,ananya.brown75@example.com,Consumer,Platinum,09-04-2023
CUST-03144,Arjun Gupta,arjun.gupta904@example.com,Corporate,Silver,04-09-2024
CUST-03154,Aadhya Reddy,aadhya.reddy532@example.com,Consumer,Bronze,15-01-2023
CUST-01514,Pari Mehta,pari.mehta573@example.com,Consumer,Silver,19-02-2024
CUST-01236,Diya Yadav,diya.yadav255@example.com,Consumer,Silver,23-07-2023
CUST-01256,James Miller,james.miller208@gmail.com,Corporate,Bronze,12-03-2023
CUST-02501,William Yadav,william.yadav516@example.com,Small Business,Silver,05-11-2023
CUST-01198,Krishna Mehta,krishna.mehta@outlook.com,Consumer,Silver,29-10-2024
CUST-00513,Ananya Johnson,ananya.johnson809@example.com,Consumer,Gold,01-12-2024
CUST-01243,Anika Singh,anika.singh890@example.com,Consumer,Bronze,13-12-2024
CUST-01877,Saanvi Reddy,saanvi.reddy126@example.com,Consumer,Bronze,22-09-2023
CUST-03039,Anika Miller,anika.miller17@example.com,Small Business,Silver,26-02-2023
CUST-02005,Vihaan Singh,vihaan.singh214@example.com,Consumer,Bronze,19-12-2024
CUST-01323,Isabella Jones,isabella.jones587@example.com,Consumer,Silver,22-04-2023
CUST-03791,Vihaan Yadav,vihaan.yadav245@example.com,Corporate,Silver,24-08-2023
CUST-00310,Emma Williams,emma.williams285@gmail.com,Small Business,Bronze,08-09-2024
CUST-01865,Aditya Taylor,aditya.taylor853@example.com,Corporate,Bronze,22-03-2023
CUST-02226,Ishaan Yadav,unregistered@exmple.com,Consumer,Gold,26-02-2024
CUST-01165,Vihaan Kumar,unregistered@exmple.com,Small Business,Silver,20-06-2024
CUST-00528,Krishna Mehta,krishna.mehta983@example.com,Consumer,Silver,23-03-2024
CUST-02528,Krishna Taylor,krishna.taylor307@example.com,Consumer,Silver,22-09-2023
CUST-03236,Pari Wilson,pari.wilson505@gmail.com,Consumer,Silver,23-08-2023
CUST-01838,Pari Jones,pari.jones477@example.com,Consumer,Bronze,06-12-2024
CUST-00496,Ananya Kumar,ananya.kumar567@gmail.com,Corporate,Silver,05-08-2024
CUST-01498,Ishaan Verma,ishaan.verma744@example.com,Consumer,Silver,15-01-2024
CUST-00185,William Jones,william.jones420@example.com,Consumer,Bronze,05-04-2024
CUST-00206,William Patel,william.patel220@example.com,Consumer,Silver,25-02-2023
CUST-00411,Riya Singh,riya.singh917@example.com,Corporate,Bronze,10-05-2023
CUST-00747,Isabella Taylor,isabella.taylor@outlook.com,Consumer,Bronze,05-01-2024
CUST-02516,William Williams,william.williams251@example.com,Corporate,Gold,09-03-2024
CUST-03505,Saanvi Miller,saanvi.miller395@example.com,Consumer,Silver,01-10-2024
CUST-00306,Riya Reddy,riya.reddy874@gmail.com,Consumer,Bronze,25-04-2023
CUST-02843,Reyansh Anderson,reyansh.anderson520@example.com,Consumer,Platinum,23-04-2023
CUST-00169,Michael Johnson,michael.johnson355@example.com,Consumer,Bronze,30-06-2023
CUST-01408,Isabella Verma,isabella.verma843@example.com,Consumer,Silver,14-07-2023
CUST-02956,Arjun Yadav,arjun.yadav770@example.com,Consumer,Gold,14-08-2023
CUST-03319,Krishna Williams,unregistered@exmple.com,Small Business,Silver,08-08-2024
CUST-02381,Robert Davis,robert.davis944@example.com,Consumer,Gold,03-03-2023
CUST-03140,Michael Reddy,michael.reddy878@example.com,Consumer,Bronze,20-11-2024
CUST-01937,James Williams,james.williams990@example.com,Consumer,Silver,29-09-2023
CUST-00268,Ishaan Johnson,ishaan.johnson478@example.com,Corporate,Bronze,22-01-2023
CUST-00212,Aanya Gupta,aanya.gupta708@example.com,Small Business,Gold,13-05-2024
CUST-02819,Pari Singh,pari.singh726@example.com,Small Business,Bronze,06-09-2024
CUST-00085,John Smith,john.smith46@example.com,Consumer,Gold,11-01-2024
CUST-03403,Vihaan Reddy,vihaan.reddy704@example.com,Small Business,Silver,28-09-2023
CUST-02885,Myra Reddy,myra.reddy849@example.com,Consumer,Gold,25-11-2024
CUST-04257,Reyansh Kumar,reyansh.kumar792@gmail.com,Consumer,Bronze,28-06-2023
CUST-03857,Ayaan Anderson,ayaan.anderson467@example.com,Consumer,Gold,24-04-2024
CUST-02824,John Taylor,john.taylor496@example.com,Consumer,Bronze,13-05-2024
CUST-03561,Aanya Singh,aanya.singh872@example.com,Consumer,Bronze,30-10-2023
CUST-03159,Aarav Kumar,aarav.kumar223@example.com,Corporate,Gold,05-06-2023
CUST-00765,Aanya Singh,aanya.singh663@example.com,Corporate,Bronze,13-11-2024
CUST-02196,Aanya Smith,aanya.smith@outlook.com,Consumer,Bronze,12-04-2023
CUST-03902,Ava Wilson,ava.wilson35@gmail.com,Corporate,Bronze,09-12-2023
CUST-01171,Vihaan Reddy,vihaan.reddy144@example.com,Consumer,Silver,23-11-2023
CUST-02334,Vihaan Yadav,vihaan.yadav49@example.com,Consumer,Bronze,08-09-2023
CUST-02838,William Davis,william.davis462@example.com,Small Business,Silver,07-03-2023
CUST-04357,Sophia Johnson,sophia.johnson628@example.com,Consumer,Bronze,01-09-2023
CUST-03948,Krishna Smith,krishna.smith613@example.com,Consumer,Bronze,31-01-2023
CUST-02461,Ananya Singh,ananya.singh156@example.com,Corporate,Bronze,22-09-2023
CUST-00181,Vivaan Anderson,vivaan.anderson512@example.com,Consumer,Bronze,12-09-2023
CUST-01376,Sai Wilson,sai.wilson517@example.com,Small Business,Silver,12-12-2024
CUST-00433,Emma Miller,emma.miller33@example.com,Consumer,Silver,14-07-2024
CUST-00290,Isabella Joshi,isabella.joshi95@example.com,Consumer,Bronze,23-04-2023
CUST-03812,James Smith,james.smith997@example.com,Consumer,Bronze,20-05-2024
CUST-00732,Diya Reddy,diya.reddy743@example.com,Corporate,Bronze,17-11-2024
CUST-00536,Reyansh Gupta,unregistered@exmple.com,Corporate,Bronze,27-03-2023
CUST-03086,Aarav Miller,aarav.miller843@example.com,Corporate,Gold,08-09-2024
CUST-00189,James Singh,james.singh555@example.com,Consumer,Silver,03-07-2024
CUST-02677,Ananya Mehta,ananya.mehta389@example.com,Consumer,Bronze,09-10-2023
CUST-01768,Reyansh Davis,reyansh.davis156@gmail.com,Consumer,Bronze,22-02-2023
CUST-00280,Isha Gupta,isha.gupta470@example.com,Consumer,Platinum,06-04-2023
CUST-00367,Isabella Reddy,isabella.reddy975@example.com,Consumer,Bronze,09-12-2023
CUST-03400,Vivaan Patel,vivaan.patel109@example.com,Consumer,Silver,10-02-2024
CUST-02187,Emma Anderson,emma.anderson951@example.com,Consumer,Bronze,12-05-2023
CUST-00271,Myra Singh,myra.singh291@example.com,Consumer,Silver,16-02-2024
CUST-03541,Isabella Sharma,isabella.sharma297@example.com,Corporate,Bronze,06-11-2023
CUST-01554,Saanvi Yadav,saanvi.yadav937@example.com,Corporate,Platinum,13-03-2023
CUST-03260,Reyansh Wilson,reyansh.wilson729@example.com,Consumer,Silver,02-07-2023
CUST-04086,Olivia Reddy,olivia.reddy122@example.com,Small Business,Bronze,19-01-2023
CUST-03210,Aarav Patel,aarav.patel999@example.com,Consumer,Gold,19-11-2024
CUST-00112,Saanvi Yadav,saanvi.yadav607@example.com,Consumer,Bronze,07-11-2023
CUST-03044,Olivia Johnson,olivia.johnson130@example.com,Corporate,Gold,11-09-2024
CUST-00368,Michael Verma,michael.verma@outlook.com,Consumer,Bronze,24-09-2024
CUST-03865,John Mehta,john.mehta@outlook.com,Corporate,Bronze,20-02-2023
CUST-00221,Olivia Verma,olivia.verma773@example.com,Corporate,Bronze,07-01-2024
CUST-00766,Isha Joshi,isha.joshi454@example.com,Consumer,Gold,27-05-2024
CUST-03177,Ananya Williams,ananya.williams@outlook.com,Consumer,Silver,12-01-2023
CUST-01741,Ananya Kumar,ananya.kumar@outlook.com,Corporate,Bronze,04-04-2023
CUST-02923,Krishna Jones,krishna.jones237@example.com,Consumer,Bronze,03-06-2024
CUST-01552,Pari Mehta,pari.mehta802@example.com,Consumer,Silver,30-04-2023
CUST-00462,Aanya Joshi,aanya.joshi749@example.com,Consumer,Gold,09-12-2023
CUST-04101,James Wilson,james.wilson890@example.com,Consumer,Silver,08-03-2024
CUST-01296,Ayaan Davis,ayaan.davis447@example.com,Consumer,Bronze,23-04-2023
CUST-00552,Ishaan Gupta,ishaan.gupta394@example.com,Consumer,Silver,07-07-2023
CUST-02248,Arjun Sharma,arjun.sharma223@gmail.com,Consumer,Silver,21-04-2024
CUST-02094,Pari Brown,pari.brown95@example.com,Consumer,Bronze,30-01-2024
CUST-02618,Sai Wilson,sai.wilson497@example.com,Consumer,Bronze,15-07-2024
CUST-03763,Ananya Reddy,unregistered@exmple.com,Corporate,Bronze,25-06-2024
CUST-01445,Reyansh Yadav,reyansh.yadav869@example.com,Small Business,Silver,15-10-2024
CUST-01421,Ananya Anderson,ananya.anderson347@example.com,Consumer,Bronze,12-06-2023
CUST-00403,Anika Smith,anika.smith825@example.com,Consumer,Bronze,24-07-2023
CUST-02664,William Gupta,william.gupta999@example.com,Corporate,Bronze,02-08-2024
CUST-01733,Ayaan Smith,ayaan.smith778@example.com,Corporate,Silver,24-10-2023
CUST-04433,Diya Smith,diya.smith@outlook.com,Consumer,Silver,06-01-2024
CUST-02482,Ayaan Davis,ayaan.davis795@gmail.com,Small Business,Bronze,03-09-2024
CUST-00651,Diya Smith,diya.smith902@example.com,Consumer,Bronze,19-10-2024
CUST-02692,Ananya Kumar,ananya.kumar863@example.com,Consumer,Platinum,01-04-2024
CUST-03746,Michael Singh,michael.singh@outlook.com,Consumer,Silver,05-12-2023
CUST-01742,Ava Patel,ava.patel703@example.com,Consumer,Silver,17-11-2023
CUST-02639,Ava Yadav,ava.yadav414@example.com,Consumer,Gold,28-07-2023
CUST-04247,Aanya Kumar,aanya.kumar200@example.com,Consumer,Silver,13-03-2024
CUST-02136,Aarav Miller,aarav.miller717@example.com,Consumer,Bronze,27-03-2023
CUST-01747,Saanvi Gupta,saanvi.gupta102@example.com,Consumer,Platinum,28-06-2023
CUST-03742,James Singh,james.singh232@example.com,Small Business,Silver,28-04-2024
CUST-00193,Vihaan Brown,vihaan.brown570@example.com,Consumer,Silver,12-06-2024
CUST-02526,Arjun Jones,arjun.jones517@example.com,Consumer,Silver,19-01-2023
CUST-04439,Aarav Williams,aarav.williams89@example.com,Consumer,Bronze,23-03-2024
CUST-03162,Ava Anderson,ava.anderson438@example.com,Small Business,Gold,21-06-2024
CUST-00315,Isabella Yadav,isabella.yadav296@example.com,Consumer,Silver,31-03-2023
CUST-02362,Robert Reddy,robert.reddy504@example.com,Consumer,None,14-04-2023
CUST-02280,Isha Sharma,isha.sharma506@example.com,Consumer,Bronze,09-07-2023
CUST-02020,Isha Reddy,isha.reddy959@example.com,Consumer,Bronze,03-08-2023
CUST-02216,Michael Brown,michael.brown639@example.com,Corporate,Gold,27-09-2023
CUST-04110,Ava Wilson,ava.wilson335@example.com,Consumer,Platinum,22-08-2024
CUST-03629,Arjun Anderson,arjun.anderson138@example.com,Consumer,Bronze,19-01-2023
CUST-00114,Myra Anderson,myra.anderson863@example.com,Small Business,Platinum,04-02-2024
CUST-02541,William Yadav,unregistered@exmple.com,Consumer,Silver,07-06-2023
CUST-01486,Anika Sharma,anika.sharma@outlook.com,Small Business,Bronze,17-01-2023
CUST-00091,Michael Taylor,michael.taylor190@example.com,Consumer,Silver,27-04-2023
CUST-03909,Ayaan Yadav,ayaan.yadav270@example.com,Consumer,Gold,31-08-2023
CUST-02440,Robert Kumar,robert.kumar933@example.com,Consumer,Gold,17-08-2024
CUST-03423,Ayaan Smith,ayaan.smith913@example.com,Consumer,Bronze,03-09-2023
CUST-03120,Aditya Anderson,aditya.anderson670@example.com,Consumer,Bronze,30-04-2023
CUST-01346,Ava Wilson,ava.wilson820@example.com,Consumer,Gold,20-09-2023
CUST-04216,Michael Brown,michael.brown480@example.com,Corporate,Gold,08-07-2023
CUST-02882,Pari Sharma,pari.sharma870@example.com,Corporate,Silver,14-11-2024
CUST-04422,John Anderson,john.anderson97@example.com,Consumer,Bronze,27-08-2023
CUST-03927,Ananya Kumar,ananya.kumar715@example.com,Consumer,Bronze,06-06-2024
CUST-01407,Sophia Taylor,sophia.taylor438@example.com,Consumer,Bronze,06-08-2024
CUST-02520,James Wilson,james.wilson777@example.com,Consumer,Bronze,28-09-2023
CUST-02497,Aditya Taylor,aditya.taylor835@example.com,Consumer,Bronze,29-07-2023
CUST-02474,Ayaan Joshi,ayaan.joshi675@example.com,Consumer,Bronze,23-07-2023
CUST-02139,Isabella Mehta,isabella.mehta715@example.com,Consumer,Bronze,12-11-2023
CUST-01114,Ishaan Wilson,ishaan.wilson630@example.com,Consumer,Bronze,12-11-2024
CUST-02674,Aadhya Johnson,aadhya.johnson404@example.com,Corporate,Gold,20-08-2024
CUST-01558,Sophia Gupta,unregistered@exmple.com,Consumer,Gold,03-07-2023
CUST-04048,Reyansh Brown,reyansh.brown234@gmail.com,Consumer,Bronze,16-06-2024
CUST-03433,Robert Kumar,robert.kumar936@example.com,Corporate,Gold,15-09-2023
CUST-02631,Saanvi Davis,saanvi.davis401@example.com,Consumer,Bronze,05-01-2024
CUST-03353,John Joshi,john.joshi319@example.com,Consumer,Bronze,06-09-2023
CUST-01722,Anika Patel,anika.patel218@example.com,Consumer,Silver,26-06-2024
CUST-02160,Riya Anderson,riya.anderson513@example.com,Consumer,Gold,02-05-2024
CUST-00897,Isabella Joshi,isabella.joshi486@example.com,Consumer,Platinum,24-08-2023
CUST-00760,Diya Williams,diya.williams32@example.com,Consumer,Gold,12-09-2024
CUST-01878,Diya Jones,diya.jones331@example.com,Corporate,None,24-10-2023
CUST-02211,Diya Davis,diya.davis624@gmail.com,Corporate,None,08-04-2024
CUST-02876,Krishna Davis,krishna.davis@outlook.com,Consumer,Bronze,30-11-2023
CUST-02499,Myra Joshi,myra.joshi162@example.com,Consumer,Platinum,09-11-2023
CUST-01633,Ishaan Singh,ishaan.singh901@example.com,Corporate,Bronze,12-05-2024
CUST-03682,Ananya Joshi,ananya.joshi870@example.com,Small Business,Bronze,22-03-2024
CUST-00451,John Davis,john.davis410@example.com,Consumer,Gold,19-11-2023
CUST-03987,Aarav Williams,aarav.williams183@example.com,Small Business,Gold,24-09-2023
CUST-04370,John Wilson,john.wilson110@example.com,Corporate,None,09-06-2023
CUST-00843,Isabella Williams,isabella.williams146@gmail.com,Consumer,Bronze,09-05-2024
CUST-00790,Emma Gupta,emma.gupta628@example.com,Consumer,Silver,29-06-2024
CUST-00603,Isha Verma,isha.verma526@example.com,Consumer,Gold,16-12-2023
CUST-04352,Michael Singh,michael.singh553@example.com,Consumer,Silver,27-01-2023
CUST-01821,Ananya Joshi,ananya.joshi680@example.com,Consumer,Bronze,11-12-2023
CUST-01188,Riya Taylor,riya.taylor302@example.com,Corporate,Silver,01-06-2023
CUST-04037,Vihaan Patel,vihaan.patel29@gmail.com,Small Business,Silver,05-07-2023
CUST-03266,Krishna Joshi,krishna.joshi550@example.com,Corporate,Bronze,04-04-2023
CUST-02218,Riya Sharma,riya.sharma997@gmail.com,Corporate,Platinum,16-07-2024
CUST-01056,John Mehta,john.mehta@outlook.com,Consumer,Bronze,22-12-2023
CUST-00255,Vihaan Wilson,vihaan.wilson927@example.com,Consumer,Silver,20-01-2023
CUST-03698,Olivia Wilson,olivia.wilson80@example.com,Corporate,Bronze,29-01-2024
CUST-00512,Saanvi Taylor,saanvi.taylor500@example.com,Consumer,Gold,12-04-2023
CUST-00775,John Miller,john.miller974@example.com,Consumer,Bronze,06-01-2023
CUST-03360,Saanvi Taylor,saanvi.taylor991@example.com,Consumer,Bronze,11-09-2024
CUST-00074,Aarav Singh,aarav.singh504@example.com,Consumer,Bronze,08-07-2023
CUST-02308,Olivia Patel,olivia.patel998@example.com,Consumer,Bronze,05-06-2024
CUST-01130,Pari Wilson,pari.wilson898@example.com,Corporate,Bronze,24-05-2024
CUST-00044,Isha Anderson,isha.anderson153@gmail.com,Consumer,Bronze,05-02-2024
CUST-03155,Michael Taylor,michael.taylor204@example.com,Consumer,Silver,03-01-2023
CUST-03795,Myra Kumar,myra.kumar@outlook.com,Consumer,Bronze,05-02-2023
CUST-04261,Aditya Gupta,aditya.gupta651@example.com,Small Business,Bronze,21-04-2023
CUST-00600,Ava Anderson,ava.anderson146@example.com,Corporate,Silver,18-06-2024
CUST-02407,Olivia Kumar,olivia.kumar@outlook.com,Consumer,Bronze,02-12-2023
CUST-03306,Sai Sharma,sai.sharma@outlook.com,Consumer,Bronze,22-04-2024
CUST-01922,Olivia Yadav,olivia.yadav915@example.com,Corporate,Bronze,15-03-2023
CUST-02178,James Wilson,james.wilson564@example.com,Corporate,Gold,03-01-2023
CUST-00427,Olivia Smith,olivia.smith469@example.com,Consumer,Silver,24-10-2023
CUST-01787,Sai Brown,sai.brown53@example.com,Consumer,Bronze,21-10-2023
CUST-00606,Saanvi Anderson,saanvi.anderson80@example.com,Consumer,Silver,25-10-2023
CUST-00495,Pari Davis,pari.davis635@gmail.com,Consumer,Gold,28-01-2024
CUST-00352,Aarav Smith,aarav.smith615@example.com,Small Business,Bronze,20-08-2023
CUST-03877,Vihaan Yadav,vihaan.yadav510@example.com,Small Business,Bronze,12-09-2024
CUST-02115,Ava Sharma,ava.sharma224@example.com,Consumer,Bronze,11-03-2023
CUST-01026,Ayaan Reddy,ayaan.reddy372@example.com,Consumer,Bronze,16-02-2024
CUST-03544,Ishaan Taylor,ishaan.taylor325@example.com,Consumer,Bronze,07-02-2023
CUST-00916,Ava Anderson,ava.anderson@outlook.com,Consumer,Silver,27-02-2023
CUST-02294,Riya Kumar,riya.kumar851@example.com,Consumer,Silver,30-10-2023
CUST-02518,Ava Davis,ava.davis770@example.com,Consumer,Gold,09-11-2024
CUST-01808,Krishna Yadav,krishna.yadav232@example.com,Consumer,Silver,20-09-2023
CUST-02319,Anika Anderson,anika.anderson631@example.com,Corporate,Bronze,29-05-2023
CUST-00811,Emma Yadav,emma.yadav798@example.com,Consumer,Bronze,01-09-2023
CUST-00619,Isha Wilson,isha.wilson293@example.com,Corporate,Bronze,17-05-2023
CUST-01412,Sophia Johnson,sophia.johnson497@example.com,Consumer,Silver,21-07-2024
CUST-03379,Robert Smith,robert.smith122@example.com,Consumer,Bronze,19-04-2023
CUST-01584,Riya Joshi,riya.joshi336@gmail.com,Small Business,Bronze,15-06-2024
CUST-02616,Emma Singh,emma.singh203@example.com,Small Business,Bronze,11-04-2023
CUST-02380,Krishna Joshi,krishna.joshi382@example.com,Corporate,Gold,22-06-2024
CUST-00912,Aditya Reddy,aditya.reddy795@example.com,Corporate,Bronze,04-05-2023
CUST-01210,Krishna Brown,krishna.brown904@example.com,Small Business,Bronze,16-07-2024
CUST-03104,Ishaan Yadav,ishaan.yadav700@example.com,Consumer,Bronze,06-12-2023
CUST-03984,Olivia Reddy,unregistered@exmple.com,Corporate,Bronze,02-12-2023
CUST-00870,Reyansh Johnson,reyansh.johnson92@example.com,Corporate,Bronze,25-08-2023
CUST-04461,Olivia Miller,olivia.miller44@example.com,Consumer,Bronze,13-03-2024
CUST-03242,Sophia Smith,sophia.smith758@example.com,Consumer,Silver,19-06-2024
CUST-04167,Riya Davis,riya.davis256@gmail.com,Consumer,Silver,27-03-2024
CUST-04262,Diya Brown,diya.brown882@example.com,Consumer,Bronze,15-04-2024
CUST-00357,Diya Singh,diya.singh104@example.com,Small Business,Gold,14-02-2024
CUST-01449,Krishna Reddy,krishna.reddy689@example.com,Consumer,Bronze,19-02-2024
CUST-00927,Riya Singh,riya.singh841@gmail.com,Consumer,Bronze,29-05-2024
CUST-01420,Arjun Wilson,arjun.wilson488@example.com,Consumer,Bronze,11-01-2024
CUST-04221,Ayaan Mehta,ayaan.mehta274@example.com,Consumer,Bronze,18-03-2024
CUST-00832,Ayaan Taylor,ayaan.taylor747@example.com,Corporate,Platinum,17-07-2024
CUST-02908,William Jones,william.jones758@example.com,Consumer,Bronze,01-10-2023
CUST-01392,Olivia Davis,unregistered@exmple.com,Consumer,Bronze,27-10-2024
CUST-00252,John Johnson,john.johnson354@example.com,Small Business,Bronze,22-03-2024
CUST-03221,William Wilson,william.wilson411@example.com,Consumer,Bronze,13-10-2023
CUST-03345,Aadhya Mehta,aadhya.mehta899@example.com,Corporate,Bronze,24-03-2023
CUST-04312,Olivia Sharma,olivia.sharma921@example.com,Consumer,Bronze,08-04-2023
CUST-00681,Riya Taylor,riya.taylor461@example.com,Consumer,Bronze,23-05-2024
CUST-01271,Reyansh Kumar,reyansh.kumar915@example.com,Small Business,Bronze,13-09-2023
CUST-02282,Ayaan Anderson,ayaan.anderson342@example.com,Consumer,Bronze,13-03-2024
CUST-01322,Isha Yadav,isha.yadav705@example.com,Corporate,Silver,03-10-2024
CUST-02472,John Reddy,john.reddy264@example.com,Small Business,Bronze,29-04-2024
CUST-01124,Aditya Singh,aditya.singh720@example.com,Consumer,Silver,24-06-2024
CUST-02488,Aarav Taylor,aarav.taylor654@example.com,Corporate,Bronze,12-05-2023
CUST-00333,Aanya Yadav,aanya.yadav942@example.com,Corporate,Silver,10-02-2024
CUST-02986,Pari Davis,pari.davis197@example.com,Consumer,Bronze,15-09-2023
CUST-00752,Emma Brown,emma.brown287@example.com,Small Business,Bronze,29-10-2023
CUST-00721,Emma Patel,emma.patel433@example.com,Consumer,Silver,08-05-2024
CUST-03726,Emma Taylor,emma.taylor58@example.com,Consumer,Bronze,08-09-2023
CUST-01579,Ananya Verma,ananya.verma979@example.com,Consumer,Bronze,22-07-2023
CUST-04339,James Singh,james.singh875@example.com,Consumer,Bronze,17-02-2024
CUST-03188,Anika Williams,anika.williams109@example.com,Consumer,Bronze,09-08-2023
CUST-01129,Saanvi Gupta,saanvi.gupta837@gmail.com,Corporate,Bronze,08-12-2023
CUST-02911,Ishaan Sharma,ishaan.sharma455@example.com,Consumer,Bronze,10-08-2024
CUST-03831,Vihaan Smith,vihaan.smith448@example.com,Corporate,Silver,11-07-2024
CUST-00518,Emma Gupta,emma.gupta661@example.com,Small Business,Bronze,21-04-2023
CUST-04096,Sophia Wilson,sophia.wilson20@example.com,Consumer,Bronze,09-01-2024
CUST-00734,Isabella Wilson,isabella.wilson920@example.com,Consumer,Gold,01-12-2024
CUST-01414,Ayaan Jones,ayaan.jones763@example.com,Consumer,Bronze,10-05-2023
CUST-01310,Vihaan Davis,vihaan.davis82@example.com,Consumer,Silver,06-01-2023
CUST-03996,Pari Anderson,pari.anderson377@example.com,Consumer,Bronze,19-01-2024
CUST-01090,Aditya Joshi,aditya.joshi547@example.com,Consumer,Bronze,13-10-2024
CUST-00590,Anika Anderson,anika.anderson595@example.com,Consumer,Bronze,08-08-2024
CUST-01331,Olivia Brown,unregistered@exmple.com,Small Business,Bronze,19-12-2024
CUST-00446,Sophia Smith,sophia.smith475@example.com,Consumer,Silver,02-03-2024
CUST-01925,Sophia Johnson,sophia.johnson541@example.com,Corporate,Bronze,16-09-2023
CUST-02322,Reyansh Anderson,reyansh.anderson504@example.com,Small Business,Silver,29-09-2024
CUST-02810,James Sharma,james.sharma576@example.com,Consumer,Bronze,28-09-2023
CUST-03261,Pari Taylor,pari.taylor464@example.com,Consumer,Silver,03-04-2024
CUST-00453,Ishaan Joshi,ishaan.joshi10@example.com,Corporate,Bronze,25-05-2024
CUST-03706,Krishna Miller,krishna.miller72@example.com,Consumer,Bronze,13-01-2024
CUST-02656,Robert Johnson,robert.johnson@outlook.com,Consumer,Silver,29-07-2023
CUST-01685,Emma Taylor,emma.taylor515@example.com,Consumer,Platinum,31-03-2024
CUST-01534,Ishaan Davis,ishaan.davis649@example.com,Consumer,Gold,19-04-2023
CUST-02578,Myra Taylor,myra.taylor513@example.com,Consumer,Platinum,06-05-2024
CUST-00015,Ayaan Mehta,ayaan.mehta617@example.com,Consumer,Bronze,17-05-2023
CUST-02943,Aanya Singh,aanya.singh491@example.com,Small Business,Platinum,11-02-2024
CUST-02571,Anika Yadav,anika.yadav476@example.com,Corporate,Gold,24-07-2023
CUST-02302,William Jones,william.jones804@example.com,Consumer,Bronze,14-03-2023
CUST-01612,Saanvi Johnson,saanvi.johnson570@example.com,Consumer,Silver,14-03-2023
CUST-00566,Michael Yadav,michael.yadav642@example.com,Small Business,Bronze,15-05-2023
CUST-04442,Aarav Wilson,aarav.wilson781@example.com,Small Business,Gold,26-04-2024
CUST-03114,Vivaan Mehta,vivaan.mehta536@example.com,Consumer,Bronze,22-03-2024
CUST-00361,Saanvi Gupta,saanvi.gupta576@example.com,Corporate,Bronze,13-11-2024
CUST-01273,James Johnson,james.johnson250@example.com,Small Business,Silver,27-04-2024
CUST-01648,James Anderson,james.anderson878@example.com,Corporate,Silver,10-05-2024
CUST-04335,Ava Patel,ava.patel355@example.com,Consumer,Bronze,04-02-2024
CUST-00882,Aditya Kumar,aditya.kumar614@example.com,Consumer,Silver,03-03-2023
CUST-01523,James Jones,james.jones170@gmail.com,Consumer,Bronze,24-10-2024
CUST-01222,John Taylor,john.taylor525@example.com,Consumer,Bronze,31-03-2024
CUST-04149,Diya Kumar,diya.kumar284@example.com,Consumer,Gold,28-05-2023
CUST-04026,Michael Anderson,michael.anderson207@example.com,Consumer,Bronze,25-05-2024
CUST-03110,Reyansh Reddy,reyansh.reddy674@example.com,Consumer,Bronze,11-08-2024
CUST-03794,Sai Singh,sai.singh634@example.com,Corporate,Bronze,31-05-2023
CUST-04243,Arjun Johnson,arjun.johnson27@example.com,Consumer,Bronze,14-03-2023
CUST-00569,Vihaan Jones,vihaan.jones944@gmail.com,Consumer,Bronze,22-05-2024
CUST-03444,Aarav Taylor,aarav.taylor529@example.com,Consumer,Bronze,30-04-2024
CUST-01565,Myra Mehta,myra.mehta773@example.com,Consumer,Bronze,26-07-2023
CUST-03040,William Gupta,william.gupta946@example.com,Consumer,Bronze,19-08-2024
CUST-02856,Robert Davis,robert.davis937@example.com,Consumer,Silver,29-06-2023
CUST-01496,Sai Johnson,sai.johnson322@example.com,Corporate,Bronze,12-02-2023
CUST-04296,John Jones,john.jones986@gmail.com,Consumer,Bronze,07-04-2024
CUST-01695,Ayaan Anderson,ayaan.anderson637@example.com,Consumer,Gold,03-12-2023
CUST-03131,Saanvi Davis,saanvi.davis187@example.com,Corporate,Platinum,27-04-2023
CUST-00491,Ananya Miller,ananya.miller45@example.com,Corporate,Bronze,24-03-2024
CUST-01011,Arjun Davis,arjun.davis253@example.com,Corporate,Gold,20-11-2023
CUST-00863,Ava Smith,ava.smith150@example.com,Consumer,Silver,14-09-2023
CUST-04025,Pari Brown,pari.brown116@gmail.com,Consumer,Platinum,30-01-2023
CUST-01394,Reyansh Williams,reyansh.williams827@example.com,Small Business,Bronze,12-12-2024
CUST-03099,Pari Williams,pari.williams581@example.com,Corporate,Bronze,11-03-2024
CUST-03772,Reyansh Jones,reyansh.jones169@example.com,Consumer,Bronze,04-08-2023
CUST-03870,Krishna Taylor,krishna.taylor56@example.com,Consumer,,09-11-2024
CUST-02521,Vivaan Davis,vivaan.davis798@example.com,Consumer,Bronze,12-12-2023
CUST-03251,Saanvi Taylor,saanvi.taylor581@example.com,Corporate,Bronze,08-02-2023
CUST-04353,Riya Wilson,riya.wilson649@example.com,Consumer,Bronze,24-10-2023
CUST-00507,Aanya Smith,aanya.smith546@example.com,Consumer,Silver,15-06-2024
CUST-00394,Isha Taylor,isha.taylor287@example.com,Consumer,Bronze,07-03-2023
CUST-03892,James Anderson,james.anderson70@example.com,Consumer,Silver,12-03-2023
CUST-03631,Aadhya Jones,aadhya.jones842@gmail.com,Consumer,Bronze,26-01-2023
CUST-03283,Pari Gupta,pari.gupta@outlook.com,Consumer,Gold,02-02-2024
CUST-03837,Isha Kumar,isha.kumar519@example.com,Consumer,Bronze,12-08-2024
CUST-04462,Michael Yadav,michael.yadav785@example.com,Small Business,Bronze,02-05-2023
CUST-03625,Isabella Yadav,isabella.yadav805@example.com,Consumer,Bronze,06-02-2024
CUST-03033,Ishaan Patel,unregistered@exmple.com,Consumer,Silver,24-09-2023
CUST-02457,Isha Jones,unregistered@exmple.com,Consumer,Bronze,04-08-2024
CUST-01910,Diya Kumar,diya.kumar@outlook.com,Corporate,Bronze,22-11-2023
CUST-02581,Aarav Williams,aarav.williams228@example.com,Consumer,Silver,25-09-2024
CUST-02979,Diya Verma,diya.verma124@example.com,Consumer,Silver,27-05-2024
CUST-01379,William Jones,william.jones123@example.com,Consumer,None,16-01-2024
CUST-03037,Aanya Sharma,aanya.sharma176@gmail.com,Consumer,Platinum,29-02-2024
CUST-02529,Aditya Smith,aditya.smith78@example.com,Consumer,Bronze,21-12-2023
CUST-03964,Sai Anderson,sai.anderson350@example.com,Consumer,Bronze,01-01-2024
CUST-00434,Reyansh Mehta,reyansh.mehta65@example.com,Corporate,Bronze,06-12-2023
CUST-03829,Reyansh Joshi,reyansh.joshi289@example.com,Consumer,Gold,17-08-2023
CUST-02750,Aanya Mehta,aanya.mehta343@example.com,Small Business,Bronze,01-08-2023
CUST-04156,Sophia Singh,sophia.singh19@example.com,Consumer,Silver,16-06-2024
CUST-03883,Saanvi Taylor,saanvi.taylor500@example.com,Corporate,Silver,07-05-2024
CUST-02906,Saanvi Miller,saanvi.miller194@example.com,Small Business,None,07-10-2023
CUST-01671,Emma Mehta,emma.mehta566@gmail.com,Small Business,Silver,19-07-2024
CUST-01048,Emma Smith,emma.smith948@example.com,Consumer,Silver,03-01-2023
CUST-03675,Ayaan Taylor,ayaan.taylor135@example.com,Consumer,Platinum,17-02-2023
CUST-01692,Myra Brown,myra.brown941@example.com,Small Business,Bronze,02-01-2024
CUST-01117,Vihaan Davis,vihaan.davis669@example.com,Corporate,Bronze,12-09-2024
CUST-04059,Anika Yadav,anika.yadav78@example.com,Corporate,Silver,14-05-2024
CUST-01118,William Singh,william.singh973@example.com,Consumer,Bronze,18-05-2023
CUST-03048,Diya Patel,diya.patel490@example.com,Corporate,Silver,22-03-2024
CUST-02615,Isabella Williams,isabella.williams553@example.com,Consumer,Silver,24-07-2023
CUST-04337,John Mehta,john.mehta901@example.com,Small Business,Platinum,13-03-2023
CUST-02358,Isha Smith,isha.smith595@gmail.com,Small Business,Gold,28-08-2023
CUST-03951,Arjun Mehta,arjun.mehta866@example.com,Consumer,Silver,20-02-2023
CUST-01905,Riya Yadav,riya.yadav712@gmail.com,Consumer,Platinum,12-04-2024
CUST-00157,Ayaan Joshi,ayaan.joshi450@example.com,Consumer,Bronze,20-12-2023
CUST-02599,Aditya Smith,aditya.smith382@example.com,Consumer,Silver,17-03-2023
CUST-04122,Emma Singh,emma.singh366@example.com,Corporate,Bronze,17-09-2024
CUST-01435,Ava Wilson,ava.wilson649@example.com,Consumer,Gold,01-03-2023
CUST-03700,Emma Davis,emma.davis@outlook.com,Small Business,Silver,05-08-2024
CUST-00644,James Reddy,james.reddy@outlook.com,Consumer,Silver,13-09-2023
CUST-03943,Pari Taylor,pari.taylor487@example.com,Corporate,Gold,20-12-2024
CUST-01535,Sai Joshi,sai.joshi768@example.com,Corporate,Silver,11-02-2023
CUST-01628,Michael Jones,michael.jones644@example.com,Consumer,Gold,11-04-2024
CUST-01551,Ishaan Davis,ishaan.davis875@example.com,Consumer,Silver,25-11-2024
CUST-01832,Anika Gupta,anika.gupta@outlook.com,Corporate,Bronze,07-07-2024
CUST-02859,Arjun Yadav,arjun.yadav399@gmail.com,Consumer,Bronze,21-01-2024
CUST-04343,Aarav Johnson,aarav.johnson596@example.com,Consumer,Silver,24-01-2023
CUST-03786,Emma Johnson,emma.johnson13@example.com,Consumer,Platinum,06-09-2023
CUST-03955,Aanya Williams,aanya.williams487@example.com,Consumer,Bronze,11-11-2023
CUST-00331,Aadhya Singh,aadhya.singh757@example.com,Consumer,Silver,03-02-2024
CUST-01162,Olivia Smith,olivia.smith813@example.com,Consumer,Silver,01-09-2023
CUST-02772,Robert Taylor,robert.taylor67@example.com,Consumer,Gold,04-01-2024
CUST-04307,William Verma,william.verma448@example.com,Corporate,Bronze,16-10-2023
CUST-03863,Sophia Brown,sophia.brown152@example.com,Consumer,Bronze,25-08-2023
CUST-02054,Sai Miller,sai.miller162@example.com,Consumer,Silver,08-08-2024
CUST-02975,Vivaan Williams,vivaan.williams@outlook.com,Consumer,Silver,08-12-2023
CUST-02532,Pari Gupta,pari.gupta924@example.com,Consumer,Silver,16-12-2023
CUST-01508,Aarav Mehta,aarav.mehta694@example.com,Consumer,Silver,01-04-2023
CUST-04120,William Verma,william.verma118@example.com,Consumer,Bronze,04-07-2024
CUST-03090,Emma Singh,emma.singh729@example.com,Corporate,Silver,08-09-2023
CUST-00756,William Patel,william.patel991@example.com,Consumer,None,17-06-2023
CUST-00519,Emma Williams,emma.williams666@example.com,Consumer,Silver,19-04-2024
CUST-03300,Reyansh Williams,reyansh.williams68@example.com,Consumer,Bronze,08-06-2024
CUST-00033,Sophia Taylor,sophia.taylor970@example.com,Consumer,Bronze,28-09-2023
CUST-02565,Aanya Sharma,aanya.sharma787@example.com,Small Business,Bronze,25-01-2024
CUST-00745,Ava Singh,ava.singh588@example.com,Consumer,Gold,18-06-2024
CUST-01667,John Smith,john.smith887@example.com,Consumer,Silver,17-02-2023
CUST-02122,James Joshi,james.joshi373@example.com,Consumer,Silver,19-03-2023
CUST-01730,Emma Yadav,emma.yadav763@example.com,Corporate,Silver,08-05-2024
CUST-01616,Aarav Kumar,aarav.kumar781@example.com,Consumer,Bronze,24-02-2023
CUST-00784,Sophia Smith,sophia.smith508@example.com,Consumer,,02-08-2024
CUST-02519,Sophia Johnson,sophia.johnson734@example.com,Consumer,Silver,24-07-2023
CUST-00230,Krishna Gupta,krishna.gupta844@example.com,Consumer,Silver,02-04-2023
CUST-00858,Emma Wilson,emma.wilson789@example.com,Small Business,Bronze,30-08-2024
CUST-03097,Aadhya Miller,aadhya.miller645@example.com,Consumer,Bronze,07-06-2024
CUST-00409,Arjun Williams,arjun.williams@outlook.com,Consumer,Gold,12-07-2023
CUST-00171,Emma Anderson,emma.anderson718@example.com,Consumer,Bronze,12-05-2024
CUST-00541,Aanya Brown,aanya.brown193@example.com,Consumer,Silver,28-08-2024
CUST-01870,Saanvi Reddy,saanvi.reddy330@example.com,Consumer,Bronze,14-01-2024
CUST-02909,Isabella Johnson,isabella.johnson362@gmail.com,Consumer,Bronze,14-04-2024
CUST-02777,Arjun Singh,arjun.singh270@example.com,Corporate,Bronze,28-02-2024
CUST-01184,Reyansh Joshi,reyansh.joshi609@gmail.com,Corporate,Bronze,05-04-2023
CUST-02241,Saanvi Johnson,saanvi.johnson@outlook.com,Corporate,Gold,23-10-2023
CUST-04194,Krishna Johnson,krishna.johnson414@example.com,Small Business,Bronze,31-10-2023
CUST-01955,Aarav Verma,aarav.verma292@example.com,Corporate,Silver,26-02-2023
CUST-02089,Aanya Verma,aanya.verma@outlook.com,Small Business,Bronze,27-10-2024
CUST-02289,James Taylor,james.taylor422@example.com,Consumer,Gold,07-07-2024
CUST-01158,Saanvi Davis,saanvi.davis186@example.com,Consumer,Bronze,01-08-2024
CUST-00565,Olivia Smith,olivia.smith146@example.com,Corporate,Bronze,26-05-2023
CUST-04450,Ananya Reddy,ananya.reddy431@example.com,Consumer,Bronze,22-06-2023
CUST-03809,Myra Mehta,myra.mehta484@example.com,Small Business,Bronze,19-08-2024
CUST-03807,Isha Williams,isha.williams615@example.com,Consumer,Bronze,12-02-2023
CUST-03696,Reyansh Kumar,reyansh.kumar519@example.com,Consumer,Bronze,10-03-2024
CUST-04178,Saanvi Yadav,saanvi.yadav663@example.com,Corporate,Bronze,07-11-2024
CUST-02284,Vivaan Patel,vivaan.patel583@example.com,Small Business,Bronze,18-03-2023
CUST-02504,Diya Jones,diya.jones524@example.com,Small Business,Bronze,11-03-2024
CUST-04130,Reyansh Davis,reyansh.davis521@example.com,Consumer,Bronze,01-04-2023
CUST-03411,Isha Patel,isha.patel675@example.com,Consumer,Silver,15-08-2023
CUST-00326,Aarav Joshi,aarav.joshi777@gmail.com,Consumer,Platinum,26-09-2023
CUST-01052,Ishaan Miller,ishaan.miller192@example.com,Consumer,Gold,30-07-2024
CUST-04119,Isabella Yadav,isabella.yadav378@example.com,Small Business,Silver,22-04-2024
CUST-03329,Sophia Anderson,sophia.anderson765@example.com,Consumer,Bronze,08-07-2024
CUST-01150,Ananya Jones,ananya.jones236@example.com,Small Business,Silver,18-06-2024
CUST-04034,Ayaan Singh,ayaan.singh163@gmail.com,Consumer,Bronze,01-12-2023
CUST-00621,William Johnson,william.johnson222@example.com,Corporate,Bronze,05-06-2024
CUST-02991,Isabella Mehta,isabella.mehta978@example.com,Consumer,Bronze,25-09-2023
CUST-00329,Ananya Miller,ananya.miller867@example.com,Consumer,Bronze,12-02-2024
CUST-01783,Sophia Williams,sophia.williams730@example.com,Consumer,Silver,01-03-2023
CUST-00898,Aanya Sharma,aanya.sharma853@example.com,Consumer,Bronze,08-12-2023
CUST-03898,Reyansh Taylor,unregistered@exmple.com,Corporate,Bronze,05-05-2024
CUST-01489,Isabella Verma,isabella.verma@outlook.com,Consumer,Bronze,11-09-2024
CUST-04324,Olivia Singh,olivia.singh562@example.com,Consumer,Silver,06-11-2023
CUST-01439,Krishna Gupta,krishna.gupta108@example.com,Consumer,Bronze,14-10-2023
CUST-01109,Saanvi Gupta,saanvi.gupta110@example.com,Consumer,Silver,17-01-2023
CUST-01506,Robert Wilson,robert.wilson516@example.com,Corporate,Silver,26-10-2024
CUST-03941,Ava Singh,ava.singh531@example.com,Corporate,Silver,10-07-2024
CUST-01868,James Kumar,unregistered@exmple.com,Corporate,Silver,18-07-2023
CUST-03135,Anika Wilson,anika.wilson876@example.com,Consumer,Bronze,03-03-2023
CUST-03258,Isha Davis,isha.davis205@example.com,Consumer,Gold,29-09-2023
CUST-02111,Diya Verma,diya.verma@outlook.com,Consumer,Silver,08-11-2023
CUST-01175,Arjun Williams,arjun.williams306@example.com,Consumer,Gold,25-02-2023
CUST-00810,Anika Patel,anika.patel522@example.com,Consumer,Bronze,31-05-2024
CUST-00979,Ayaan Johnson,ayaan.johnson930@example.com,Consumer,None,21-07-2024
CUST-01555,Pari Taylor,pari.taylor832@example.com,Small Business,Bronze,27-07-2024
CUST-02623,Ishaan Johnson,ishaan.johnson766@example.com,Consumer,Bronze,29-11-2023
CUST-03504,James Jones,unregistered@exmple.com,Consumer,Platinum,24-06-2024
CUST-04109,Vivaan Davis,vivaan.davis392@example.com,Consumer,Silver,12-11-2024
CUST-01116,Saanvi Verma,saanvi.verma64@example.com,Consumer,Bronze,15-05-2023
CUST-04452,Ava Singh,ava.singh851@example.com,Corporate,Gold,21-06-2024
CUST-01422,Isabella Taylor,isabella.taylor@outlook.com,Small Business,Bronze,05-10-2023
CUST-03854,Anika Yadav,anika.yadav201@example.com,Corporate,Bronze,19-09-2023
CUST-00175,Reyansh Singh,reyansh.singh728@example.com,Consumer,Silver,19-04-2023
CUST-02698,Pari Reddy,pari.reddy314@example.com,Consumer,Bronze,15-07-2023
CUST-01539,Ayaan Reddy,ayaan.reddy967@example.com,Small Business,Gold,15-06-2024
CUST-03751,Vihaan Verma,vihaan.verma65@example.com,Consumer,Bronze,19-01-2024
CUST-02629,Vihaan Verma,vihaan.verma806@gmail.com,Consumer,Platinum,10-08-2023
CUST-00218,William Singh,william.singh974@example.com,Consumer,Gold,11-09-2023
CUST-03399,Arjun Verma,arjun.verma905@example.com,Consumer,Silver,09-11-2023
CUST-03232,Krishna Davis,krishna.davis42@example.com,Small Business,Bronze,26-05-2024
CUST-00691,Anika Smith,anika.smith622@example.com,Corporate,Silver,02-05-2024
CUST-02265,Vihaan Brown,vihaan.brown605@example.com,Consumer,Silver,14-06-2024
CUST-01906,Aarav Taylor,aarav.taylor222@example.com,Small Business,Silver,07-01-2023
CUST-01911,Krishna Taylor,krishna.taylor554@example.com,Consumer,Bronze,23-10-2023
CUST-01107,Isabella Reddy,isabella.reddy714@example.com,Corporate,Gold,16-08-2023
CUST-01213,Reyansh Gupta,reyansh.gupta755@example.com,Small Business,Bronze,26-04-2024
CUST-01492,Saanvi Verma,saanvi.verma705@example.com,Consumer,Gold,03-07-2023
CUST-01748,Ava Gupta,ava.gupta624@example.com,Consumer,Gold,16-09-2024
CUST-02151,Ananya Williams,ananya.williams841@example.com,Consumer,Bronze,07-04-2024
CUST-02823,John Kumar,john.kumar233@example.com,Consumer,Silver,04-08-2024
CUST-03224,Ishaan Verma,ishaan.verma173@example.com,Consumer,Silver,28-09-2023
CUST-00577,Michael Yadav,michael.yadav36@example.com,Consumer,Bronze,29-04-2023
CUST-02495,Sophia Verma,sophia.verma34@example.com,Consumer,Gold,17-09-2024
CUST-04131,Aarav Johnson,aarav.johnson205@example.com,Small Business,Bronze,28-03-2023
CUST-00889,Vihaan Wilson,vihaan.wilson397@example.com,Consumer,Bronze,25-10-2024
CUST-02729,Vivaan Jones,vivaan.jones775@example.com,Consumer,Silver,21-10-2023
CUST-04325,Vihaan Williams,vihaan.williams440@example.com,Consumer,Silver,01-09-2023
CUST-03656,Isabella Johnson,isabella.johnson798@example.com,Consumer,Bronze,16-01-2023
CUST-00818,Aditya Sharma,aditya.sharma571@example.com,Consumer,Silver,21-08-2024
CUST-03930,Ananya Smith,ananya.smith542@example.com,Corporate,Silver,22-02-2024
CUST-00209,Sophia Johnson,sophia.johnson37@example.com,Consumer,Silver,06-05-2023
CUST-00294,Robert Williams,robert.williams161@example.com,Consumer,Bronze,05-10-2023
CUST-01120,James Jones,james.jones855@example.com,Consumer,Bronze,01-04-2023
CUST-04053,Myra Singh,myra.singh86@example.com,Corporate,Silver,20-10-2023
CUST-00991,Michael Smith,michael.smith303@gmail.com,Corporate,Bronze,06-07-2024
CUST-03723,John Gupta,unregistered@exmple.com,Small Business,Platinum,21-06-2023
CUST-02624,William Miller,william.miller12@example.com,Consumer,Bronze,07-06-2024
CUST-00354,Michael Williams,michael.williams849@example.com,Small Business,Platinum,01-08-2023
CUST-01841,Michael Smith,michael.smith583@example.com,Corporate,Silver,24-04-2024
CUST-02655,Isabella Joshi,isabella.joshi74@example.com,Consumer,Bronze,08-03-2023
CUST-02245,Aadhya Wilson,aadhya.wilson679@example.com,Consumer,Bronze,17-12-2023
CUST-02659,Ava Wilson,ava.wilson516@example.com,Consumer,Bronze,17-03-2024
CUST-01789,Diya Reddy,diya.reddy159@example.com,Corporate,Silver,18-11-2023
CUST-02389,Reyansh Jones,reyansh.jones822@example.com,Consumer,Silver,12-08-2023
CUST-04421,Anika Wilson,anika.wilson81@example.com,Corporate,Bronze,19-04-2023
CUST-04415,Michael Verma,michael.verma658@example.com,Corporate,Platinum,03-02-2024
CUST-01398,James Reddy,james.reddy792@example.com,Corporate,Silver,09-03-2024
CUST-03138,Sai Johnson,sai.johnson824@example.com,Consumer,Bronze,15-11-2023
CUST-00053,Aditya Kumar,aditya.kumar891@example.com,Corporate,Bronze,01-01-2023
CUST-04356,Aditya Smith,aditya.smith340@example.com,Corporate,Gold,01-11-2024
CUST-02373,Myra Smith,myra.smith627@example.com,Consumer,Gold,17-11-2024
CUST-02128,Aanya Reddy,aanya.reddy256@example.com,Small Business,Bronze,22-03-2024
CUST-02442,Sai Davis,sai.davis483@example.com,Small Business,Silver,16-01-2024
CUST-02259,Aditya Smith,aditya.smith989@example.com,Consumer,Bronze,16-04-2023
CUST-01034,Myra Miller,myra.miller86@example.com,Small Business,Silver,24-03-2024
CUST-02037,Robert Yadav,robert.yadav674@gmail.com,Consumer,Silver,21-03-2023
CUST-01850,Michael Smith,michael.smith54@example.com,Consumer,Bronze,10-01-2024
CUST-03695,Ayaan Verma,ayaan.verma63@example.com,Corporate,Silver,25-07-2024
CUST-02861,Diya Miller,diya.miller248@example.com,Consumer,Silver,14-09-2023
CUST-02523,Myra Johnson,myra.johnson932@example.com,Consumer,Bronze,29-03-2024
CUST-00031,Ananya Miller,ananya.miller785@example.com,Consumer,Platinum,12-04-2023
CUST-03919,Riya Sharma,unregistered@exmple.com,Corporate,Silver,14-02-2023
CUST-03388,John Joshi,john.joshi79@example.com,Consumer,Gold,09-12-2023
CUST-02198,Reyansh Sharma,reyansh.sharma567@example.com,Consumer,None,16-03-2023
CUST-00437,John Smith,john.smith905@example.com,Small Business,Bronze,24-09-2024
CUST-00913,Aarav Verma,aarav.verma@outlook.com,Consumer,Bronze,04-06-2024
CUST-03755,Sai Patel,sai.patel578@example.com,Consumer,Bronze,27-02-2023
CUST-04201,Diya Yadav,diya.yadav987@example.com,Consumer,Platinum,14-11-2023
CUST-04045,Reyansh Verma,unregistered@exmple.com,Consumer,Platinum,06-11-2024
CUST-02820,Michael Yadav,michael.yadav414@gmail.com,Consumer,Platinum,12-12-2023
CUST-01259,Saanvi Williams,saanvi.williams169@example.com,Consumer,Gold,16-08-2024
CUST-00904,Vivaan Singh,vivaan.singh683@example.com,Corporate,Gold,03-11-2023
CUST-02742,Krishna Verma,krishna.verma964@example.com,Corporate,Platinum,14-06-2023
CUST-02212,Sophia Wilson,sophia.wilson194@example.com,Consumer,Bronze,03-08-2024
CUST-02805,Sai Singh,sai.singh65@example.com,Consumer,Gold,09-09-2023
CUST-03277,Vivaan Davis,vivaan.davis420@example.com,Consumer,Silver,23-06-2023
CUST-02744,Ishaan Brown,ishaan.brown449@example.com,Consumer,Silver,12-10-2023
CUST-00322,James Williams,james.williams578@example.com,Small Business,Bronze,25-06-2024
CUST-02102,Ayaan Reddy,ayaan.reddy912@example.com,Corporate,Bronze,04-07-2023
CUST-01757,Ava Wilson,ava.wilson754@example.com,Consumer,Bronze,31-12-2023
CUST-01452,Saanvi Patel,saanvi.patel566@example.com,Corporate,Bronze,02-03-2023
CUST-01700,Robert Mehta,robert.mehta510@example.com,Consumer,Gold,07-07-2024
CUST-04231,Anika Davis,anika.davis199@example.com,Consumer,Silver,20-04-2023
CUST-01147,Krishna Johnson,krishna.johnson157@example.com,Consumer,Platinum,10-09-2024
CUST-03274,John Patel,john.patel199@example.com,Consumer,Silver,28-03-2024
CUST-00045,Arjun Miller,arjun.miller153@example.com,Consumer,Silver,05-07-2024
CUST-01211,Emma Mehta,emma.mehta563@example.com,Consumer,Silver,07-10-2023
CUST-02830,Saanvi Anderson,saanvi.anderson86@example.com,Small Business,Bronze,31-07-2023
CUST-01393,Ava Gupta,ava.gupta459@gmail.com,Consumer,Silver,16-03-2023
CUST-02003,Isha Yadav,isha.yadav121@example.com,Consumer,Bronze,18-02-2023
CUST-01934,Emma Williams,emma.williams245@example.com,Consumer,Bronze,28-04-2023
CUST-00802,Ayaan Joshi,ayaan.joshi318@example.com,Small Business,Bronze,19-08-2024
CUST-04379,Riya Yadav,riya.yadav@outlook.com,Consumer,Bronze,23-11-2023
CUST-04104,Isha Yadav,isha.yadav462@example.com,Small Business,Bronze,15-02-2023
CUST-01229,Saanvi Mehta,saanvi.mehta164@gmail.com,Consumer,Gold,22-01-2023
CUST-00257,James Williams,james.williams694@example.com,Consumer,Bronze,11-02-2024
CUST-03524,Pari Mehta,pari.mehta325@example.com,Corporate,Silver,17-06-2024
CUST-02806,Ayaan Reddy,ayaan.reddy477@example.com,Small Business,Silver,15-07-2024
CUST-01152,Robert Yadav,robert.yadav673@example.com,Corporate,Bronze,05-06-2024
CUST-02015,Krishna Miller,krishna.miller875@example.com,Corporate,Bronze,01-05-2024
CUST-00648,Isha Gupta,isha.gupta768@example.com,Consumer,Silver,15-05-2023
CUST-03430,Riya Singh,riya.singh324@example.com,Consumer,Bronze,03-06-2023
CUST-04007,Vivaan Brown,vivaan.brown484@example.com,Small Business,Bronze,16-02-2023
CUST-01484,Aadhya Jones,aadhya.jones169@example.com,Consumer,Gold,19-10-2024
CUST-03272,Arjun Patel,arjun.patel633@example.com,Consumer,Silver,08-06-2023
CUST-03412,Emma Davis,emma.davis791@example.com,Small Business,Gold,20-09-2024
CUST-03106,Aanya Taylor,aanya.taylor@outlook.com,Consumer,Bronze,22-06-2024
CUST-02173,Ananya Joshi,ananya.joshi@outlook.com,Consumer,,02-06-2023
CUST-01352,Pari Sharma,pari.sharma581@example.com,Corporate,Platinum,27-01-2024
CUST-03784,Reyansh Gupta,reyansh.gupta897@example.com,Consumer,Bronze,13-07-2023
CUST-02733,John Jones,john.jones202@example.com,Consumer,Bronze,19-12-2023
CUST-00264,Ayaan Mehta,ayaan.mehta200@example.com,Consumer,Bronze,24-05-2024
CUST-03463,Sophia Gupta,sophia.gupta955@example.com,Consumer,Bronze,15-09-2024
CUST-01187,Sai Sharma,unregistered@exmple.com,Corporate,Silver,19-12-2023
CUST-00057,Pari Verma,pari.verma595@example.com,Consumer,Bronze,25-03-2023
CUST-00696,Emma Patel,emma.patel87@example.com,Consumer,Bronze,03-01-2023
CUST-04340,Emma Jones,emma.jones945@example.com,Consumer,Gold,12-07-2024
CUST-01963,Sophia Joshi,sophia.joshi990@example.com,Corporate,Silver,16-09-2024
CUST-03401,Arjun Gupta,arjun.gupta784@example.com,Corporate,Bronze,10-08-2024
CUST-01375,Aditya Johnson,aditya.johnson606@gmail.com,Small Business,Bronze,14-04-2024
CUST-01613,Isha Davis,isha.davis744@example.com,Consumer,Bronze,11-02-2023
CUST-02620,Isha Gupta,isha.gupta735@example.com,Small Business,Bronze,17-02-2023
CUST-00683,Ava Sharma,ava.sharma64@example.com,Consumer,Platinum,18-09-2023
CUST-01899,John Smith,john.smith205@example.com,Corporate,Silver,07-01-2024
CUST-01573,Aanya Yadav,aanya.yadav921@example.com,Consumer,Silver,01-06-2023
CUST-03438,Ava Joshi,ava.joshi201@example.com,Consumer,Bronze,21-09-2023
CUST-02493,Vivaan Sharma,vivaan.sharma890@example.com,Consumer,Silver,16-11-2024
CUST-00287,Aanya Johnson,aanya.johnson546@example.com,Consumer,Bronze,22-11-2024
CUST-01624,Sophia Miller,sophia.miller387@example.com,Small Business,Bronze,21-01-2023
CUST-02132,Robert Anderson,robert.anderson123@example.com,Consumer,Bronze,19-06-2024
CUST-02632,Ayaan Davis,ayaan.davis180@example.com,Small Business,Bronze,18-04-2024
CUST-01363,John Singh,unregistered@exmple.com,Consumer,Bronze,18-07-2024
CUST-00339,Ayaan Yadav,ayaan.yadav@outlook.com,Consumer,Gold,08-06-2024
CUST-02348,Isabella Jones,isabella.jones401@example.com,Consumer,Bronze,14-10-2023
CUST-00737,Riya Miller,riya.miller@outlook.com,Consumer,Bronze,23-06-2024
CUST-01372,Ayaan Taylor,ayaan.taylor655@example.com,Consumer,Gold,29-04-2024
CUST-03932,Ava Mehta,ava.mehta857@example.com,Corporate,Silver,10-01-2023
CUST-04153,Aditya Smith,aditya.smith55@example.com,Consumer,Bronze,17-08-2023
CUST-04273,Olivia Patel,olivia.patel397@example.com,Consumer,Bronze,02-03-2024
CUST-04103,James Brown,unregistered@exmple.com,Small Business,Bronze,21-10-2024
CUST-01072,Michael Johnson,michael.johnson751@example.com,Consumer,Bronze,02-10-2024
CUST-03143,Diya Reddy,diya.reddy705@example.com,Consumer,Gold,29-08-2023
CUST-02251,Emma Anderson,emma.anderson472@example.com,Corporate,Silver,25-10-2023
CUST-02610,Emma Smith,emma.smith46@example.com,Consumer,Bronze,14-10-2024
CUST-01785,Riya Yadav,riya.yadav254@gmail.com,Consumer,Platinum,20-06-2024
CUST-01861,Sai Anderson,sai.anderson270@example.com,Small Business,Bronze,01-06-2024
CUST-03409,Saanvi Patel,saanvi.patel@outlook.com,Consumer,Silver,28-04-2023
CUST-04209,Ayaan Singh,ayaan.singh622@example.com,Consumer,,10-10-2024
CUST-00499,Robert Mehta,robert.mehta406@example.com,Consumer,Bronze,30-01-2024
CUST-03990,Isabella Brown,isabella.brown653@example.com,Consumer,Bronze,21-08-2024
CUST-01502,William Miller,william.miller632@example.com,Small Business,Gold,20-08-2024
CUST-02898,Myra Miller,myra.miller@outlook.com,Consumer,Silver,04-05-2023
CUST-03001,Aanya Johnson,aanya.johnson655@example.com,Corporate,Bronze,30-07-2023
CUST-01663,Ayaan Verma,ayaan.verma585@example.com,Consumer,Platinum,13-12-2024
CUST-02651,Saanvi Davis,saanvi.davis@outlook.com,Consumer,Bronze,17-10-2023
CUST-03940,Aadhya Miller,aadhya.miller181@example.com,Consumer,Bronze,11-03-2024
CUST-03923,Anika Patel,anika.patel660@gmail.com,Corporate,Bronze,12-04-2024
CUST-01920,Sophia Jones,sophia.jones966@example.com,Corporate,Silver,17-12-2024
CUST-01023,Reyansh Wilson,reyansh.wilson909@example.com,Consumer,Bronze,24-01-2023
CUST-02818,Vivaan Davis,vivaan.davis120@example.com,Consumer,Bronze,25-06-2023
CUST-01559,Vivaan Mehta,vivaan.mehta@outlook.com,Small Business,Bronze,02-08-2024
CUST-00666,James Mehta,james.mehta772@example.com,Consumer,Bronze,12-04-2024
CUST-03414,Olivia Singh,olivia.singh332@example.com,Consumer,Gold,14-02-2024
CUST-03332,Isabella Joshi,isabella.joshi945@gmail.com,Consumer,Bronze,06-04-2023
CUST-01018,Robert Brown,robert.brown83@example.com,Consumer,None,05-08-2023
CUST-01658,Anika Yadav,anika.yadav169@example.com,Small Business,Bronze,07-06-2024
CUST-02119,Krishna Miller,krishna.miller801@example.com,Consumer,Platinum,28-08-2024
CUST-01208,Sophia Brown,sophia.brown151@example.com,Consumer,Silver,12-02-2024
CUST-02310,John Yadav,john.yadav886@example.com,Corporate,Gold,05-01-2023
CUST-02118,Michael Verma,michael.verma644@example.com,Small Business,Bronze,24-07-2023
CUST-01428,Emma Singh,emma.singh607@example.com,Corporate,Bronze,27-08-2024
CUST-00246,Riya Reddy,riya.reddy@outlook.com,Consumer,Gold,25-02-2023
CUST-01164,Ananya Brown,ananya.brown239@example.com,Consumer,Bronze,23-03-2023
CUST-00267,Aarav Johnson,aarav.johnson@outlook.com,Consumer,Silver,04-06-2024
CUST-03366,Saanvi Davis,saanvi.davis150@example.com,Consumer,Platinum,15-07-2024
CUST-01115,Ishaan Patel,ishaan.patel@outlook.com,Consumer,Silver,01-10-2023
CUST-00064,Diya Yadav,diya.yadav406@example.com,Corporate,Bronze,03-01-2024
CUST-04111,Aanya Anderson,aanya.anderson390@gmail.com,Corporate,None,21-09-2024
CUST-01790,Myra Wilson,myra.wilson925@example.com,Corporate,Platinum,05-11-2024
CUST-02418,Ayaan Mehta,ayaan.mehta464@example.com,Corporate,Bronze,02-11-2024
CUST-03440,Riya Taylor,riya.taylor15@example.com,Consumer,Silver,26-07-2023
CUST-01468,Aanya Reddy,aanya.reddy767@example.com,Consumer,Bronze,02-09-2023
CUST-02463,Riya Davis,unregistered@exmple.com,Corporate,Bronze,17-04-2023
CUST-02231,Krishna Johnson,krishna.johnson@outlook.com,Consumer,Bronze,06-01-2023
CUST-02585,Ishaan Smith,ishaan.smith398@example.com,Consumer,Bronze,03-10-2024
CUST-02536,Aanya Yadav,aanya.yadav482@example.com,Corporate,Bronze,30-01-2024
CUST-01238,Sophia Davis,sophia.davis932@example.com,Consumer,Silver,04-07-2023
CUST-00104,Ishaan Davis,ishaan.davis852@example.com,Small Business,Bronze,28-08-2023
CUST-02321,Vivaan Verma,vivaan.verma@outlook.com,Consumer,Silver,24-06-2024
CUST-02828,Ava Yadav,ava.yadav996@example.com,Consumer,Bronze,08-05-2024
CUST-00509,Robert Sharma,robert.sharma320@example.com,Consumer,Silver,06-06-2023
CUST-01892,Robert Johnson,robert.johnson544@example.com,Consumer,Bronze,06-06-2023
CUST-02038,Vivaan Yadav,unregistered@exmple.com,Corporate,Silver,08-12-2024
CUST-03049,William Reddy,william.reddy173@example.com,Small Business,Silver,21-08-2024
CUST-00866,Ayaan Mehta,ayaan.mehta339@example.com,Consumer,Gold,01-02-2024
CUST-04033,Vivaan Yadav,vivaan.yadav779@example.com,Corporate,Bronze,15-05-2023
CUST-00909,Isabella Patel,isabella.patel59@example.com,Consumer,Gold,02-04-2024
CUST-01724,Vihaan Wilson,vihaan.wilson64@example.com,Small Business,Silver,12-03-2024
CUST-03382,Aadhya Miller,aadhya.miller685@example.com,Consumer,Bronze,17-01-2023
CUST-00836,Aarav Patel,aarav.patel@outlook.com,Consumer,Bronze,11-04-2024
CUST-00359,Aarav Sharma,aarav.sharma@outlook.com,Consumer,Silver,24-10-2023
CUST-03774,Vivaan Johnson,vivaan.johnson880@example.com,Small Business,Bronze,19-02-2023
CUST-00300,Vihaan Jones,vihaan.jones428@example.com,Consumer,Bronze,05-04-2024
CUST-01004,Vihaan Verma,vihaan.verma603@gmail.com,Corporate,Bronze,14-03-2024
CUST-01993,Riya Johnson,riya.johnson684@example.com,Consumer,Silver,23-12-2023
CUST-00942,Aditya Miller,aditya.miller748@example.com,Consumer,Bronze,12-11-2024
CUST-01503,Sophia Gupta,sophia.gupta338@example.com,Consumer,Bronze,16-02-2023
CUST-00762,Sophia Gupta,sophia.gupta818@example.com,Consumer,Bronze,05-09-2024
CUST-01477,Olivia Jones,olivia.jones197@example.com,Small Business,Platinum,24-09-2023
CUST-02595,Sophia Johnson,sophia.johnson@outlook.com,Consumer,Bronze,29-08-2023
CUST-02315,Vivaan Patel,vivaan.patel@outlook.com,Small Business,Gold,08-10-2024
CUST-04272,John Verma,john.verma580@example.com,Consumer,Silver,20-08-2023
CUST-01607,Vivaan Yadav,vivaan.yadav217@example.com,Consumer,Bronze,04-01-2023
CUST-04268,Robert Yadav,robert.yadav664@example.com,Small Business,Gold,23-07-2023
CUST-04067,Aanya Gupta,aanya.gupta635@example.com,Consumer,Bronze,13-02-2024
CUST-01942,Myra Gupta,myra.gupta231@example.com,Consumer,Bronze,14-01-2023
CUST-01189,Saanvi Reddy,saanvi.reddy386@example.com,Consumer,Bronze,07-11-2024
CUST-02607,William Smith,william.smith@outlook.com,Corporate,Bronze,08-09-2023
CUST-03952,Robert Patel,robert.patel83@example.com,Small Business,Gold,04-11-2023
CUST-03624,Aanya Smith,aanya.smith797@example.com,Corporate,Silver,24-11-2024
CUST-02993,Aditya Taylor,aditya.taylor70@example.com,Corporate,Gold,06-08-2023
CUST-00109,Ayaan Mehta,ayaan.mehta634@example.com,Consumer,Bronze,19-05-2024
CUST-02030,Reyansh Singh,reyansh.singh988@gmail.com,Consumer,Bronze,03-10-2024
CUST-01462,Olivia Anderson,olivia.anderson239@example.com,Small Business,Bronze,17-09-2023
CUST-00059,Ishaan Mehta,ishaan.mehta915@example.com,Corporate,Bronze,23-09-2024
CUST-00077,Anika Patel,anika.patel133@example.com,Corporate,Bronze,24-05-2023
CUST-04012,Krishna Johnson,krishna.johnson719@example.com,Consumer,Bronze,01-01-2023
CUST-00369,William Verma,william.verma107@example.com,Consumer,None,02-10-2024
CUST-02531,Sai Jones,sai.jones752@example.com,Consumer,Gold,30-01-2024
CUST-00786,Isha Gupta,isha.gupta241@example.com,Corporate,Bronze,28-09-2023
CUST-01666,Ishaan Reddy,ishaan.reddy@outlook.com,Consumer,Bronze,02-09-2023
CUST-01537,William Verma,william.verma80@example.com,Consumer,Bronze,06-05-2024
CUST-02851,Olivia Kumar,olivia.kumar662@example.com,Consumer,Gold,12-05-2023
CUST-03004,Aditya Joshi,aditya.joshi884@example.com,Consumer,Bronze,08-09-2023
CUST-03077,Isha Miller,isha.miller840@example.com,Consumer,Silver,30-08-2024
CUST-02589,James Miller,james.miller536@example.com,Consumer,Bronze,05-01-2023
CUST-00122,Vihaan Taylor,unregistered@exmple.com,Consumer,Bronze,20-07-2023
CUST-02944,Myra Anderson,myra.anderson241@example.com,Consumer,Silver,13-02-2024
CUST-02093,Aditya Smith,aditya.smith@outlook.com,Small Business,Bronze,17-05-2024
CUST-03167,Aadhya Davis,aadhya.davis542@example.com,Consumer,Silver,17-12-2023
CUST-00911,John Joshi,john.joshi89@example.com,Small Business,Platinum,29-04-2023
CUST-00125,Ishaan Johnson,ishaan.johnson73@example.com,Consumer,Gold,20-03-2024
CUST-02032,Ishaan Brown,ishaan.brown913@example.com,Consumer,,04-09-2024
CUST-01258,James Mehta,james.mehta155@example.com,Consumer,Bronze,28-09-2024
CUST-04311,Ayaan Wilson,ayaan.wilson732@example.com,Small Business,Platinum,17-03-2023
CUST-04003,Myra Kumar,myra.kumar311@example.com,Consumer,Bronze,21-04-2023
CUST-01179,William Mehta,william.mehta505@example.com,Consumer,Bronze,16-11-2023
CUST-03022,Aanya Johnson,aanya.johnson318@example.com,Consumer,Silver,06-05-2024
CUST-00443,Anika Kumar,anika.kumar544@example.com,Corporate,,04-08-2024
CUST-02945,Olivia Anderson,olivia.anderson591@gmail.com,Consumer,Silver,01-12-2023
CUST-02506,Sai Yadav,sai.yadav300@example.com,Small Business,Silver,23-10-2023
CUST-03019,Olivia Kumar,olivia.kumar421@example.com,Corporate,Silver,26-10-2024
CUST-02628,Vihaan Davis,vihaan.davis270@example.com,Consumer,Bronze,22-09-2023
CUST-01228,Pari Patel,pari.patel985@example.com,Corporate,Bronze,16-12-2023
CUST-03858,Michael Reddy,unregistered@exmple.com,Consumer,Gold,22-04-2023
CUST-00325,Krishna Smith,krishna.smith809@example.com,Consumer,Bronze,14-09-2023
CUST-02687,Diya Sharma,diya.sharma479@example.com,Consumer,None,05-09-2023
CUST-01511,James Anderson,james.anderson806@example.com,Consumer,Bronze,26-05-2024
CUST-02430,Aanya Davis,aanya.davis421@example.com,Consumer,Gold,27-01-2023
CUST-03565,John Yadav,john.yadav631@example.com,Consumer,Gold,18-09-2024
CUST-02649,Diya Patel,diya.patel122@example.com,Consumer,Silver,24-04-2024
CUST-01007,Ishaan Mehta,ishaan.mehta824@example.com,Consumer,Silver,13-05-2023
CUST-03063,James Smith,james.smith455@example.com,Consumer,Bronze,08-01-2023
CUST-01226,Diya Singh,diya.singh396@example.com,Consumer,Gold,10-12-2024
CUST-02576,Vivaan Johnson,vivaan.johnson745@example.com,Consumer,Bronze,06-11-2024
CUST-02930,Ishaan Gupta,ishaan.gupta278@example.com,Consumer,Bronze,04-12-2023
CUST-01217,Ayaan Joshi,ayaan.joshi@outlook.com,Consumer,Bronze,03-09-2024
CUST-03453,Ananya Miller,ananya.miller587@example.com,Corporate,Gold,08-05-2024
CUST-00421,Sai Singh,sai.singh47@example.com,Consumer,Bronze,21-05-2024
CUST-02978,Michael Anderson,michael.anderson598@example.com,Consumer,Silver,12-08-2023
CUST-00007,Vivaan Brown,vivaan.brown164@gmail.com,Consumer,,07-01-2024
CUST-00933,Pari Anderson,pari.anderson384@example.com,Consumer,Bronze,28-11-2024
CUST-00440,Sai Miller,sai.miller639@gmail.com,Consumer,Silver,03-06-2023
CUST-04361,Ishaan Anderson,ishaan.anderson763@example.com,Consumer,Bronze,06-02-2023
CUST-01437,Ayaan Davis,ayaan.davis173@example.com,Corporate,Bronze,01-05-2024
CUST-01967,Arjun Singh,arjun.singh805@example.com,Consumer,Silver,04-11-2023
CUST-04314,Diya Reddy,diya.reddy550@gmail.com,Consumer,Silver,31-08-2024
CUST-02039,Ishaan Mehta,ishaan.mehta866@example.com,Consumer,Gold,05-01-2023
CUST-04174,Ava Johnson,ava.johnson241@example.com,Consumer,Silver,24-10-2024
CUST-02575,Ananya Yadav,ananya.yadav557@example.com,Small Business,Bronze,30-05-2023
CUST-03830,Saanvi Gupta,saanvi.gupta255@example.com,Consumer,Gold,09-08-2024
CUST-04063,Krishna Yadav,krishna.yadav@outlook.com,Consumer,Silver,26-11-2023
CUST-03800,Pari Reddy,pari.reddy725@example.com,Corporate,Platinum,14-12-2024
CUST-02433,Pari Williams,pari.williams307@example.com,Consumer,Bronze,17-06-2024
CUST-03721,Aditya Patel,aditya.patel167@example.com,Consumer,Bronze,09-09-2023
CUST-00195,Emma Smith,unregistered@exmple.com,Consumer,Bronze,16-03-2024
CUST-01739,Vihaan Singh,vihaan.singh502@example.com,Consumer,Bronze,13-07-2024
CUST-01212,John Yadav,john.yadav404@example.com,Consumer,Silver,29-12-2023
CUST-02257,Aadhya Gupta,aadhya.gupta77@example.com,Consumer,Bronze,26-10-2024
CUST-02368,Saanvi Sharma,saanvi.sharma@outlook.com,Consumer,Silver,25-02-2024
CUST-02634,Vihaan Kumar,vihaan.kumar831@example.com,Corporate,Bronze,26-03-2024
CUST-04432,Reyansh Mehta,reyansh.mehta224@example.com,Consumer,Bronze,17-02-2024
CUST-03894,Saanvi Brown,saanvi.brown763@example.com,Small Business,Bronze,28-08-2023
CUST-01131,William Brown,william.brown492@example.com,Consumer,Bronze,03-07-2024
CUST-01875,Vihaan Kumar,vihaan.kumar502@example.com,Consumer,Silver,12-03-2023
CUST-03361,Ananya Williams,ananya.williams@outlook.com,Consumer,Bronze,28-07-2024
CUST-01303,Krishna Singh,krishna.singh939@example.com,Corporate,Bronze,25-08-2023
CUST-02214,Vivaan Smith,vivaan.smith470@example.com,Consumer,Silver,05-05-2024
CUST-00223,Pari Verma,pari.verma72@example.com,Corporate,Bronze,25-08-2023
CUST-01599,Isha Miller,isha.miller232@example.com,Corporate,Gold,28-11-2023
CUST-01513,Emma Reddy,emma.reddy785@example.com,Consumer,Silver,21-03-2023
CUST-00574,Vihaan Williams,vihaan.williams102@example.com,Corporate,Gold,16-06-2023
CUST-01237,Robert Miller,robert.miller358@example.com,Consumer,Bronze,28-07-2023
CUST-04313,Myra Wilson,myra.wilson814@gmail.com,Consumer,Silver,16-05-2024
CUST-01731,Michael Yadav,unregistered@exmple.com,Consumer,Bronze,22-11-2024
CUST-01335,Michael Davis,michael.davis781@example.com,Consumer,None,28-12-2023
CUST-02663,William Taylor,william.taylor28@example.com,Corporate,Bronze,01-11-2024
CUST-00419,Aadhya Patel,aadhya.patel834@example.com,Small Business,Bronze,17-01-2024
CUST-01591,Sai Patel,sai.patel73@example.com,Consumer,Gold,05-03-2024
CUST-01105,Ishaan Reddy,ishaan.reddy407@example.com,Corporate,Gold,11-04-2024
CUST-00258,Ishaan Sharma,ishaan.sharma194@example.com,Consumer,Silver,05-07-2024
CUST-00296,Aditya Sharma,aditya.sharma365@example.com,Consumer,Bronze,15-02-2023
CUST-02981,John Patel,john.patel526@example.com,Consumer,Bronze,14-12-2023
CUST-02500,Aadhya Yadav,aadhya.yadav612@gmail.com,Consumer,Bronze,09-07-2023
CUST-04482,Sophia Mehta,sophia.mehta466@example.com,Small Business,Silver,29-08-2023
CUST-03973,Arjun Reddy,arjun.reddy918@example.com,Consumer,Bronze,02-10-2024
CUST-02371,Saanvi Kumar,saanvi.kumar594@example.com,Consumer,Bronze,23-03-2023
CUST-01836,Anika Singh,anika.singh914@example.com,Consumer,Silver,12-11-2024
CUST-04064,Isabella Williams,isabella.williams139@example.com,Consumer,Silver,18-07-2024
CUST-03627,Emma Brown,emma.brown173@example.com,Consumer,Silver,03-05-2024
CUST-00713,William Verma,unregistered@exmple.com,Consumer,Silver,27-05-2024
CUST-02074,Ayaan Miller,ayaan.miller362@example.com,Corporate,Bronze,21-10-2023
CUST-02224,Sophia Davis,sophia.davis629@gmail.com,Consumer,Bronze,29-09-2024
CUST-03820,Ananya Mehta,ananya.mehta@outlook.com,Consumer,Bronze,22-07-2023
CUST-03424,Isabella Yadav,isabella.yadav38@example.com,Consumer,Bronze,07-12-2024
CUST-01290,Sai Mehta,sai.mehta362@example.com,Consumer,Gold,21-08-2023
CUST-00450,Robert Verma,robert.verma305@example.com,Corporate,Bronze,29-05-2024
CUST-04022,Aarav Miller,aarav.miller414@example.com,Consumer,Silver,26-06-2023
CUST-02963,Vihaan Anderson,vihaan.anderson673@example.com,Consumer,Bronze,03-08-2023
CUST-00959,Aditya Gupta,aditya.gupta762@example.com,Consumer,Silver,05-12-2023
CUST-00655,Saanvi Wilson,saanvi.wilson68@example.com,Consumer,Gold,14-05-2023
CUST-03341,Reyansh Reddy,reyansh.reddy120@example.com,Consumer,Silver,07-08-2023
CUST-04459,Aditya Taylor,aditya.taylor235@example.com,Corporate,Platinum,22-01-2023
CUST-02079,Ishaan Miller,ishaan.miller951@example.com,Consumer,Platinum,14-08-2023
CUST-03012,Anika Yadav,anika.yadav994@example.com,Consumer,Bronze,25-02-2024
CUST-01617,Reyansh Brown,reyansh.brown796@example.com,Consumer,Silver,30-11-2023
CUST-00412,Reyansh Joshi,reyansh.joshi336@example.com,Consumer,Platinum,11-11-2023
CUST-02933,Vihaan Verma,vihaan.verma647@example.com,Consumer,Bronze,05-07-2023
CUST-03999,Aadhya Patel,unregistered@exmple.com,Consumer,Silver,27-12-2023
CUST-02304,Saanvi Jones,saanvi.jones410@example.com,Consumer,Silver,22-09-2023
CUST-03949,Olivia Reddy,olivia.reddy963@example.com,Small Business,Silver,15-01-2023
CUST-01788,Aditya Gupta,aditya.gupta883@example.com,Small Business,Silver,14-03-2023
CUST-02510,Aarav Singh,aarav.singh942@example.com,Consumer,Bronze,02-01-2024
CUST-03797,Vihaan Mehta,vihaan.mehta47@example.com,Consumer,Bronze,10-11-2023
CUST-03108,Aditya Davis,aditya.davis847@example.com,Consumer,Bronze,31-03-2023
CUST-00431,Ananya Singh,ananya.singh106@example.com,Consumer,Bronze,25-10-2024
CUST-04055,William Johnson,william.johnson568@example.com,Small Business,Silver,25-01-2024
CUST-01367,Ananya Yadav,ananya.yadav172@example.com,Corporate,Gold,21-03-2024
CUST-01564,Aarav Patel,aarav.patel727@example.com,Consumer,Bronze,05-08-2024
CUST-04416,Sai Verma,sai.verma741@example.com,Corporate,Bronze,08-05-2023
CUST-01177,Sophia Smith,sophia.smith191@example.com,Corporate,Bronze,22-04-2023
CUST-02903,Aadhya Wilson,aadhya.wilson978@example.com,Corporate,Gold,20-02-2023
CUST-03410,Vivaan Wilson,unregistered@exmple.com,Corporate,Silver,12-07-2024
CUST-01904,Robert Kumar,robert.kumar307@example.com,Small Business,Gold,15-03-2023
CUST-00103,Michael Singh,michael.singh221@gmail.com,Consumer,Bronze,20-12-2024
CUST-01504,Reyansh Miller,reyansh.miller289@example.com,Consumer,Bronze,03-10-2024
CUST-01570,John Taylor,john.taylor431@example.com,Consumer,Silver,10-03-2023
CUST-01264,Ava Jones,ava.jones@outlook.com,Consumer,Bronze,25-07-2024
CUST-03559,Arjun Jones,arjun.jones226@example.com,Consumer,Silver,10-12-2024
CUST-03788,Reyansh Sharma,unregistered@exmple.com,Corporate,Bronze,10-10-2023
CUST-03103,Olivia Taylor,olivia.taylor926@example.com,Small Business,Bronze,15-09-2023
CUST-03299,Riya Taylor,riya.taylor790@example.com,Consumer,Platinum,15-01-2023
CUST-02403,Myra Reddy,myra.reddy40@gmail.com,Consumer,Bronze,09-01-2024
CUST-02874,Vihaan Joshi,vihaan.joshi@outlook.com,Consumer,Silver,30-06-2024
CUST-03950,Ayaan Gupta,ayaan.gupta94@gmail.com,Consumer,Bronze,16-08-2024
CUST-03758,Sophia Kumar,sophia.kumar779@example.com,Consumer,Silver,23-04-2023
CUST-03391,Ananya Miller,ananya.miller989@example.com,Consumer,Silver,21-06-2023
CUST-03588,Isha Taylor,isha.taylor969@example.com,Consumer,Bronze,16-10-2023
CUST-01357,James Brown,james.brown907@example.com,Consumer,Gold,15-03-2024
CUST-02950,Vivaan Taylor,vivaan.taylor360@example.com,Consumer,None,01-10-2024
CUST-01589,John Miller,john.miller@outlook.com,Corporate,Gold,06-04-2023
CUST-00397,Olivia Joshi,olivia.joshi329@example.com,Consumer,Gold,11-08-2023
CUST-01065,Pari Joshi,pari.joshi655@example.com,Consumer,Bronze,28-03-2024
CUST-02084,Aarav Williams,unregistered@exmple.com,Consumer,Bronze,18-09-2024
CUST-00819,Olivia Wilson,olivia.wilson804@example.com,Corporate,Bronze,28-11-2024
CUST-01645,Myra Johnson,myra.johnson299@example.com,Corporate,Bronze,17-09-2024
CUST-02723,Vivaan Williams,vivaan.williams920@example.com,Consumer,Gold,14-10-2023
CUST-00817,Ananya Williams,ananya.williams214@example.com,Consumer,Gold,22-05-2024
CUST-02588,Aadhya Davis,aadhya.davis873@example.com,Consumer,Silver,17-11-2023
CUST-03871,Arjun Brown,arjun.brown920@example.com,Consumer,Bronze,22-11-2023
CUST-00382,James Anderson,james.anderson944@example.com,Small Business,Bronze,10-06-2023
CUST-03317,Sai Smith,sai.smith740@example.com,Consumer,Bronze,31-05-2023
CUST-03766,Krishna Mehta,krishna.mehta303@example.com,Consumer,Platinum,09-11-2024
CUST-03595,Aarav Brown,aarav.brown563@example.com,Consumer,Bronze,27-03-2023
CUST-03757,William Anderson,william.anderson525@example.com,Consumer,None,23-10-2023
CUST-02393,Emma Patel,unregistered@exmple.com,Corporate,Bronze,02-03-2023
CUST-03759,Isabella Davis,isabella.davis144@example.com,Consumer,Bronze,10-04-2023
CUST-00865,Olivia Mehta,olivia.mehta450@example.com,Small Business,Platinum,23-03-2024
CUST-02635,Aditya Gupta,aditya.gupta881@example.com,Corporate,Bronze,21-05-2023
CUST-03405,John Sharma,john.sharma137@example.com,Corporate,Bronze,24-12-2023
CUST-00555,Aanya Brown,aanya.brown60@example.com,Consumer,Bronze,20-05-2024
CUST-01160,Aarav Jones,aarav.jones676@example.com,Consumer,Gold,02-06-2023
CUST-01214,Pari Verma,pari.verma15@example.com,Consumer,Bronze,09-05-2024
CUST-02868,Vivaan Jones,unregistered@exmple.com,Small Business,Gold,26-03-2023
CUST-02690,Michael Joshi,michael.joshi275@example.com,Consumer,Silver,18-02-2024
CUST-03769,Aditya Kumar,aditya.kumar91@example.com,Consumer,Bronze,20-07-2023
CUST-03591,Diya Williams,diya.williams711@example.com,Consumer,Bronze,27-08-2024
CUST-01989,Pari Miller,pari.miller226@example.com,Small Business,Silver,03-03-2024
CUST-00653,Ananya Anderson,ananya.anderson122@example.com,Corporate,Silver,09-01-2023
CUST-00749,Robert Brown,robert.brown126@example.com,Consumer,Bronze,25-09-2024
CUST-01456,Ishaan Reddy,ishaan.reddy118@example.com,Corporate,Platinum,16-10-2024
CUST-03718,Sophia Yadav,sophia.yadav350@example.com,Consumer,Silver,22-12-2023
CUST-04458,Pari Anderson,pari.anderson680@example.com,Consumer,Silver,15-11-2024
CUST-04371,James Miller,james.miller326@example.com,Consumer,Bronze,01-01-2023
CUST-00867,Vivaan Mehta,vivaan.mehta412@example.com,Corporate,Bronze,02-03-2024
CUST-00753,Aadhya Sharma,aadhya.sharma543@example.com,Consumer,Gold,10-03-2024
CUST-03972,Myra Reddy,myra.reddy996@example.com,Corporate,Silver,14-02-2024
CUST-03026,Riya Miller,riya.miller37@gmail.com,Corporate,Silver,02-01-2023
CUST-02705,Krishna Reddy,krishna.reddy59@example.com,Corporate,Silver,30-09-2024
CUST-02145,Saanvi Brown,saanvi.brown277@example.com,Corporate,Bronze,21-05-2023
CUST-03112,Ayaan Brown,unregistered@exmple.com,Small Business,Silver,11-11-2024
CUST-01491,Sai Wilson,sai.wilson558@example.com,Consumer,Bronze,20-07-2024
CUST-01804,Vivaan Johnson,vivaan.johnson640@example.com,Consumer,Silver,17-04-2023
CUST-00730,Aanya Taylor,aanya.taylor574@example.com,Consumer,Bronze,28-08-2023
CUST-02385,Ayaan Kumar,ayaan.kumar545@example.com,Corporate,Bronze,12-07-2024
CUST-02253,John Miller,john.miller483@gmail.com,Consumer,Bronze,04-05-2024
CUST-01919,Robert Brown,robert.brown@outlook.com,Small Business,Bronze,16-06-2024
CUST-03161,Myra Davis,myra.davis91@example.com,Consumer,Bronze,29-07-2023
CUST-03600,Aadhya Verma,aadhya.verma753@example.com,Corporate,Silver,11-12-2023
CUST-01111,Vihaan Wilson,vihaan.wilson632@example.com,Corporate,Bronze,20-06-2023
CUST-04164,Diya Joshi,diya.joshi861@example.com,Consumer,Bronze,11-11-2023
CUST-03657,Aadhya Wilson,aadhya.wilson272@example.com,Consumer,Silver,09-05-2024
CUST-00347,Aarav Mehta,aarav.mehta186@example.com,Consumer,Gold,31-03-2024
CUST-03163,Saanvi Gupta,saanvi.gupta272@example.com,Consumer,Platinum,28-11-2023
CUST-03478,Sophia Reddy,sophia.reddy511@example.com,Consumer,Bronze,08-12-2024
CUST-01516,James Gupta,james.gupta40@example.com,Consumer,Bronze,01-07-2024
CUST-04348,Krishna Williams,krishna.williams696@example.com,Small Business,Platinum,16-01-2023
CUST-00579,Myra Taylor,unregistered@exmple.com,Corporate,Bronze,07-08-2024
CUST-00076,James Patel,james.patel62@example.com,Corporate,Bronze,04-07-2023
CUST-01430,Aarav Gupta,aarav.gupta746@example.com,Corporate,Bronze,07-10-2024
CUST-03124,William Reddy,william.reddy910@example.com,Consumer,Bronze,01-06-2023
CUST-04127,Sai Davis,sai.davis636@example.com,Consumer,Silver,11-12-2024
CUST-02995,Aadhya Miller,aadhya.miller474@example.com,Consumer,Bronze,21-09-2024
CUST-04220,Emma Taylor,emma.taylor70@example.com,Corporate,Silver,16-01-2023
CUST-03709,Myra Johnson,myra.johnson267@example.com,Corporate,Silver,17-05-2023
CUST-00179,Myra Miller,myra.miller252@example.com,Corporate,Silver,06-02-2023
CUST-04160,Emma Kumar,emma.kumar261@example.com,Consumer,Silver,18-08-2024
CUST-02415,Ava Patel,ava.patel38@example.com,Consumer,Silver,26-08-2023
CUST-04009,Vihaan Patel,vihaan.patel395@gmail.com,Corporate,Bronze,23-02-2024
CUST-02097,Sophia Williams,sophia.williams778@gmail.com,Consumer,Silver,02-06-2024
CUST-00605,Diya Williams,diya.williams788@example.com,Corporate,Bronze,27-11-2024
CUST-01830,Ishaan Anderson,ishaan.anderson370@example.com,Consumer,Silver,15-06-2023
CUST-00026,Ayaan Yadav,ayaan.yadav350@example.com,Corporate,Silver,05-12-2023
CUST-00659,Pari Mehta,pari.mehta560@example.com,Small Business,Bronze,11-11-2024
CUST-02890,Anika Joshi,anika.joshi602@example.com,Small Business,Bronze,28-04-2024
CUST-01819,Emma Wilson,emma.wilson464@example.com,Corporate,Bronze,20-12-2023
CUST-00174,Ananya Jones,ananya.jones268@example.com,Consumer,Gold,16-03-2024
CUST-04066,Aanya Wilson,unregistered@exmple.com,Corporate,Bronze,22-07-2024
CUST-00332,Aarav Taylor,aarav.taylor843@example.com,Small Business,Bronze,05-08-2024
CUST-04138,Ananya Davis,ananya.davis701@example.com,Consumer,Bronze,24-01-2024
CUST-01455,Saanvi Verma,saanvi.verma235@example.com,Consumer,Bronze,01-12-2024
CUST-00343,Robert Brown,robert.brown@outlook.com,Corporate,Silver,09-12-2024
CUST-03895,Diya Jones,diya.jones828@example.com,Consumer,Bronze,03-06-2024
CUST-02239,Sophia Gupta,sophia.gupta837@example.com,Small Business,Bronze,07-04-2023
CUST-01089,Olivia Sharma,olivia.sharma724@example.com,Consumer,Bronze,31-12-2023
CUST-00480,Riya Jones,riya.jones457@example.com,Consumer,Bronze,09-12-2023
CUST-00728,Vihaan Yadav,vihaan.yadav@outlook.com,Consumer,Silver,09-06-2023
CUST-03286,Riya Kumar,riya.kumar639@example.com,Corporate,Gold,22-11-2024
CUST-00977,Ananya Wilson,unregistered@exmple.com,Consumer,Gold,19-06-2023
CUST-01590,William Sharma,william.sharma690@example.com,Consumer,Bronze,18-10-2024
CUST-03614,Aanya Sharma,aanya.sharma256@example.com,Consumer,Bronze,22-06-2023
CUST-01469,Sai Yadav,sai.yadav807@example.com,Consumer,Gold,27-03-2023
CUST-01225,Olivia Mehta,olivia.mehta496@gmail.com,Consumer,Silver,18-06-2023
CUST-02068,Riya Jones,riya.jones221@example.com,Corporate,Silver,18-01-2024
CUST-01300,Vivaan Gupta,vivaan.gupta719@example.com,Consumer,Bronze,11-01-2023
CUST-02608,Sophia Taylor,sophia.taylor252@example.com,Consumer,Silver,15-12-2023
CUST-04477,Aadhya Miller,aadhya.miller878@example.com,Corporate,Silver,10-08-2023
CUST-00661,Ava Smith,ava.smith917@example.com,Consumer,Bronze,23-09-2024
CUST-03249,Aanya Yadav,aanya.yadav379@example.com,Corporate,Bronze,16-05-2024
CUST-03743,Riya Smith,riya.smith266@example.com,Consumer,Bronze,17-01-2023
CUST-02597,John Singh,john.singh883@example.com,Consumer,Gold,03-04-2024
CUST-01833,Vivaan Jones,vivaan.jones960@example.com,Consumer,Bronze,03-05-2023
CUST-02662,Anika Singh,anika.singh750@example.com,Corporate,Bronze,05-04-2023
CUST-03185,Myra Kumar,myra.kumar99@example.com,Small Business,Bronze,05-06-2024
CUST-02087,Reyansh Williams,reyansh.williams543@example.com,Consumer,Bronze,08-05-2024
CUST-04151,Krishna Wilson,krishna.wilson132@example.com,Consumer,Bronze,10-03-2023
CUST-03128,Myra Miller,myra.miller657@example.com,Consumer,Platinum,31-08-2023
CUST-03169,Aditya Gupta,aditya.gupta861@example.com,Small Business,Bronze,20-06-2023
CUST-01780,Aanya Smith,unregistered@exmple.com,Small Business,Silver,14-10-2023
CUST-04123,Aadhya Brown,aadhya.brown185@gmail.com,Consumer,Silver,10-03-2023
CUST-01279,Ishaan Taylor,ishaan.taylor333@example.com,Consumer,Silver,19-02-2023
CUST-04321,Isabella Johnson,isabella.johnson264@example.com,Consumer,Silver,22-07-2023
CUST-03408,John Kumar,john.kumar@outlook.com,Consumer,Bronze,25-04-2024
CUST-00068,Reyansh Taylor,reyansh.taylor51@example.com,Small Business,Silver,07-07-2023
CUST-01721,Myra Johnson,myra.johnson640@example.com,Consumer,Bronze,09-03-2024
CUST-00222,Isha Joshi,isha.joshi76@example.com,Consumer,Gold,28-08-2023
CUST-04346,Riya Gupta,riya.gupta908@example.com,Consumer,Silver,12-12-2023
CUST-03652,Robert Davis,robert.davis275@example.com,Consumer,Bronze,22-11-2023
CUST-03685,Ava Patel,ava.patel393@gmail.com,Corporate,Bronze,14-02-2024
CUST-01965,Pari Wilson,pari.wilson758@example.com,Consumer,Bronze,13-10-2024
CUST-00089,Saanvi Mehta,saanvi.mehta514@example.com,Consumer,Silver,20-04-2024
CUST-02305,James Verma,james.verma66@example.com,Consumer,Silver,12-06-2023
CUST-03825,William Sharma,william.sharma698@example.com,Consumer,Bronze,06-07-2024
CUST-02479,Ava Reddy,ava.reddy835@example.com,Consumer,Silver,12-04-2024
CUST-04430,Vihaan Smith,vihaan.smith252@gmail.com,Consumer,Silver,18-08-2023
CUST-01863,Ayaan Sharma,ayaan.sharma17@example.com,Corporate,Bronze,13-12-2023
CUST-02406,John Sharma,john.sharma514@example.com,Consumer,Silver,20-10-2023
CUST-03641,Pari Brown,pari.brown180@example.com,Consumer,Silver,26-02-2024
CUST-01698,Vihaan Reddy,vihaan.reddy751@example.com,Consumer,Bronze,01-07-2024
CUST-04241,Krishna Williams,krishna.williams808@example.com,Small Business,Bronze,02-12-2023
CUST-03842,Sai Kumar,sai.kumar674@example.com,Consumer,Bronze,11-01-2023
CUST-02917,Ayaan Joshi,ayaan.joshi376@example.com,Consumer,Bronze,26-05-2023
CUST-01144,Saanvi Reddy,saanvi.reddy229@example.com,Consumer,Bronze,20-08-2023
CUST-00398,Krishna Patel,krishna.patel20@example.com,Corporate,Bronze,06-12-2024
CUST-01845,Isabella Joshi,isabella.joshi541@gmail.com,Consumer,Bronze,22-09-2024
CUST-01719,Olivia Kumar,olivia.kumar497@example.com,Corporate,Gold,25-01-2023
CUST-02537,Ayaan Yadav,ayaan.yadav342@example.com,Consumer,Silver,06-02-2024
CUST-03899,Isabella Singh,isabella.singh267@example.com,Consumer,Bronze,16-12-2024
CUST-03215,Ishaan Brown,ishaan.brown483@example.com,Corporate,Silver,20-07-2023
CUST-01399,William Patel,william.patel947@example.com,Consumer,Gold,22-04-2023
CUST-04121,Emma Miller,emma.miller283@example.com,Consumer,Bronze,21-11-2023
CUST-01097,Ava Patel,ava.patel@outlook.com,Consumer,Bronze,14-06-2024
CUST-04304,Michael Joshi,michael.joshi368@example.com,Consumer,Silver,19-03-2024
CUST-01351,Myra Verma,myra.verma683@example.com,Consumer,Silver,11-02-2024
CUST-02715,Reyansh Wilson,reyansh.wilson979@example.com,Consumer,Silver,24-10-2023
CUST-00980,Aadhya Kumar,aadhya.kumar988@example.com,Consumer,Gold,21-01-2023
CUST-00284,Sai Joshi,sai.joshi756@example.com,Consumer,Bronze,03-09-2023
CUST-01299,Aanya Davis,aanya.davis682@example.com,Consumer,Silver,11-10-2024
CUST-01958,Diya Anderson,diya.anderson896@example.com,Consumer,Bronze,11-06-2023
CUST-00899,Anika Williams,anika.williams519@example.com,Consumer,Bronze,29-03-2023
CUST-03471,Ishaan Brown,ishaan.brown@outlook.com,Small Business,Platinum,28-09-2024
CUST-04090,Vivaan Kumar,vivaan.kumar298@example.com,Consumer,Bronze,01-07-2024
CUST-02168,Sai Williams,sai.williams376@example.com,Corporate,Silver,27-07-2023
CUST-00614,Myra Davis,myra.davis20@example.com,Consumer,Gold,20-01-2024
CUST-03876,Saanvi Wilson,saanvi.wilson519@example.com,Consumer,Bronze,09-10-2023
CUST-01996,Isha Kumar,isha.kumar292@example.com,Consumer,Bronze,05-12-2024
CUST-02243,Sai Davis,sai.davis787@example.com,Corporate,Silver,09-12-2024
CUST-00424,Emma Sharma,emma.sharma126@example.com,Consumer,Bronze,01-10-2024
CUST-03977,Myra Davis,myra.davis@outlook.com,Consumer,Bronze,13-06-2024
CUST-03280,Robert Kumar,robert.kumar566@example.com,Consumer,Bronze,03-10-2024
CUST-02919,Aanya Yadav,aanya.yadav533@example.com,Consumer,Bronze,08-11-2024
CUST-01566,Reyansh Taylor,reyansh.taylor560@example.com,Corporate,Silver,04-03-2024
CUST-04288,Anika Mehta,anika.mehta386@example.com,Consumer,Silver,21-02-2023
CUST-03323,Ayaan Smith,ayaan.smith920@example.com,Small Business,Bronze,21-11-2023
CUST-00840,Aanya Sharma,aanya.sharma894@example.com,Consumer,Bronze,23-05-2023
CUST-00501,Aadhya Reddy,unregistered@exmple.com,Consumer,Bronze,08-08-2024
CUST-03805,Myra Taylor,myra.taylor556@example.com,Corporate,Gold,08-10-2023
CUST-01972,Aanya Smith,unregistered@exmple.com,Corporate,Silver,27-11-2023
CUST-00550,Robert Jones,robert.jones26@example.com,Consumer,Gold,24-04-2024
CUST-00558,Ayaan Singh,ayaan.singh225@example.com,Consumer,Silver,04-09-2024
CUST-00888,Myra Davis,myra.davis213@example.com,Consumer,None,28-04-2024
CUST-03775,Krishna Gupta,krishna.gupta10@example.com,Consumer,Silver,14-11-2023
CUST-01627,Aditya Davis,aditya.davis608@example.com,Consumer,Bronze,27-07-2023
CUST-03211,Robert Smith,robert.smith272@example.com,Consumer,Bronze,04-08-2023
CUST-03571,Saanvi Sharma,saanvi.sharma976@example.com,Consumer,Gold,25-09-2024
CUST-00219,Diya Reddy,diya.reddy566@example.com,Consumer,Silver,28-07-2024
CUST-02650,Olivia Anderson,olivia.anderson213@example.com,Corporate,Silver,11-02-2023
CUST-01746,Arjun Miller,arjun.miller131@example.com,Consumer,Bronze,15-03-2024
CUST-01139,Aanya Singh,aanya.singh899@example.com,Consumer,Platinum,18-10-2024
CUST-00210,Vivaan Anderson,vivaan.anderson660@gmail.com,Consumer,Bronze,20-10-2024
CUST-02766,Aadhya Miller,aadhya.miller@outlook.com,Consumer,Gold,01-06-2023
CUST-03750,Robert Sharma,robert.sharma207@example.com,Consumer,Gold,19-01-2024
CUST-02255,Reyansh Mehta,reyansh.mehta466@example.com,Consumer,Silver,16-04-2023
CUST-00551,Diya Brown,diya.brown500@example.com,Consumer,None,10-06-2023
CUST-01425,Myra Gupta,myra.gupta964@example.com,Corporate,Gold,18-11-2024
CUST-02703,James Yadav,james.yadav871@example.com,Small Business,Bronze,15-11-2024
CUST-02706,Riya Kumar,riya.kumar717@example.com,Corporate,Bronze,31-01-2023
CUST-00949,Aanya Kumar,aanya.kumar457@example.com,Consumer,None,13-08-2023
CUST-01653,Diya Johnson,diya.johnson382@example.com,Consumer,Gold,04-12-2023
CUST-04281,James Anderson,james.anderson694@example.com,Small Business,Bronze,12-09-2024
CUST-04274,Ava Brown,ava.brown820@example.com,Small Business,Silver,23-02-2023
CUST-00533,Sophia Yadav,sophia.yadav540@example.com,Consumer,Silver,07-11-2024
CUST-04159,Sai Gupta,sai.gupta248@example.com,Consumer,Bronze,29-09-2024
CUST-02826,Vivaan Brown,vivaan.brown@outlook.com,Consumer,Bronze,16-09-2024
CUST-03359,Robert Brown,robert.brown@outlook.com,Consumer,Silver,28-08-2023
CUST-02756,Emma Johnson,emma.johnson930@example.com,Consumer,Platinum,10-08-2024
CUST-01603,Aarav Williams,aarav.williams934@example.com,Small Business,Silver,01-07-2024
CUST-03027,Aanya Mehta,aanya.mehta988@example.com,Consumer,Silver,07-08-2023
CUST-00640,Michael Taylor,michael.taylor695@example.com,Consumer,Bronze,04-08-2023
CUST-04496,Aanya Jones,aanya.jones555@example.com,Consumer,Bronze,01-01-2023
CUST-00968,Anika Williams,anika.williams305@example.com,Consumer,Gold,07-03-2023
CUST-00001,Riya Gupta,riya.gupta377@example.com,Consumer,Silver,08-08-2023
CUST-02303,Sophia Sharma,sophia.sharma63@example.com,Consumer,Gold,06-11-2024
CUST-03619,Vivaan Williams,vivaan.williams649@example.com,Consumer,Gold,20-06-2024
CUST-04046,Saanvi Singh,saanvi.singh607@gmail.com,Consumer,Bronze,06-08-2023
CUST-03062,Anika Wilson,unregistered@exmple.com,Consumer,Bronze,07-12-2024
CUST-03659,Olivia Johnson,olivia.johnson541@example.com,Consumer,Bronze,03-03-2023
CUST-01729,William Joshi,william.joshi708@example.com,Small Business,Silver,14-09-2023
CUST-00248,Ayaan Davis,ayaan.davis26@example.com,Consumer,Silver,26-01-2024
CUST-02669,Olivia Joshi,olivia.joshi321@example.com,Consumer,Silver,27-10-2023
CUST-02481,Isabella Mehta,isabella.mehta494@example.com,Consumer,Silver,03-04-2024
CUST-03164,Ayaan Davis,ayaan.davis565@example.com,Consumer,Silver,10-09-2024
CUST-03092,Sophia Gupta,sophia.gupta484@example.com,Consumer,Silver,30-01-2023
CUST-03787,Vivaan Reddy,vivaan.reddy243@example.com,Consumer,Bronze,02-10-2024
CUST-03704,Sai Singh,sai.singh418@example.com,Small Business,Silver,08-03-2023
CUST-02026,Vivaan Brown,vivaan.brown930@gmail.com,Consumer,Bronze,11-09-2023
CUST-01284,Ava Williams,ava.williams929@example.com,Consumer,Bronze,23-05-2024
CUST-02229,Krishna Singh,krishna.singh553@example.com,Corporate,Silver,25-04-2023
CUST-02673,Ananya Reddy,ananya.reddy387@example.com,Consumer,Silver,08-05-2023
CUST-02060,Pari Wilson,pari.wilson406@example.com,Small Business,Bronze,23-06-2023
CUST-00273,Vivaan Williams,vivaan.williams12@example.com,Consumer,Bronze,23-09-2024
CUST-02340,James Miller,james.miller27@example.com,Corporate,Bronze,12-11-2023
CUST-02331,Myra Davis,myra.davis626@example.com,Consumer,Bronze,26-09-2023
CUST-03065,Aanya Sharma,aanya.sharma49@example.com,Consumer,Gold,13-05-2023
CUST-00279,Arjun Taylor,arjun.taylor830@example.com,Consumer,Bronze,05-05-2023
CUST-00953,Diya Johnson,diya.johnson666@example.com,Corporate,Bronze,02-04-2024
CUST-02935,Isha Taylor,isha.taylor677@example.com,Consumer,Bronze,02-08-2023
CUST-02092,Ava Sharma,ava.sharma361@example.com,Consumer,Gold,01-10-2024
CUST-02866,Isha Verma,isha.verma441@example.com,Consumer,Bronze,02-12-2024
CUST-01740,Riya Gupta,riya.gupta191@example.com,Consumer,Platinum,19-04-2024
CUST-01834,Arjun Johnson,arjun.johnson555@example.com,Small Business,Silver,21-02-2023
CUST-03348,Ava Miller,ava.miller646@example.com,Consumer,Silver,24-03-2024
CUST-02267,Vihaan Mehta,vihaan.mehta@outlook.com,Consumer,Silver,02-04-2024
CUST-04437,Olivia Joshi,olivia.joshi144@example.com,Small Business,Silver,04-08-2024
CUST-01699,Sophia Singh,sophia.singh893@example.com,Consumer,Bronze,19-11-2023
CUST-04386,Diya Anderson,diya.anderson636@example.com,Corporate,Bronze,23-11-2024
CUST-02754,Anika Kumar,anika.kumar916@example.com,Consumer,Silver,07-07-2024
CUST-04402,Isabella Joshi,isabella.joshi75@example.com,Corporate,Silver,30-08-2023
CUST-02459,William Taylor,william.taylor596@example.com,Consumer,Bronze,18-05-2023
CUST-00156,Aanya Mehta,aanya.mehta882@example.com,Small Business,Bronze,11-08-2023
CUST-02887,Aditya Singh,aditya.singh361@example.com,Consumer,Bronze,23-09-2024
CUST-00986,Robert Sharma,robert.sharma367@example.com,Consumer,Bronze,21-09-2024
CUST-03434,Vivaan Smith,unregistered@exmple.com,Corporate,Bronze,13-09-2024
CUST-04385,Aarav Verma,aarav.verma869@example.com,Consumer,Platinum,28-03-2024
CUST-01946,Isabella Gupta,isabella.gupta756@example.com,Consumer,Bronze,09-08-2024
CUST-00982,Ishaan Anderson,ishaan.anderson171@example.com,Consumer,Bronze,03-12-2024
CUST-02195,Isha Miller,isha.miller@outlook.com,Consumer,Bronze,01-03-2023
CUST-04235,Aditya Yadav,aditya.yadav340@example.com,Consumer,Silver,15-10-2024
CUST-02324,Emma Joshi,emma.joshi99@example.com,Consumer,Bronze,04-06-2024
CUST-02016,John Verma,john.verma942@example.com,Consumer,,02-05-2024
CUST-00943,Ava Reddy,ava.reddy972@example.com,Consumer,Bronze,22-01-2024
CUST-03953,Sophia Davis,sophia.davis120@example.com,Consumer,Silver,10-02-2023
CUST-03072,William Wilson,william.wilson301@gmail.com,Consumer,Bronze,14-06-2023
CUST-01401,Myra Anderson,myra.anderson744@example.com,Consumer,Silver,06-06-2023
CUST-01596,Ananya Verma,ananya.verma617@example.com,Consumer,Bronze,22-07-2024
CUST-00211,Vivaan Sharma,vivaan.sharma54@example.com,Consumer,Bronze,08-12-2023
CUST-03468,Saanvi Wilson,saanvi.wilson165@example.com,Consumer,Silver,09-06-2023
CUST-01458,Aarav Singh,aarav.singh694@example.com,Consumer,Gold,19-04-2024
CUST-01510,Isabella Singh,isabella.singh795@example.com,Corporate,Bronze,04-03-2024
CUST-01396,John Taylor,john.taylor730@example.com,Consumer,Bronze,11-11-2024
CUST-00265,Vihaan Singh,vihaan.singh298@example.com,Consumer,Bronze,31-05-2023
CUST-03352,Ayaan Johnson,ayaan.johnson88@example.com,Corporate,Silver,19-08-2023
CUST-01500,Emma Anderson,emma.anderson@outlook.com,Consumer,Bronze,16-07-2023
CUST-00701,Sophia Miller,sophia.miller441@example.com,Consumer,Platinum,29-06-2023
CUST-04465,John Smith,john.smith931@example.com,Consumer,Bronze,22-11-2023
CUST-00645,Aanya Davis,aanya.davis12@example.com,Consumer,Gold,19-11-2024
CUST-01406,Arjun Gupta,arjun.gupta816@example.com,Consumer,Silver,10-03-2024
CUST-02711,Riya Davis,riya.davis864@example.com,Small Business,Bronze,19-09-2024
CUST-00930,Aadhya Singh,aadhya.singh561@example.com,Small Business,Silver,17-02-2023
CUST-01974,James Smith,james.smith537@example.com,Small Business,None,09-01-2023
CUST-02451,Aadhya Wilson,aadhya.wilson115@example.com,Consumer,Silver,03-03-2024
CUST-03538,Isha Verma,isha.verma@outlook.com,Corporate,Gold,19-10-2024
CUST-01674,Ishaan Anderson,ishaan.anderson60@example.com,Consumer,Bronze,08-11-2023
CUST-00247,Sophia Patel,sophia.patel901@example.com,Corporate,Silver,13-10-2023
CUST-03439,Olivia Jones,olivia.jones598@example.com,Consumer,Bronze,09-06-2023
CUST-01759,Anika Anderson,anika.anderson153@example.com,Corporate,Silver,21-11-2024
CUST-00520,Ayaan Davis,ayaan.davis41@example.com,Consumer,Silver,18-10-2023
CUST-02458,Sophia Davis,sophia.davis541@example.com,Small Business,Bronze,23-10-2024
CUST-00924,Anika Singh,anika.singh@outlook.com,Consumer,Platinum,07-08-2024
CUST-03485,Myra Mehta,myra.mehta@outlook.com,Small Business,Bronze,08-11-2024
CUST-01186,Isha Gupta,isha.gupta244@example.com,Consumer,Bronze,04-03-2023
CUST-00269,Reyansh Davis,reyansh.davis@outlook.com,Corporate,Silver,13-08-2024
CUST-00670,Sai Brown,sai.brown93@example.com,Small Business,Bronze,16-11-2024
CUST-04014,Aanya Jones,aanya.jones544@example.com,Small Business,Silver,29-12-2023
CUST-02399,Aanya Patel,aanya.patel162@example.com,Consumer,Bronze,22-07-2024
CUST-03633,Olivia Verma,olivia.verma69@example.com,Consumer,Silver,18-03-2024
CUST-02603,Ananya Patel,ananya.patel819@gmail.com,Consumer,Platinum,30-11-2023
CUST-02743,Vihaan Davis,vihaan.davis486@example.com,Corporate,Bronze,28-10-2024
CUST-03234,Aanya Miller,aanya.miller443@gmail.com,Consumer,Bronze,01-02-2023
CUST-03009,Isha Davis,isha.davis387@example.com,Consumer,Silver,20-12-2024
CUST-00649,Aadhya Wilson,aadhya.wilson@outlook.com,Consumer,Silver,22-03-2023
CUST-00544,Sai Verma,sai.verma155@example.com,Consumer,Silver,17-05-2023
CUST-03365,Krishna Wilson,krishna.wilson361@example.com,Corporate,Bronze,19-03-2023
CUST-02230,Krishna Kumar,krishna.kumar420@example.com,Consumer,Bronze,26-05-2024
CUST-01908,Isha Joshi,isha.joshi@outlook.com,Small Business,Gold,22-05-2024
CUST-03486,Diya Smith,diya.smith582@example.com,Consumer,Silver,23-02-2023
CUST-00260,Krishna Kumar,krishna.kumar436@example.com,Corporate,Bronze,03-02-2023
CUST-01794,Reyansh Yadav,reyansh.yadav596@example.com,Corporate,Bronze,10-02-2023
CUST-02916,Reyansh Miller,reyansh.miller910@example.com,Consumer,Bronze,13-12-2023
CUST-03577,William Verma,william.verma97@example.com,Consumer,Bronze,29-03-2024
CUST-00928,Vihaan Yadav,vihaan.yadav681@example.com,Corporate,Bronze,22-09-2023
CUST-00613,Isabella Jones,isabella.jones587@example.com,Consumer,Bronze,18-07-2023
CUST-01544,Aadhya Joshi,unregistered@exmple.com,Consumer,Bronze,16-10-2024
CUST-01024,Ananya Wilson,ananya.wilson92@example.com,Consumer,Silver,21-05-2023
CUST-02296,Reyansh Patel,reyansh.patel563@example.com,Consumer,Silver,22-03-2023
CUST-01153,Aditya Patel,aditya.patel701@example.com,Corporate,Bronze,08-07-2024
CUST-00220,Aarav Gupta,aarav.gupta32@example.com,Consumer,Bronze,15-09-2024
CUST-04155,Vihaan Mehta,vihaan.mehta868@example.com,Consumer,Silver,24-07-2024
CUST-00486,Krishna Patel,krishna.patel745@example.com,Consumer,None,11-06-2024
CUST-01650,Sai Reddy,unregistered@exmple.com,Consumer,Silver,03-02-2024
CUST-03539,Ava Joshi,ava.joshi829@example.com,Corporate,Bronze,28-05-2023
CUST-00259,Reyansh Jones,reyansh.jones267@example.com,Consumer,Bronze,25-05-2024
CUST-03847,Aanya Brown,aanya.brown224@example.com,Corporate,Bronze,16-08-2023
CUST-00387,James Johnson,james.johnson621@example.com,Consumer,Bronze,19-05-2024
CUST-00848,Anika Wilson,anika.wilson708@example.com,Consumer,Silver,25-03-2023
CUST-03417,Arjun Johnson,arjun.johnson915@example.com,Consumer,Bronze,17-08-2023
CUST-02484,John Miller,john.miller407@example.com,Consumer,Gold,29-03-2024
CUST-03222,Aarav Davis,aarav.davis984@example.com,Corporate,Bronze,17-11-2024
CUST-01478,Diya Williams,diya.williams268@example.com,Consumer,None,09-06-2024
CUST-03815,William Verma,william.verma191@example.com,Small Business,Bronze,16-10-2024
CUST-03699,Isabella Joshi,isabella.joshi116@example.com,Small Business,Bronze,21-04-2024
CUST-00554,Ava Mehta,ava.mehta409@example.com,Corporate,Bronze,13-02-2023
CUST-01234,Ayaan Johnson,ayaan.johnson145@example.com,Consumer,Bronze,10-05-2024
CUST-01128,Aanya Kumar,aanya.kumar269@example.com,Consumer,Bronze,24-07-2023
CUST-02925,Riya Wilson,riya.wilson833@example.com,Corporate,Silver,05-04-2023
CUST-03782,Emma Sharma,emma.sharma936@example.com,Consumer,Silver,03-03-2023
CUST-04039,Aanya Patel,aanya.patel@outlook.com,Corporate,Bronze,15-10-2023
CUST-01096,Aditya Yadav,aditya.yadav335@example.com,Consumer,Silver,21-11-2023
CUST-01621,Robert Sharma,robert.sharma615@example.com,Corporate,Bronze,20-08-2024
CUST-03890,Robert Reddy,unregistered@exmple.com,Corporate,Bronze,19-04-2024
CUST-02277,Ishaan Patel,ishaan.patel774@example.com,Consumer,Bronze,28-12-2023
CUST-01321,William Brown,william.brown634@example.com,Corporate,Gold,25-07-2024
CUST-02078,Aanya Jones,aanya.jones693@example.com,Consumer,Bronze,05-12-2023
CUST-00508,Isabella Miller,isabella.miller856@example.com,Small Business,Silver,13-10-2023
CUST-00008,Riya Miller,riya.miller532@example.com,Consumer,Gold,12-08-2024
CUST-01610,Ava Brown,ava.brown68@example.com,Consumer,Bronze,27-02-2023
CUST-04061,Diya Jones,diya.jones967@example.com,Consumer,Bronze,09-03-2023
CUST-02716,Riya Mehta,riya.mehta211@example.com,Consumer,Silver,19-07-2024
CUST-03933,Ava Patel,unregistered@exmple.com,Consumer,Platinum,17-03-2024
CUST-04493,Isabella Mehta,isabella.mehta760@example.com,Consumer,Bronze,19-02-2023
CUST-00709,Sai Wilson,sai.wilson713@example.com,Consumer,Silver,17-03-2024
CUST-01451,Vihaan Wilson,vihaan.wilson884@example.com,Consumer,Silver,26-08-2023
CUST-03983,Saanvi Miller,saanvi.miller256@example.com,Consumer,Bronze,20-12-2024
CUST-00379,William Jones,william.jones336@example.com,Consumer,Bronze,20-10-2024
CUST-03708,Ayaan Yadav,ayaan.yadav336@example.com,Consumer,Silver,27-02-2024
CUST-01815,Isha Williams,isha.williams474@example.com,Consumer,Bronze,19-05-2023
CUST-02283,Aarav Jones,aarav.jones435@example.com,Consumer,Bronze,31-08-2024
CUST-00679,Michael Kumar,michael.kumar162@example.com,Corporate,Platinum,14-09-2023
CUST-00774,Krishna Reddy,krishna.reddy287@example.com,Consumer,Bronze,23-09-2024
CUST-02116,Myra Joshi,myra.joshi849@example.com,Consumer,Silver,16-11-2024
CUST-01012,William Miller,william.miller560@example.com,Consumer,Bronze,03-01-2024
CUST-02464,Michael Mehta,unregistered@exmple.com,Small Business,Bronze,13-08-2023
CUST-02250,James Anderson,james.anderson508@example.com,Consumer,Silver,06-03-2024
CUST-02158,Robert Kumar,robert.kumar258@gmail.com,Consumer,Platinum,19-11-2024
CUST-03655,Arjun Singh,arjun.singh868@example.com,Consumer,Silver,22-03-2024
CUST-01966,Ava Gupta,ava.gupta654@example.com,Consumer,Platinum,20-01-2024
CUST-00066,Sai Yadav,sai.yadav943@example.com,Consumer,Bronze,25-01-2024
CUST-04027,Ayaan Sharma,ayaan.sharma772@example.com,Corporate,Bronze,06-05-2024
CUST-04077,Anika Johnson,anika.johnson@outlook.com,Consumer,Bronze,01-07-2023
CUST-03931,Aarav Brown,aarav.brown719@example.com,Consumer,Gold,25-02-2024
CUST-04217,Diya Wilson,diya.wilson181@example.com,Consumer,Bronze,14-02-2023
CUST-00682,Myra Gupta,myra.gupta75@example.com,Corporate,Bronze,13-06-2024
CUST-00680,Aarav Miller,unregistered@exmple.com,Consumer,Bronze,13-04-2023
CUST-02592,Robert Anderson,robert.anderson281@example.com,Small Business,Bronze,09-08-2024
CUST-03542,Aadhya Reddy,aadhya.reddy@outlook.com,Corporate,Silver,18-11-2024
CUST-00782,Aarav Smith,aarav.smith865@example.com,Small Business,Bronze,28-06-2024
CUST-03956,Reyansh Singh,reyansh.singh984@example.com,Consumer,Bronze,01-03-2023
CUST-00628,Olivia Smith,olivia.smith680@example.com,Consumer,Silver,03-12-2023
CUST-01750,Michael Gupta,michael.gupta573@example.com,Consumer,Silver,16-09-2023
CUST-03654,Robert Johnson,robert.johnson782@example.com,Small Business,Silver,16-12-2023
CUST-04134,Ava Williams,ava.williams193@example.com,Consumer,Gold,14-10-2024
CUST-03498,Ayaan Mehta,ayaan.mehta788@example.com,Consumer,Silver,02-02-2023
CUST-03152,Robert Anderson,unregistered@exmple.com,Consumer,Bronze,13-04-2023
CUST-01962,Robert Brown,robert.brown13@example.com,Consumer,Bronze,26-01-2023
CUST-03202,John Taylor,john.taylor928@example.com,Consumer,Bronze,02-11-2023
CUST-00884,Riya Davis,riya.davis36@example.com,Consumer,Silver,25-04-2024
CUST-01092,Vivaan Johnson,unregistered@exmple.com,Consumer,Bronze,13-04-2023
CUST-00383,Ayaan Jones,ayaan.jones52@example.com,Consumer,Silver,22-03-2023
CUST-04398,Aadhya Reddy,aadhya.reddy870@example.com,Consumer,Bronze,25-10-2024
CUST-03785,Ananya Jones,ananya.jones849@example.com,Consumer,Bronze,05-10-2024
CUST-00277,Robert Johnson,robert.johnson25@gmail.com,Corporate,Bronze,10-03-2023
CUST-03227,Michael Johnson,michael.johnson260@example.com,Small Business,Platinum,18-02-2024
CUST-00032,Ayaan Joshi,unregistered@exmple.com,Consumer,Bronze,29-08-2024
CUST-02895,Isha Anderson,isha.anderson538@example.com,Consumer,Gold,06-07-2024
CUST-02570,John Joshi,john.joshi@outlook.com,Consumer,Silver,23-06-2023
CUST-03563,Aditya Yadav,aditya.yadav312@example.com,Consumer,Bronze,19-03-2024
CUST-03993,Aarav Taylor,aarav.taylor800@example.com,Corporate,Gold,29-03-2024
CUST-01728,Robert Reddy,robert.reddy513@example.com,Corporate,Gold,23-03-2023
CUST-00611,Isha Joshi,isha.joshi535@example.com,Consumer,Bronze,06-12-2023
CUST-03762,Michael Yadav,michael.yadav120@example.com,Consumer,Bronze,16-01-2023
CUST-00571,Myra Verma,myra.verma934@example.com,Corporate,Bronze,13-07-2023
CUST-03217,Vihaan Anderson,vihaan.anderson@outlook.com,Consumer,Silver,04-06-2024
CUST-00344,Ananya Miller,ananya.miller116@example.com,Consumer,Platinum,13-10-2024
CUST-04207,Robert Sharma,robert.sharma177@example.com,Consumer,Bronze,01-12-2023
CUST-02937,Isabella Anderson,isabella.anderson734@example.com,Consumer,Bronze,21-08-2024
CUST-01703,Aarav Verma,aarav.verma542@example.com,Consumer,Gold,03-02-2023
CUST-03107,Krishna Smith,krishna.smith536@example.com,Corporate,Silver,07-07-2023
CUST-04041,Arjun Gupta,arjun.gupta727@example.com,Consumer,Gold,16-05-2023
CUST-04208,John Jones,john.jones412@example.com,Consumer,Silver,06-09-2023
CUST-03965,James Mehta,james.mehta770@example.com,Consumer,None,20-06-2023
CUST-01903,Olivia Joshi,olivia.joshi161@example.com,Consumer,Platinum,19-02-2024
CUST-03490,Aanya Jones,aanya.jones361@example.com,Consumer,Bronze,13-12-2023
CUST-01136,Vihaan Reddy,vihaan.reddy96@example.com,Consumer,Platinum,13-10-2024
CUST-02797,Aadhya Wilson,aadhya.wilson@outlook.com,Consumer,Platinum,30-06-2024
CUST-01538,Ananya Williams,ananya.williams825@example.com,Consumer,Gold,16-04-2023
CUST-02332,Isha Yadav,isha.yadav284@example.com,Consumer,Bronze,18-01-2023
CUST-01938,Arjun Yadav,arjun.yadav344@example.com,Consumer,Bronze,31-07-2023
CUST-00842,Aditya Patel,aditya.patel610@example.com,Corporate,Bronze,28-01-2023
CUST-01601,Ananya Sharma,ananya.sharma964@example.com,Small Business,Bronze,24-06-2023
CUST-04374,Ananya Taylor,ananya.taylor353@example.com,Consumer,Bronze,25-02-2024
CUST-03611,Anika Taylor,anika.taylor675@example.com,Consumer,Bronze,19-03-2023
CUST-01518,Ishaan Verma,ishaan.verma@outlook.com,Consumer,Bronze,18-03-2023
CUST-00966,Isabella Brown,isabella.brown139@example.com,Consumer,Gold,31-08-2024
CUST-04105,Arjun Smith,arjun.smith431@example.com,Consumer,Bronze,01-12-2024
CUST-00529,Aadhya Johnson,aadhya.johnson234@example.com,Consumer,Silver,09-12-2023
CUST-00177,Krishna Singh,krishna.singh255@example.com,Consumer,Bronze,13-11-2024
CUST-01622,Ava Reddy,ava.reddy893@example.com,Consumer,Gold,01-07-2023
CUST-00423,Anika Kumar,unregistered@exmple.com,Corporate,Bronze,22-03-2024
CUST-03199,Myra Jones,myra.jones349@example.com,Small Business,Silver,23-03-2024
CUST-02424,John Kumar,john.kumar426@example.com,Consumer,Bronze,22-08-2024
CUST-04438,John Miller,john.miller698@example.com,Consumer,Silver,03-01-2024
CUST-01378,Ava Miller,ava.miller402@example.com,Consumer,Bronze,26-03-2024
CUST-00573,Saanvi Davis,saanvi.davis349@example.com,Small Business,Bronze,13-01-2024
CUST-04050,Michael Yadav,michael.yadav299@example.com,Small Business,Silver,03-06-2023
CUST-03484,Reyansh Patel,reyansh.patel811@example.com,Consumer,Gold,22-09-2024
CUST-03593,Olivia Reddy,olivia.reddy243@example.com,Small Business,Bronze,14-03-2023
CUST-00289,Sophia Smith,sophia.smith17@example.com,Consumer,Bronze,04-04-2024
CUST-02125,Pari Davis,pari.davis350@example.com,Small Business,Bronze,05-07-2024
CUST-02169,Pari Smith,pari.smith69@gmail.com,Consumer,Bronze,26-10-2024
CUST-02423,Riya Taylor,riya.taylor174@example.com,Small Business,Bronze,04-04-2024
CUST-02378,Aditya Jones,aditya.jones283@example.com,Consumer,Bronze,17-01-2024
CUST-02795,Vihaan Joshi,vihaan.joshi750@example.com,Consumer,Bronze,15-07-2023
CUST-02268,Michael Smith,michael.smith551@example.com,Consumer,Bronze,07-08-2023
CUST-02269,William Joshi,william.joshi750@example.com,Consumer,Bronze,11-06-2024
CUST-03456,Krishna Wilson,krishna.wilson997@gmail.com,Consumer,Silver,25-06-2023
CUST-02758,Vivaan Gupta,vivaan.gupta159@example.com,Consumer,Bronze,28-01-2023
CUST-02888,Anika Johnson,anika.johnson317@example.com,Consumer,Silver,27-05-2024
CUST-03425,Diya Miller,diya.miller778@example.com,Consumer,Bronze,07-12-2024
CUST-02416,Riya Kumar,riya.kumar603@example.com,Consumer,Bronze,30-01-2024
CUST-00384,William Gupta,william.gupta288@example.com,Consumer,Gold,19-04-2023
CUST-00853,James Yadav,james.yadav216@example.com,Small Business,Bronze,12-05-2024
CUST-01881,Isha Taylor,isha.taylor816@example.com,Small Business,Platinum,02-07-2024
CUST-00371,Aanya Sharma,aanya.sharma769@example.com,Corporate,Platinum,07-04-2023
CUST-02100,Myra Kumar,myra.kumar671@example.com,Consumer,Bronze,03-09-2024
CUST-02579,Krishna Taylor,krishna.taylor131@example.com,Consumer,Bronze,18-12-2023
CUST-02498,Ananya Jones,ananya.jones500@example.com,Consumer,Platinum,23-08-2024
CUST-03947,Aarav Reddy,aarav.reddy730@example.com,Consumer,Bronze,24-09-2023
CUST-00823,Ishaan Gupta,ishaan.gupta728@example.com,Small Business,Platinum,20-07-2023
CUST-04444,Aadhya Davis,aadhya.davis954@example.com,Small Business,Gold,03-02-2024
CUST-03741,Isabella Sharma,isabella.sharma911@example.com,Consumer,Bronze,30-08-2024
CUST-01106,Aarav Kumar,aarav.kumar743@example.com,Small Business,Silver,26-09-2024
CUST-02551,Anika Gupta,anika.gupta210@gmail.com,Corporate,Gold,17-08-2024
CUST-03013,Ava Taylor,unregistered@exmple.com,Consumer,Bronze,07-04-2024
CUST-03427,Krishna Williams,krishna.williams182@example.com,Consumer,Bronze,23-10-2023
CUST-02023,Aditya Sharma,aditya.sharma395@example.com,Corporate,Platinum,02-05-2023
CUST-00142,Vivaan Johnson,vivaan.johnson738@example.com,Corporate,Bronze,22-03-2024
CUST-04279,Isabella Mehta,isabella.mehta178@example.com,Corporate,Bronze,15-10-2024
CUST-03939,Vivaan Patel,vivaan.patel969@example.com,Consumer,Silver,15-12-2024
CUST-00492,Olivia Verma,olivia.verma44@example.com,Consumer,Silver,08-05-2024
CUST-04189,Isha Mehta,isha.mehta479@example.com,Consumer,Bronze,19-01-2023
CUST-03781,Pari Brown,pari.brown634@example.com,Consumer,Gold,07-02-2023
CUST-03053,James Joshi,james.joshi@outlook.com,Small Business,Silver,04-04-2023
CUST-00199,Anika Smith,anika.smith394@example.com,Consumer,Gold,04-03-2023
CUST-02667,Pari Williams,pari.williams343@example.com,Consumer,Silver,10-09-2024
CUST-00851,Krishna Singh,krishna.singh368@example.com,Small Business,Silver,11-02-2024
CUST-01172,Myra Yadav,myra.yadav@outlook.com,Consumer,Silver,01-07-2023
CUST-01227,Myra Brown,myra.brown603@example.com,Consumer,Silver,12-06-2024
CUST-01784,William Jones,william.jones270@example.com,Corporate,Silver,29-10-2023
CUST-02278,Ishaan Johnson,ishaan.johnson524@example.com,Consumer,Silver,22-01-2023
CUST-01423,Aanya Singh,aanya.singh@outlook.com,Consumer,Bronze,04-05-2024
CUST-03921,Saanvi Smith,saanvi.smith304@example.com,Corporate,Bronze,23-07-2023
CUST-02124,John Verma,john.verma109@example.com,Consumer,Silver,11-10-2024
CUST-04196,Olivia Williams,olivia.williams992@gmail.com,Consumer,Bronze,26-07-2023
CUST-01953,Emma Davis,emma.davis691@example.com,Consumer,Bronze,29-12-2023
CUST-02329,Krishna Gupta,krishna.gupta353@example.com,Corporate,Bronze,28-04-2024
CUST-00196,John Taylor,john.taylor700@example.com,Consumer,Bronze,27-05-2024
CUST-01557,Diya Singh,diya.singh890@example.com,Corporate,Bronze,04-05-2024
CUST-03802,James Gupta,james.gupta192@example.com,Corporate,Bronze,09-03-2023
CUST-00875,Emma Patel,emma.patel106@example.com,Consumer,Bronze,30-04-2023
CUST-03228,Isabella Reddy,isabella.reddy686@example.com,Consumer,Bronze,13-05-2023
CUST-01874,Myra Miller,myra.miller701@example.com,Corporate,Bronze,28-09-2023
CUST-04224,Sophia Kumar,sophia.kumar962@example.com,Consumer,Bronze,01-06-2024
CUST-03715,Aditya Singh,aditya.singh818@example.com,Consumer,Silver,17-07-2024
CUST-03978,Arjun Kumar,arjun.kumar166@example.com,Corporate,Bronze,15-01-2024
CUST-01252,Ayaan Smith,ayaan.smith357@example.com,Consumer,Silver,09-07-2023
CUST-03875,Ishaan Smith,ishaan.smith979@example.com,Consumer,Bronze,16-10-2024
CUST-00841,Emma Kumar,emma.kumar121@example.com,Consumer,Silver,23-05-2023
CUST-02679,Emma Joshi,emma.joshi68@example.com,Corporate,Silver,29-01-2023
CUST-00582,William Taylor,william.taylor454@example.com,Consumer,Silver,31-05-2024
CUST-03997,Pari Jones,pari.jones815@example.com,Consumer,Bronze,12-02-2023
CUST-01753,Arjun Mehta,arjun.mehta419@example.com,Consumer,Platinum,16-06-2023
CUST-01642,William Williams,william.williams969@example.com,Consumer,Platinum,06-08-2023
CUST-02019,Isha Mehta,isha.mehta663@example.com,Small Business,Bronze,06-09-2024
CUST-02417,Riya Johnson,riya.johnson86@example.com,Consumer,Bronze,06-11-2023
CUST-01872,Ayaan Williams,ayaan.williams629@example.com,Consumer,,13-05-2023
CUST-00906,Arjun Gupta,arjun.gupta295@example.com,Small Business,Silver,20-01-2023
CUST-00632,Reyansh Gupta,reyansh.gupta104@example.com,Corporate,Gold,24-09-2024
CUST-02699,Isabella Miller,isabella.miller191@example.com,Consumer,Gold,14-05-2023
CUST-02941,Michael Williams,michael.williams123@example.com,Small Business,Silver,13-12-2023
CUST-01975,Diya Singh,diya.singh687@example.com,Consumer,Platinum,29-05-2024
CUST-00163,Myra Kumar,myra.kumar278@example.com,Consumer,Silver,11-10-2024
CUST-02764,Emma Brown,emma.brown@outlook.com,Consumer,Gold,31-10-2024
CUST-02568,Saanvi Verma,saanvi.verma83@example.com,Consumer,Silver,15-12-2024
CUST-04185,Robert Miller,robert.miller181@example.com,Consumer,Platinum,17-03-2024
CUST-00414,Aarav Yadav,aarav.yadav158@example.com,Corporate,Bronze,24-11-2023
CUST-00618,Ava Verma,ava.verma834@example.com,Small Business,Bronze,10-09-2024
CUST-03535,Saanvi Mehta,saanvi.mehta92@example.com,Consumer,Silver,09-10-2023
CUST-01432,Isha Gupta,isha.gupta755@example.com,Consumer,Bronze,18-06-2024
CUST-00926,Isabella Singh,isabella.singh490@example.com,Consumer,Bronze,08-09-2023
CUST-03717,Isha Miller,isha.miller56@gmail.com,Corporate,Platinum,21-07-2024
CUST-00548,Arjun Taylor,arjun.taylor144@example.com,Corporate,Platinum,25-03-2023
CUST-00225,Vihaan Reddy,unregistered@exmple.com,Corporate,Bronze,19-12-2023
CUST-04232,Robert Miller,robert.miller701@example.com,Consumer,Silver,11-06-2023
CUST-03756,Isha Singh,isha.singh961@example.com,Consumer,Silver,22-11-2023
CUST-01567,William Taylor,william.taylor126@example.com,Consumer,Gold,03-02-2023
CUST-01593,Ava Brown,ava.brown55@example.com,Consumer,Silver,02-01-2024
CUST-02108,Vivaan Patel,vivaan.patel410@example.com,Consumer,Silver,10-07-2023
CUST-02755,Michael Mehta,michael.mehta377@gmail.com,Small Business,Silver,28-02-2024
CUST-02338,Robert Wilson,robert.wilson743@example.com,Corporate,Bronze,06-01-2024
CUST-02183,Ava Yadav,ava.yadav576@example.com,Consumer,Bronze,23-04-2023
CUST-03596,Olivia Smith,olivia.smith934@example.com,Consumer,Silver,17-02-2023
CUST-02793,Riya Davis,riya.davis522@example.com,Consumer,Bronze,04-09-2023
CUST-01862,Vihaan Sharma,vihaan.sharma885@example.com,Consumer,Platinum,21-08-2023
CUST-00612,Saanvi Johnson,saanvi.johnson838@example.com,Consumer,Silver,01-06-2024
CUST-01337,Krishna Johnson,krishna.johnson868@example.com,Consumer,Bronze,10-06-2024
CUST-03647,Isha Yadav,isha.yadav533@example.com,Consumer,Silver,26-11-2024
CUST-00641,Isha Mehta,isha.mehta260@example.com,Small Business,Bronze,11-03-2024
CUST-00931,Sai Jones,sai.jones52@example.com,Consumer,Bronze,24-02-2023
CUST-03197,Pari Verma,pari.verma738@example.com,Consumer,Bronze,08-11-2023
CUST-03701,Michael Smith,michael.smith576@example.com,Consumer,Bronze,08-09-2024
CUST-00743,Ishaan Miller,ishaan.miller349@example.com,Consumer,Bronze,06-05-2023
CUST-00638,Ayaan Sharma,ayaan.sharma599@example.com,Small Business,Gold,13-05-2024
CUST-02070,Emma Williams,emma.williams574@example.com,Consumer,Gold,13-11-2023
CUST-03064,Pari Williams,unregistered@exmple.com,Consumer,Gold,18-03-2024
CUST-03838,Diya Miller,diya.miller603@example.com,Corporate,Silver,03-10-2024
CUST-03028,Riya Singh,riya.singh274@example.com,Consumer,Bronze,16-04-2023
CUST-02707,Sai Wilson,sai.wilson623@example.com,Consumer,Bronze,23-02-2023
CUST-02604,Myra Jones,myra.jones940@example.com,Consumer,Gold,23-08-2024
CUST-01098,Myra Brown,myra.brown593@example.com,Consumer,Silver,24-10-2024
CUST-03959,Krishna Singh,krishna.singh901@example.com,Consumer,Bronze,15-03-2024
CUST-00049,Riya Joshi,riya.joshi970@example.com,Consumer,Gold,07-11-2024
CUST-02185,Sophia Mehta,sophia.mehta107@example.com,Small Business,Silver,26-01-2024
CUST-02684,John Verma,john.verma324@example.com,Consumer,Bronze,07-10-2024
CUST-03705,Anika Johnson,anika.johnson224@example.com,Consumer,Platinum,10-07-2024
CUST-03193,Ananya Anderson,ananya.anderson597@example.com,Small Business,Bronze,02-04-2023
CUST-03497,Sai Sharma,sai.sharma550@gmail.com,Small Business,Bronze,14-03-2024
CUST-02035,Ava Singh,ava.singh560@example.com,Consumer,Silver,20-10-2023
CUST-00922,Isha Mehta,isha.mehta660@example.com,Small Business,Bronze,01-03-2023
CUST-03130,Pari Joshi,pari.joshi613@example.com,Corporate,Gold,02-07-2024
CUST-00547,John Miller,john.miller46@example.com,Small Business,Bronze,28-10-2023
CUST-03373,James Patel,james.patel689@example.com,Consumer,Bronze,23-03-2023
CUST-03640,Aanya Mehta,aanya.mehta484@gmail.com,Consumer,Bronze,18-02-2024
CUST-02029,Isabella Yadav,isabella.yadav961@example.com,Consumer,Silver,13-11-2024
CUST-01886,Krishna Reddy,krishna.reddy428@example.com,Consumer,Platinum,10-01-2024
CUST-01643,Vihaan Verma,vihaan.verma767@gmail.com,Consumer,Silver,14-04-2024
CUST-03586,Ishaan Singh,ishaan.singh77@example.com,Corporate,Platinum,17-12-2024
CUST-04474,John Yadav,john.yadav223@example.com,Small Business,Gold,28-01-2024
CUST-04010,Sai Brown,sai.brown251@example.com,Corporate,Silver,24-12-2023
CUST-03102,Diya Smith,diya.smith334@example.com,Corporate,Bronze,23-11-2023
CUST-04184,Ayaan Sharma,ayaan.sharma941@example.com,Consumer,Silver,02-08-2024
CUST-02791,Ava Miller,ava.miller887@example.com,Consumer,Bronze,27-02-2024
CUST-00837,Saanvi Yadav,saanvi.yadav89@example.com,Consumer,None,27-05-2023
CUST-00602,Michael Kumar,michael.kumar22@example.com,Consumer,Gold,30-10-2023
CUST-03354,Aadhya Kumar,aadhya.kumar@outlook.com,Corporate,Silver,11-09-2024
CUST-01583,Pari Johnson,pari.johnson802@example.com,Consumer,Silver,01-05-2024
CUST-03839,Aarav Taylor,aarav.taylor454@example.com,Consumer,Gold,09-11-2024
CUST-02227,Pari Patel,pari.patel348@example.com,Consumer,Platinum,15-03-2023
CUST-00084,Sai Smith,sai.smith618@example.com,Consumer,Gold,28-05-2024
CUST-01071,James Joshi,james.joshi447@example.com,Consumer,Bronze,09-12-2023
CUST-01776,Olivia Davis,olivia.davis514@example.com,Consumer,Gold,13-06-2023
CUST-04473,Ananya Williams,ananya.williams799@example.com,Small Business,Bronze,14-10-2024
CUST-03856,Emma Anderson,emma.anderson440@example.com,Consumer,Bronze,24-07-2023
CUST-04424,Anika Williams,anika.williams736@example.com,Corporate,Bronze,25-06-2024
CUST-03946,Aadhya Reddy,aadhya.reddy558@example.com,Consumer,Bronze,08-01-2024
CUST-01939,Olivia Johnson,unregistered@exmple.com,Consumer,Bronze,07-06-2024
CUST-04019,Olivia Gupta,olivia.gupta143@example.com,Consumer,Silver,23-07-2023
CUST-02790,Pari Anderson,pari.anderson466@example.com,Consumer,Silver,28-04-2023
CUST-01327,Reyansh Taylor,reyansh.taylor@outlook.com,Consumer,Silver,15-02-2024
CUST-00476,Isabella Joshi,isabella.joshi589@example.com,Small Business,Bronze,17-06-2023
CUST-03003,Arjun Johnson,arjun.johnson@outlook.com,Consumer,Bronze,26-07-2024
CUST-01652,Ishaan Anderson,ishaan.anderson339@gmail.com,Consumer,Bronze,04-05-2024
CUST-03470,Aarav Jones,aarav.jones960@example.com,Small Business,Silver,02-02-2023
CUST-03869,Pari Jones,pari.jones563@example.com,Consumer,Silver,08-11-2023
CUST-02291,Vivaan Brown,vivaan.brown352@example.com,Small Business,Silver,13-08-2024
CUST-02270,Aditya Taylor,aditya.taylor792@example.com,Small Business,Gold,02-11-2024
CUST-01374,Vihaan Patel,vihaan.patel270@example.com,Corporate,Gold,07-12-2023
CUST-00740,Isha Mehta,isha.mehta667@example.com,Consumer,Bronze,11-12-2024
CUST-03146,James Anderson,james.anderson332@example.com,Consumer,Platinum,22-08-2024
CUST-04040,Aditya Brown,aditya.brown901@example.com,Small Business,Gold,14-05-2024
CUST-00868,Vihaan Smith,vihaan.smith847@example.com,Small Business,Silver,16-03-2023
CUST-01141,Aanya Anderson,aanya.anderson400@example.com,Corporate,Silver,27-12-2023
CUST-00998,Arjun Gupta,arjun.gupta137@example.com,Consumer,Platinum,05-07-2023
CUST-01338,Riya Taylor,riya.taylor636@example.com,Consumer,Silver,11-09-2023
CUST-04018,Vivaan Davis,vivaan.davis219@example.com,Small Business,Gold,13-03-2024
CUST-01100,Aditya Taylor,aditya.taylor981@example.com,Consumer,Gold,26-08-2023
CUST-01133,Aarav Verma,aarav.verma24@example.com,Consumer,Platinum,28-03-2023
CUST-03734,John Anderson,john.anderson219@example.com,Consumer,Gold,14-11-2024
CUST-04303,Ananya Johnson,ananya.johnson45@gmail.com,Consumer,Silver,16-01-2024
CUST-03848,Reyansh Jones,reyansh.jones775@example.com,Consumer,Silver,05-10-2023
CUST-00060,Sai Taylor,sai.taylor299@example.com,Consumer,Bronze,30-05-2023
CUST-03096,Ayaan Mehta,ayaan.mehta853@example.com,Consumer,Silver,27-05-2023
CUST-01079,James Joshi,james.joshi345@example.com,Corporate,Gold,06-03-2024
CUST-02548,Krishna Davis,krishna.davis214@example.com,Corporate,None,19-04-2024
CUST-02728,Olivia Joshi,olivia.joshi843@example.com,Consumer,Bronze,04-06-2024
CUST-00941,Olivia Singh,olivia.singh136@example.com,Consumer,Bronze,07-01-2024
CUST-01081,Diya Wilson,unregistered@exmple.com,Consumer,Bronze,22-07-2023
CUST-00188,Ananya Reddy,ananya.reddy681@example.com,Consumer,None,02-07-2024
CUST-02312,Anika Williams,anika.williams840@example.com,Consumer,Bronze,20-10-2023
CUST-02086,Michael Williams,michael.williams@outlook.com,Small Business,None,08-09-2024
CUST-02024,Arjun Davis,arjun.davis933@example.com,Consumer,Platinum,06-08-2024
CUST-02352,Arjun Mehta,arjun.mehta575@example.com,Consumer,Silver,06-03-2023
CUST-03517,Ishaan Joshi,ishaan.joshi432@example.com,Corporate,Silver,09-05-2024
CUST-03136,Myra Taylor,myra.taylor243@example.com,Consumer,Gold,11-12-2024
CUST-00227,Diya Patel,diya.patel@outlook.com,Consumer,Bronze,01-03-2024
CUST-03935,Diya Taylor,diya.taylor366@example.com,Consumer,Gold,10-07-2023
CUST-01930,Ava Sharma,ava.sharma514@example.com,Consumer,Bronze,31-10-2023
CUST-02665,Michael Johnson,unregistered@exmple.com,Small Business,None,03-05-2023
CUST-04180,Reyansh Johnson,reyansh.johnson409@example.com,Consumer,Bronze,28-04-2023
CUST-01405,Olivia Sharma,olivia.sharma681@example.com,Consumer,Bronze,11-05-2024
CUST-00698,Ayaan Jones,unregistered@exmple.com,Consumer,Gold,08-01-2024
CUST-01125,Ananya Patel,ananya.patel301@example.com,Consumer,Silver,14-10-2024
CUST-02446,Aditya Yadav,aditya.yadav208@example.com,Consumer,Bronze,02-10-2024
CUST-02878,Aditya Williams,unregistered@exmple.com,Consumer,Gold,20-02-2024
CUST-01779,William Patel,william.patel721@example.com,Consumer,Silver,02-10-2023
CUST-02496,Diya Johnson,diya.johnson266@example.com,Corporate,Silver,30-07-2024
CUST-01038,Robert Gupta,robert.gupta721@example.com,Consumer,Silver,05-10-2023
CUST-03686,Aditya Reddy,aditya.reddy101@example.com,Consumer,Bronze,01-08-2024
CUST-00314,Isha Anderson,isha.anderson861@example.com,Corporate,Bronze,25-02-2024
CUST-01417,Aarav Miller,unregistered@exmple.com,Consumer,Silver,28-07-2024
CUST-01037,Aadhya Mehta,aadhya.mehta602@example.com,Consumer,Bronze,12-11-2024
CUST-03666,Diya Anderson,diya.anderson290@example.com,Small Business,Silver,04-06-2024
CUST-01755,James Jones,james.jones928@example.com,Consumer,Silver,05-08-2024
CUST-02722,Reyansh Yadav,reyansh.yadav@outlook.com,Small Business,Bronze,08-07-2023
CUST-03304,Isha Miller,isha.miller359@example.com,Consumer,Bronze,10-10-2023
CUST-04226,James Yadav,james.yadav705@example.com,Consumer,Bronze,05-12-2023
CUST-02987,John Johnson,john.johnson662@gmail.com,Consumer,None,04-10-2023
CUST-01507,Aditya Anderson,aditya.anderson76@example.com,Corporate,Silver,13-03-2023
CUST-01924,Isha Verma,isha.verma504@example.com,Corporate,Gold,31-07-2023
CUST-04078,Ishaan Reddy,ishaan.reddy626@example.com,Consumer,Bronze,21-04-2024
CUST-02154,Aanya Reddy,aanya.reddy@outlook.com,Consumer,,17-11-2023
CUST-02223,Aarav Smith,aarav.smith820@example.com,Corporate,Silver,03-04-2023
CUST-00362,Robert Singh,robert.singh585@example.com,Consumer,Bronze,28-09-2024
CUST-01135,Vivaan Singh,vivaan.singh417@example.com,Consumer,Gold,23-08-2024
CUST-03367,Vivaan Joshi,vivaan.joshi500@example.com,Consumer,Bronze,15-06-2023
CUST-01831,William Yadav,william.yadav296@example.com,Consumer,Platinum,14-03-2023
CUST-01054,Ava Sharma,ava.sharma222@example.com,Consumer,Bronze,13-05-2024
CUST-00023,Diya Davis,diya.davis@outlook.com,Corporate,Bronze,29-09-2023
CUST-02067,Ishaan Anderson,ishaan.anderson336@example.com,Consumer,Bronze,29-02-2024
CUST-01654,Ayaan Johnson,ayaan.johnson735@example.com,Consumer,Bronze,15-07-2024
CUST-02836,Vihaan Taylor,vihaan.taylor876@example.com,Small Business,Silver,26-06-2024
CUST-02794,Anika Verma,anika.verma@outlook.com,Consumer,Platinum,07-08-2024
CUST-02448,Isabella Yadav,isabella.yadav878@example.com,Consumer,Silver,24-08-2024
CUST-03506,Arjun Anderson,arjun.anderson165@example.com,Consumer,Silver,13-03-2023
CUST-00461,Aanya Davis,aanya.davis786@gmail.com,Small Business,Bronze,18-02-2024
CUST-01068,Ananya Kumar,ananya.kumar947@example.com,Consumer,Bronze,07-04-2023
CUST-00088,Ishaan Singh,ishaan.singh14@example.com,Consumer,Silver,10-09-2023
CUST-03575,Sophia Anderson,sophia.anderson41@example.com,Consumer,Platinum,16-05-2023
CUST-03840,Michael Reddy,michael.reddy869@example.com,Consumer,Silver,13-04-2023
CUST-00283,Isabella Mehta,isabella.mehta576@gmail.com,Consumer,Gold,19-08-2024
CUST-00463,Vihaan Miller,vihaan.miller645@example.com,Small Business,Silver,18-12-2023
CUST-00213,Robert Reddy,robert.reddy962@example.com,Consumer,Silver,11-11-2023
CUST-02641,Aditya Joshi,aditya.joshi428@example.com,Consumer,Platinum,10-02-2023
CUST-01369,Ananya Williams,ananya.williams188@example.com,Corporate,Bronze,08-09-2023
CUST-00235,Ayaan Patel,ayaan.patel35@example.com,Consumer,Bronze,16-03-2023
CUST-02427,Michael Smith,michael.smith615@example.com,Consumer,Gold,18-07-2024
CUST-00598,Anika Brown,anika.brown276@example.com,Consumer,Bronze,24-08-2023
CUST-03157,Aditya Kumar,unregistered@exmple.com,Consumer,Bronze,23-06-2023
CUST-03501,Aanya Joshi,aanya.joshi179@example.com,Corporate,Platinum,10-04-2023
CUST-00663,Vihaan Kumar,vihaan.kumar372@example.com,Consumer,Silver,24-04-2023
CUST-04394,Anika Verma,anika.verma511@example.com,Consumer,Silver,10-11-2024
CUST-03387,Sophia Smith,sophia.smith711@example.com,Small Business,Bronze,15-03-2024
CUST-00780,John Davis,john.davis559@example.com,Consumer,Gold,30-10-2024
CUST-04211,Myra Smith,myra.smith823@example.com,Consumer,Bronze,17-08-2023
CUST-03347,Ishaan Davis,ishaan.davis141@gmail.com,Consumer,Bronze,07-01-2024
CUST-03431,Reyansh Patel,reyansh.patel231@example.com,Consumer,Gold,16-03-2023
CUST-02785,John Davis,john.davis@outlook.com,Consumer,Bronze,25-05-2023
CUST-04498,Ayaan Johnson,ayaan.johnson396@example.com,Corporate,Silver,21-07-2023
CUST-00686,Aarav Taylor,aarav.taylor433@example.com,Consumer,Bronze,29-05-2024
CUST-03380,Krishna Smith,krishna.smith520@gmail.com,Small Business,Bronze,05-05-2023
CUST-02410,Ishaan Joshi,ishaan.joshi209@example.com,Corporate,Platinum,20-06-2023
CUST-02172,Diya Sharma,diya.sharma592@example.com,Small Business,Silver,19-11-2024
CUST-01851,Arjun Brown,arjun.brown274@example.com,Consumer,Silver,10-07-2024
CUST-04076,Myra Anderson,myra.anderson339@example.com,Consumer,Bronze,17-02-2024
CUST-01689,Emma Anderson,emma.anderson243@example.com,Corporate,Gold,28-05-2024
CUST-02841,Ava Brown,ava.brown257@example.com,Consumer,Bronze,03-10-2023
CUST-00783,William Reddy,william.reddy269@gmail.com,Consumer,Bronze,17-12-2023
CUST-00522,Diya Sharma,diya.sharma848@example.com,Consumer,Bronze,04-12-2024
CUST-00523,James Mehta,james.mehta911@example.com,Consumer,Silver,01-09-2023
CUST-04294,Ishaan Williams,ishaan.williams37@example.com,Corporate,Bronze,18-01-2024
CUST-03512,Olivia Joshi,olivia.joshi947@gmail.com,Corporate,Bronze,08-07-2023
CUST-03432,Isabella Jones,isabella.jones734@example.com,Consumer,Platinum,09-06-2024
CUST-02749,Aadhya Mehta,unregistered@exmple.com,Consumer,Bronze,14-05-2024
CUST-01512,Reyansh Smith,reyansh.smith608@example.com,Corporate,Silver,04-03-2023
CUST-01883,Krishna Jones,krishna.jones@outlook.com,Corporate,Platinum,22-12-2023
CUST-00652,Diya Smith,diya.smith84@example.com,Small Business,Bronze,31-05-2023
CUST-02441,Ishaan Sharma,ishaan.sharma49@example.com,Small Business,Bronze,18-02-2023
CUST-02695,James Singh,james.singh643@example.com,Consumer,Bronze,24-04-2023
CUST-02317,Myra Patel,myra.patel739@example.com,Consumer,Silver,26-10-2023
CUST-00119,Vihaan Yadav,vihaan.yadav361@example.com,Corporate,Bronze,09-04-2023
CUST-03833,Anika Wilson,anika.wilson86@example.com,Consumer,Bronze,21-07-2023
CUST-02648,Aditya Joshi,aditya.joshi122@example.com,Consumer,Silver,10-03-2023
CUST-03085,Sophia Brown,sophia.brown232@example.com,Consumer,Bronze,10-03-2023
CUST-01614,William Singh,william.singh469@example.com,Consumer,Bronze,22-07-2024
CUST-02544,Olivia Smith,olivia.smith728@example.com,Consumer,Bronze,23-06-2023
CUST-00963,Krishna Wilson,krishna.wilson430@example.com,Consumer,Silver,08-10-2024
CUST-02469,Ishaan Gupta,ishaan.gupta80@example.com,Corporate,Bronze,24-04-2023
CUST-03653,Diya Taylor,diya.taylor233@example.com,Small Business,Silver,27-07-2024
CUST-04333,Sophia Brown,sophia.brown741@example.com,Consumer,Bronze,25-10-2024
CUST-03777,Myra Brown,myra.brown924@example.com,Consumer,Silver,01-11-2023
CUST-02186,Krishna Anderson,krishna.anderson232@example.com,Consumer,Bronze,15-02-2024
CUST-02476,Arjun Kumar,arjun.kumar665@example.com,Consumer,Bronze,13-04-2023
CUST-00773,Myra Wilson,myra.wilson971@example.com,Consumer,Bronze,21-02-2024
CUST-01285,Ava Kumar,ava.kumar595@example.com,Consumer,Bronze,18-09-2024
CUST-04412,John Sharma,john.sharma781@example.com,Consumer,Bronze,20-05-2023
CUST-01415,Isha Verma,isha.verma910@example.com,Corporate,Silver,09-05-2024
CUST-01235,Robert Patel,robert.patel235@example.com,Consumer,Gold,29-11-2023
CUST-02367,Krishna Miller,krishna.miller879@example.com,Small Business,Bronze,26-04-2023
CUST-00436,Aditya Joshi,aditya.joshi@outlook.com,Consumer,Bronze,22-09-2024
CUST-01675,Krishna Singh,krishna.singh381@example.com,Consumer,,24-03-2024
CUST-00366,Anika Williams,anika.williams134@example.com,Consumer,Bronze,02-01-2023
CUST-04227,Aanya Gupta,unregistered@exmple.com,Consumer,Platinum,24-10-2024
CUST-00232,Robert Taylor,robert.taylor984@example.com,Small Business,Bronze,11-07-2023
CUST-03510,Michael Brown,michael.brown58@example.com,Small Business,Bronze,09-01-2024
CUST-03793,Reyansh Wilson,reyansh.wilson336@example.com,Small Business,Bronze,15-07-2023
CUST-00408,Olivia Johnson,olivia.johnson508@example.com,Small Business,Silver,12-12-2024
CUST-02091,Isha Miller,isha.miller674@example.com,Consumer,Gold,10-08-2024
CUST-00087,Olivia Wilson,olivia.wilson809@example.com,Consumer,Silver,16-07-2024
CUST-00845,Krishna Anderson,krishna.anderson474@example.com,Consumer,Bronze,06-05-2023
CUST-01032,Olivia Singh,olivia.singh179@example.com,Corporate,Silver,07-09-2023
CUST-04382,Arjun Davis,arjun.davis470@example.com,Consumer,Bronze,25-01-2024
CUST-02789,John Yadav,unregistered@exmple.com,Consumer,Bronze,17-01-2024
CUST-02813,Krishna Jones,krishna.jones281@gmail.com,Consumer,Bronze,25-04-2023
CUST-00856,Anika Smith,anika.smith@outlook.com,Consumer,Bronze,01-01-2024
CUST-00079,Arjun Wilson,arjun.wilson288@example.com,Small Business,Bronze,15-05-2024
CUST-04256,William Mehta,william.mehta@outlook.com,Corporate,Silver,24-08-2023
CUST-03179,Sophia Anderson,sophia.anderson617@example.com,Corporate,Bronze,26-11-2024
CUST-02645,John Singh,john.singh215@example.com,Consumer,Bronze,03-04-2024
CUST-02910,Robert Smith,unregistered@exmple.com,Corporate,Gold,19-04-2023
CUST-03954,Emma Johnson,emma.johnson200@example.com,Consumer,Platinum,30-10-2023
CUST-03661,Myra Brown,myra.brown585@example.com,Small Business,Silver,18-01-2024
CUST-03358,Aarav Singh,unregistered@exmple.com,Corporate,Bronze,19-01-2024
CUST-03200,Vivaan Kumar,vivaan.kumar568@example.com,Consumer,Gold,01-06-2023
CUST-02177,Robert Yadav,robert.yadav410@gmail.com,Small Business,Silver,26-10-2024
CUST-00425,Isabella Brown,isabella.brown431@example.com,Consumer,Bronze,25-05-2024
CUST-00393,Sophia Joshi,sophia.joshi172@example.com,Consumer,Bronze,04-09-2024
CUST-04404,John Sharma,john.sharma753@example.com,Consumer,Gold,12-12-2024
CUST-02972,William Williams,william.williams528@example.com,Consumer,Bronze,27-11-2024
CUST-00105,Aadhya Reddy,aadhya.reddy656@example.com,Consumer,Silver,13-01-2024
CUST-04376,Emma Anderson,emma.anderson485@example.com,Consumer,,11-06-2023
CUST-01949,Vivaan Davis,vivaan.davis960@example.com,Consumer,Silver,05-06-2024
CUST-01460,Pari Kumar,pari.kumar989@example.com,Consumer,Bronze,15-06-2024
CUST-02835,Olivia Yadav,olivia.yadav621@example.com,Consumer,Bronze,02-04-2024
CUST-02453,Michael Yadav,michael.yadav67@example.com,Corporate,Silver,17-03-2024
CUST-04051,Ava Smith,ava.smith@outlook.com,Corporate,Silver,11-05-2024
CUST-01588,Saanvi Davis,saanvi.davis@outlook.com,Consumer,Bronze,19-06-2023
CUST-03182,Reyansh Davis,reyansh.davis389@example.com,Consumer,Bronze,09-10-2023
CUST-01732,Olivia Johnson,olivia.johnson554@gmail.com,Consumer,Gold,19-07-2024
CUST-00591,Sai Yadav,sai.yadav319@example.com,Consumer,Silver,15-04-2024
CUST-03198,Myra Joshi,myra.joshi675@example.com,Consumer,Bronze,28-10-2023
CUST-01792,Emma Taylor,emma.taylor914@example.com,Consumer,Silver,06-03-2024
CUST-01941,Saanvi Wilson,saanvi.wilson882@example.com,Consumer,Silver,16-10-2024
CUST-00703,Isabella Verma,isabella.verma769@example.com,Small Business,Bronze,04-10-2024
CUST-02990,Ishaan Patel,ishaan.patel81@example.com,Small Business,Bronze,04-07-2024
CUST-00497,William Jones,william.jones906@example.com,Consumer,Bronze,16-12-2024
CUST-00465,Riya Singh,riya.singh318@example.com,Consumer,Platinum,18-07-2023
CUST-02356,Isabella Taylor,isabella.taylor165@example.com,Consumer,Silver,28-02-2024
CUST-03971,James Reddy,james.reddy629@example.com,Consumer,Silver,04-07-2023
CUST-00173,Aadhya Kumar,aadhya.kumar295@example.com,Consumer,Silver,26-02-2024
CUST-03083,Olivia Miller,olivia.miller924@example.com,Consumer,Bronze,08-07-2024
CUST-04322,Aarav Joshi,aarav.joshi39@example.com,Consumer,Gold,14-01-2024
CUST-03371,Aadhya Patel,aadhya.patel410@example.com,Small Business,Silver,10-02-2024
CUST-02261,Saanvi Sharma,saanvi.sharma961@example.com,Consumer,Bronze,20-03-2023
CUST-02113,Reyansh Gupta,reyansh.gupta280@example.com,Consumer,Gold,14-04-2024
CUST-00901,Isabella Davis,isabella.davis508@example.com,Consumer,Silver,28-06-2024
CUST-01447,Michael Yadav,michael.yadav799@example.com,Consumer,Silver,04-11-2024
CUST-03174,Myra Brown,myra.brown51@example.com,Consumer,Gold,27-04-2023
CUST-00742,Aarav Patel,aarav.patel573@example.com,Consumer,Bronze,30-05-2024
CUST-02300,Michael Brown,michael.brown21@example.com,Consumer,Silver,22-09-2024
CUST-03543,Aanya Patel,aanya.patel354@example.com,Small Business,Gold,25-04-2023
CUST-01207,Aditya Sharma,aditya.sharma265@example.com,Consumer,Silver,23-07-2023
CUST-00510,Myra Yadav,myra.yadav668@example.com,Small Business,Silver,26-04-2024
CUST-02298,William Miller,william.miller116@example.com,Consumer,Bronze,27-11-2023
CUST-02452,Aadhya Sharma,aadhya.sharma169@example.com,Consumer,Bronze,03-05-2024
CUST-01550,Sophia Reddy,sophia.reddy325@example.com,Corporate,Silver,19-05-2023
CUST-02844,Isabella Singh,isabella.singh@outlook.com,Consumer,Gold,18-03-2023
CUST-02203,Myra Jones,myra.jones865@example.com,Consumer,Bronze,14-01-2023
CUST-02045,Michael Kumar,michael.kumar171@example.com,Consumer,Silver,21-11-2024
CUST-00768,Ava Taylor,ava.taylor270@example.com,Consumer,Silver,22-01-2024
CUST-04302,Saanvi Miller,saanvi.miller172@gmail.com,Consumer,Bronze,31-08-2024
CUST-03246,William Johnson,william.johnson906@example.com,Consumer,Bronze,16-02-2024
CUST-00422,Aadhya Williams,aadhya.williams409@gmail.com,Corporate,Silver,02-07-2023
CUST-00124,Emma Patel,emma.patel471@example.com,Consumer,Silver,12-07-2024
CUST-03665,William Reddy,william.reddy483@example.com,Small Business,Gold,15-02-2023
CUST-02306,Reyansh Patel,reyansh.patel572@example.com,Consumer,Bronze,10-05-2024
CUST-00820,Isha Jones,isha.jones588@example.com,Small Business,Silver,27-04-2023
CUST-01404,Vihaan Jones,vihaan.jones979@example.com,Corporate,Bronze,29-08-2023
CUST-01383,Riya Brown,riya.brown917@example.com,Consumer,Gold,19-06-2024
CUST-02149,Vivaan Joshi,vivaan.joshi294@example.com,Consumer,Bronze,08-01-2024
CUST-01576,Aadhya Gupta,aadhya.gupta771@example.com,Small Business,Platinum,12-07-2023
CUST-01639,Riya Joshi,riya.joshi285@example.com,Consumer,Bronze,08-10-2024
CUST-01796,Isabella Anderson,isabella.anderson795@example.com,Consumer,Gold,01-03-2023
CUST-04480,Sophia Williams,sophia.williams665@example.com,Consumer,Bronze,01-12-2023
CUST-00400,Pari Verma,pari.verma205@example.com,Corporate,Bronze,14-03-2024
CUST-02311,Vivaan Mehta,vivaan.mehta461@gmail.com,Consumer,Silver,14-10-2023
CUST-03907,Vivaan Gupta,vivaan.gupta168@example.com,Small Business,Gold,23-01-2023
CUST-03419,Sophia Sharma,sophia.sharma855@example.com,Consumer,Bronze,02-05-2024
CUST-02530,Riya Miller,riya.miller@outlook.com,Corporate,Bronze,24-04-2023
CUST-01353,Myra Davis,myra.davis111@example.com,Small Business,Bronze,15-01-2024
CUST-02405,William Wilson,william.wilson678@example.com,Consumer,Bronze,23-09-2024
CUST-04236,Ayaan Jones,ayaan.jones447@example.com,Consumer,Gold,02-12-2024
CUST-02131,Myra Taylor,myra.taylor284@example.com,Consumer,,24-11-2024
CUST-00983,Ava Yadav,ava.yadav463@example.com,Consumer,Bronze,03-03-2024
CUST-00457,Sophia Joshi,sophia.joshi915@example.com,Consumer,Bronze,29-05-2023
CUST-03075,William Smith,william.smith874@example.com,Consumer,Silver,05-03-2023
CUST-03938,Sophia Kumar,sophia.kumar546@example.com,Consumer,Silver,27-01-2023
CUST-01951,Aanya Yadav,aanya.yadav197@example.com,Consumer,Silver,04-12-2024
CUST-03925,Saanvi Verma,saanvi.verma118@example.com,Corporate,Silver,22-07-2024
CUST-04228,Olivia Jones,olivia.jones562@example.com,Consumer,Bronze,31-12-2023
CUST-00642,Arjun Jones,unregistered@exmple.com,Consumer,Silver,04-12-2024
CUST-01954,Anika Gupta,anika.gupta906@example.com,Consumer,Silver,30-03-2023
CUST-03015,Vihaan Miller,vihaan.miller181@example.com,Small Business,Gold,21-02-2023
CUST-04029,John Sharma,john.sharma726@gmail.com,Consumer,Bronze,11-05-2024
CUST-04436,Anika Mehta,anika.mehta718@example.com,Corporate,Bronze,21-04-2023
CUST-02560,Michael Yadav,michael.yadav475@example.com,Consumer,None,20-12-2024
CUST-01885,Ananya Johnson,ananya.johnson560@example.com,Consumer,Silver,05-11-2024
CUST-00390,William Smith,william.smith931@example.com,Consumer,Silver,17-01-2024
CUST-03016,Riya Sharma,riya.sharma167@example.com,Consumer,Bronze,28-07-2023
CUST-04401,Aarav Joshi,aarav.joshi609@example.com,Consumer,None,18-05-2024
CUST-00846,Diya Wilson,diya.wilson967@example.com,Consumer,Silver,04-10-2024
CUST-00543,Anika Davis,anika.davis@outlook.com,Consumer,Silver,02-02-2024
CUST-00092,Saanvi Williams,saanvi.williams106@example.com,Consumer,Bronze,22-11-2023
CUST-03376,John Brown,john.brown605@example.com,Consumer,Silver,09-04-2024
CUST-02460,Vihaan Reddy,vihaan.reddy249@example.com,Corporate,Bronze,16-02-2023
CUST-03882,Saanvi Verma,saanvi.verma183@example.com,Corporate,Silver,08-09-2024
CUST-02660,Diya Mehta,diya.mehta439@example.com,Corporate,Platinum,05-08-2024
CUST-01677,Pari Reddy,pari.reddy490@example.com,Consumer,Silver,01-09-2023
CUST-01049,Pari Anderson,pari.anderson77@example.com,Consumer,Bronze,22-02-2023
CUST-01961,Aditya Jones,aditya.jones377@example.com,Small Business,Gold,02-08-2024
CUST-00238,James Wilson,james.wilson833@example.com,Consumer,Bronze,16-05-2024
CUST-02587,Ayaan Anderson,ayaan.anderson112@example.com,Small Business,Silver,30-08-2023
CUST-01134,Myra Davis,myra.davis868@example.com,Consumer,Silver,23-02-2024
CUST-01806,Michael Brown,michael.brown973@gmail.com,Corporate,Gold,09-11-2023
CUST-04152,Olivia Wilson,olivia.wilson80@example.com,Consumer,Gold,17-10-2023
CUST-00164,Aanya Yadav,aanya.yadav243@example.com,Corporate,Gold,10-01-2024
CUST-03042,Emma Wilson,emma.wilson699@example.com,Corporate,Bronze,30-10-2024
CUST-04387,Vivaan Patel,vivaan.patel412@example.com,Consumer,Bronze,01-07-2023
CUST-02999,Sai Mehta,sai.mehta256@example.com,Consumer,Silver,17-09-2023
CUST-03007,Michael Anderson,michael.anderson737@gmail.com,Consumer,Bronze,01-10-2024
CUST-02788,Vihaan Wilson,vihaan.wilson902@example.com,Corporate,Silver,13-12-2023
CUST-03160,Riya Davis,riya.davis786@gmail.com,Consumer,Bronze,20-05-2024
CUST-04073,Aadhya Yadav,aadhya.yadav829@example.com,Consumer,Silver,22-10-2024
CUST-01812,William Miller,william.miller114@example.com,Consumer,Bronze,02-11-2023
CUST-03691,Isha Verma,isha.verma674@example.com,Consumer,Bronze,21-08-2023
CUST-03958,James Williams,james.williams533@gmail.com,Consumer,Silver,11-09-2023
CUST-04212,Ananya Reddy,ananya.reddy973@example.com,Consumer,Bronze,01-01-2023
CUST-04290,Aarav Kumar,aarav.kumar@outlook.com,Consumer,Silver,30-07-2023
CUST-02955,Ananya Patel,ananya.patel362@example.com,Consumer,Gold,10-01-2023
CUST-04154,Aditya Taylor,aditya.taylor382@example.com,Consumer,,17-04-2024
CUST-04330,Myra Davis,myra.davis748@example.com,Consumer,Silver,04-06-2024
CUST-02466,Sophia Joshi,sophia.joshi786@example.com,Corporate,Bronze,02-07-2024
CUST-01453,Saanvi Williams,saanvi.williams773@example.com,Corporate,Bronze,24-06-2023
CUST-00594,Aditya Singh,aditya.singh900@example.com,Corporate,Bronze,09-10-2023
CUST-00042,Aadhya Brown,aadhya.brown65@example.com,Consumer,Gold,16-04-2023
CUST-00561,John Joshi,john.joshi558@example.com,Consumer,Bronze,05-05-2023
CUST-03835,Vihaan Brown,vihaan.brown884@example.com,Consumer,Silver,06-03-2023
CUST-02654,Isabella Jones,isabella.jones424@example.com,Consumer,Bronze,07-11-2024
CUST-00244,Aarav Brown,aarav.brown577@example.com,Corporate,Silver,11-11-2023
CUST-01340,Aanya Williams,aanya.williams556@example.com,Consumer,Bronze,01-08-2024
CUST-03808,Riya Wilson,riya.wilson749@example.com,Consumer,,26-07-2024
CUST-03018,Michael Johnson,michael.johnson884@example.com,Consumer,Bronze,28-03-2024
CUST-03296,Reyansh Taylor,reyansh.taylor884@example.com,Consumer,Bronze,05-10-2023
CUST-01443,Aanya Gupta,aanya.gupta636@example.com,Small Business,Bronze,14-04-2023
CUST-00262,Vivaan Verma,vivaan.verma709@example.com,Consumer,Bronze,18-08-2023
CUST-03245,Krishna Davis,krishna.davis855@example.com,Corporate,Bronze,16-11-2023
CUST-01690,Isabella Reddy,isabella.reddy537@example.com,Consumer,Silver,01-01-2024
CUST-01726,Ishaan Gupta,ishaan.gupta859@example.com,Corporate,None,23-08-2024
CUST-03528,Aditya Anderson,aditya.anderson199@example.com,Consumer,Silver,08-12-2024
CUST-00835,William Johnson,william.johnson712@example.com,Consumer,Bronze,10-09-2024
CUST-01867,Aarav Gupta,aarav.gupta515@example.com,Consumer,Bronze,16-03-2023
CUST-02011,Ananya Singh,ananya.singh839@example.com,Consumer,Silver,23-08-2023
CUST-00341,Olivia Gupta,olivia.gupta115@example.com,Corporate,Bronze,24-03-2024
CUST-01602,Olivia Wilson,olivia.wilson847@example.com,Consumer,Silver,08-10-2023
CUST-03036,Riya Singh,riya.singh816@example.com,Consumer,Silver,07-10-2023
CUST-04372,Aditya Mehta,aditya.mehta931@example.com,Consumer,Gold,31-01-2024
CUST-00481,John Sharma,john.sharma162@gmail.com,Consumer,Silver,23-04-2023
CUST-03385,Riya Patel,riya.patel701@example.com,Consumer,Bronze,26-06-2023
CUST-04319,Aanya Patel,aanya.patel210@example.com,Consumer,Silver,17-03-2024
CUST-03356,Sai Sharma,sai.sharma509@example.com,Consumer,Silver,26-07-2023
CUST-03465,Sai Williams,sai.williams75@example.com,Consumer,Gold,27-06-2023
CUST-01767,Aarav Brown,aarav.brown551@example.com,Consumer,Gold,28-04-2023
CUST-04166,Ava Miller,ava.miller603@example.com,Consumer,Silver,11-02-2023
CUST-02513,Pari Smith,pari.smith835@gmail.com,Consumer,Silver,29-06-2023
CUST-03442,Ayaan Davis,ayaan.davis196@example.com,Consumer,Platinum,08-09-2023
CUST-04332,William Williams,william.williams150@example.com,Small Business,Silver,04-09-2023
CUST-04355,Emma Singh,emma.singh793@example.com,Consumer,Bronze,16-05-2023
CUST-03196,Ananya Joshi,ananya.joshi264@example.com,Consumer,Bronze,18-12-2024
CUST-01272,Robert Patel,robert.patel565@example.com,Consumer,Bronze,09-12-2023
CUST-02686,James Jones,james.jones184@example.com,Small Business,Bronze,21-09-2024
CUST-04191,Michael Miller,michael.miller146@example.com,Small Business,Bronze,26-05-2023
CUST-02700,Olivia Johnson,olivia.johnson772@gmail.com,Consumer,Bronze,17-01-2023
CUST-00348,Ayaan Williams,ayaan.williams471@example.com,Consumer,Silver,02-04-2024
CUST-03897,Sai Singh,sai.singh151@example.com,Corporate,Silver,23-04-2024
CUST-04305,Riya Wilson,riya.wilson434@example.com,Corporate,Bronze,01-03-2023
CUST-04275,Arjun Williams,arjun.williams448@example.com,Small Business,Gold,12-06-2024
CUST-01424,Michael Joshi,michael.joshi74@example.com,Consumer,Gold,22-07-2024
CUST-00657,Ava Yadav,ava.yadav971@example.com,Consumer,Gold,29-01-2023
CUST-02103,Saanvi Patel,saanvi.patel796@gmail.com,Consumer,Bronze,21-10-2024
CUST-00633,Isabella Anderson,isabella.anderson87@example.com,Consumer,None,17-11-2023
CUST-02799,Diya Jones,diya.jones958@example.com,Small Business,Silver,05-12-2023
CUST-04435,Diya Smith,diya.smith377@example.com,Small Business,Silver,13-05-2023
CUST-02881,Sai Joshi,sai.joshi986@example.com,Small Business,Bronze,12-01-2023
CUST-02701,Reyansh Reddy,reyansh.reddy313@example.com,Consumer,Bronze,06-03-2023
CUST-03127,Diya Verma,diya.verma172@example.com,Consumer,Silver,27-09-2023
CUST-01466,Ayaan Reddy,ayaan.reddy610@example.com,Consumer,Bronze,05-05-2024
CUST-02477,Vivaan Joshi,vivaan.joshi344@example.com,Corporate,Gold,14-11-2023
CUST-00116,Diya Yadav,diya.yadav621@example.com,Small Business,Gold,18-04-2023
CUST-01822,Reyansh Williams,reyansh.williams@outlook.com,Small Business,Bronze,16-04-2023
CUST-01495,Arjun Mehta,arjun.mehta461@example.com,Small Business,Bronze,03-12-2023
CUST-02402,Saanvi Anderson,saanvi.anderson517@example.com,Consumer,Bronze,20-11-2024
CUST-01233,William Jones,william.jones580@example.com,Consumer,Bronze,28-10-2023
CUST-02953,Olivia Yadav,olivia.yadav@outlook.com,Consumer,Platinum,02-02-2024
CUST-01154,William Reddy,william.reddy907@example.com,Consumer,Silver,10-06-2023
CUST-03338,William Taylor,william.taylor674@example.com,Consumer,Bronze,19-06-2023
CUST-00058,Ananya Williams,ananya.williams232@example.com,Consumer,Silver,19-05-2023
CUST-03327,Saanvi Wilson,saanvi.wilson627@example.com,Consumer,Bronze,31-12-2023
CUST-03872,Saanvi Johnson,saanvi.johnson227@example.com,Consumer,Bronze,10-05-2024
CUST-01168,Robert Taylor,robert.taylor186@example.com,Small Business,Gold,22-11-2024
CUST-01736,Aanya Wilson,aanya.wilson340@example.com,Consumer,Silver,20-03-2024
CUST-02197,Vihaan Singh,vihaan.singh650@example.com,Consumer,Bronze,14-04-2023
CUST-03094,William Reddy,william.reddy176@example.com,Consumer,Bronze,06-06-2024
CUST-03727,Reyansh Singh,reyansh.singh347@example.com,Small Business,,24-06-2024
CUST-03587,Arjun Taylor,arjun.taylor171@example.com,Small Business,Bronze,17-03-2023
CUST-00708,Aarav Miller,aarav.miller948@example.com,Consumer,Gold,21-01-2023
CUST-01094,Aditya Singh,aditya.singh341@example.com,Small Business,Silver,13-11-2023
CUST-04005,Anika Joshi,anika.joshi470@example.com,Consumer,Gold,23-04-2023
CUST-01377,William Verma,william.verma572@gmail.com,Small Business,Silver,03-08-2024
CUST-00073,Ananya Kumar,ananya.kumar67@example.com,Consumer,Gold,16-10-2024
CUST-01923,Pari Anderson,pari.anderson269@gmail.com,Consumer,Gold,20-03-2024
CUST-02765,Pari Johnson,pari.johnson647@example.com,Consumer,Bronze,07-11-2023
CUST-01765,Ayaan Miller,ayaan.miller866@example.com,Consumer,Silver,13-11-2023
CUST-00744,Ayaan Johnson,ayaan.johnson391@example.com,Small Business,Silver,04-01-2023
CUST-03241,Olivia Mehta,olivia.mehta900@example.com,Consumer,Bronze,18-12-2024
CUST-01006,Aarav Joshi,aarav.joshi575@example.com,Consumer,Gold,26-08-2024
CUST-01191,Aditya Kumar,aditya.kumar179@example.com,Small Business,Bronze,20-05-2023
CUST-02779,Aadhya Davis,aadhya.davis832@example.com,Consumer,Silver,01-12-2023
CUST-01126,Anika Williams,anika.williams58@example.com,Consumer,Gold,18-12-2024
CUST-01242,John Joshi,john.joshi795@example.com,Consumer,Silver,09-09-2023
CUST-02489,Aarav Williams,unregistered@exmple.com,Consumer,Silver,06-04-2024
CUST-03608,Aarav Taylor,aarav.taylor374@example.com,Consumer,Silver,13-10-2024
CUST-02998,Vihaan Smith,vihaan.smith40@example.com,Consumer,Bronze,17-01-2023
CUST-00999,Isabella Miller,isabella.miller372@example.com,Consumer,Platinum,08-12-2024
CUST-01578,Sai Miller,unregistered@exmple.com,Small Business,Silver,26-08-2024
CUST-04456,Emma Patel,emma.patel674@example.com,Consumer,Gold,21-01-2024
CUST-01827,Anika Brown,anika.brown326@example.com,Corporate,Bronze,21-08-2024
CUST-03316,Ananya Patel,ananya.patel446@example.com,Consumer,Silver,12-07-2024
CUST-03454,Saanvi Reddy,saanvi.reddy735@example.com,Corporate,Bronze,03-04-2023
CUST-00441,Saanvi Gupta,saanvi.gupta198@example.com,Consumer,Silver,18-07-2024
CUST-01101,Ayaan Yadav,ayaan.yadav998@example.com,Consumer,Silver,15-07-2024
CUST-03613,Ayaan Mehta,ayaan.mehta326@example.com,Consumer,Gold,04-08-2023
CUST-00650,Ishaan Johnson,ishaan.johnson@outlook.com,Consumer,Bronze,17-07-2023
CUST-01547,Sophia Singh,sophia.singh925@example.com,Small Business,Silver,01-08-2023
CUST-03082,Michael Brown,michael.brown827@example.com,Corporate,Silver,07-02-2023
CUST-02776,Aarav Taylor,aarav.taylor251@example.com,Consumer,Platinum,24-11-2023
CUST-00631,Sophia Williams,sophia.williams825@example.com,Consumer,Bronze,07-03-2023
CUST-00673,Olivia Miller,olivia.miller757@example.com,Corporate,Bronze,30-07-2023
CUST-01250,Pari Mehta,pari.mehta38@example.com,Consumer,Bronze,22-03-2024
CUST-00483,William Gupta,william.gupta250@gmail.com,Consumer,Silver,13-06-2023
CUST-01585,Ananya Yadav,ananya.yadav32@example.com,Corporate,Bronze,09-04-2023
CUST-04309,Aditya Patel,aditya.patel435@example.com,Consumer,Bronze,22-06-2024
CUST-02652,Aanya Williams,aanya.williams134@example.com,Corporate,Silver,14-02-2023
CUST-01463,Krishna Mehta,krishna.mehta849@example.com,Consumer,Bronze,02-11-2023
CUST-03413,Saanvi Jones,saanvi.jones@outlook.com,Corporate,Bronze,22-03-2024
CUST-03149,Aanya Joshi,aanya.joshi590@example.com,Small Business,Bronze,16-02-2024
CUST-00050,Michael Sharma,michael.sharma853@example.com,Consumer,Platinum,14-09-2023
CUST-03874,Arjun Anderson,arjun.anderson607@example.com,Consumer,Gold,14-05-2024
CUST-02666,Ava Wilson,ava.wilson440@example.com,Small Business,Silver,28-02-2023
CUST-00859,Isha Williams,isha.williams192@example.com,Consumer,Bronze,30-05-2024
CUST-01073,Isabella Wilson,isabella.wilson38@example.com,Consumer,Gold,04-04-2023
CUST-00720,Myra Reddy,myra.reddy660@example.com,Consumer,Silver,22-10-2023
CUST-02752,Saanvi Kumar,unregistered@exmple.com,Consumer,Bronze,12-09-2024
CUST-01661,Saanvi Kumar,saanvi.kumar287@example.com,Consumer,Bronze,28-05-2024
CUST-01657,Aarav Singh,aarav.singh514@example.com,Small Business,Bronze,06-06-2023
CUST-02426,William Taylor,william.taylor993@example.com,Consumer,Bronze,07-09-2023
CUST-04254,Robert Miller,robert.miller911@example.com,Consumer,Bronze,16-08-2023
CUST-03765,William Miller,unregistered@exmple.com,Consumer,Silver,08-11-2024
CUST-02883,Michael Wilson,michael.wilson187@example.com,Consumer,Bronze,19-01-2023
CUST-04169,Ishaan Mehta,ishaan.mehta@outlook.com,Consumer,Bronze,13-04-2024
CUST-04423,Emma Williams,emma.williams909@gmail.com,Consumer,Bronze,16-05-2023
CUST-03604,Arjun Anderson,arjun.anderson615@example.com,Consumer,Gold,17-10-2023
CUST-01386,Diya Smith,diya.smith797@example.com,Corporate,Bronze,10-11-2023
CUST-03617,Anika Davis,anika.davis895@example.com,Consumer,Bronze,13-08-2024
CUST-01400,Vivaan Williams,vivaan.williams118@example.com,Consumer,None,25-05-2024
CUST-01196,Sai Verma,sai.verma280@example.com,Consumer,Bronze,16-10-2024
CUST-01409,Ava Davis,ava.davis291@example.com,Consumer,Silver,08-08-2023
CUST-03318,John Reddy,john.reddy276@example.com,Corporate,Silver,27-01-2024
CUST-01799,Diya Verma,diya.verma940@example.com,Consumer,Bronze,07-04-2023
CUST-01476,Ayaan Smith,ayaan.smith750@example.com,Corporate,Bronze,13-09-2024
CUST-02800,Aditya Sharma,aditya.sharma407@example.com,Corporate,Gold,25-01-2024
CUST-00036,Sai Brown,sai.brown754@example.com,Consumer,Bronze,08-08-2023
CUST-03084,Anika Davis,anika.davis@outlook.com,Consumer,Platinum,03-08-2023
CUST-02346,Saanvi Miller,saanvi.miller90@example.com,Corporate,Bronze,16-10-2024
CUST-03828,Reyansh Miller,reyansh.miller368@example.com,Small Business,Bronze,18-11-2024
CUST-02360,Krishna Singh,unregistered@exmple.com,Consumer,Silver,29-07-2023
CUST-02207,Michael Brown,michael.brown573@example.com,Consumer,Bronze,07-12-2024
CUST-03271,John Patel,john.patel662@example.com,Corporate,Gold,16-10-2023
CUST-01287,Aarav Miller,aarav.miller383@example.com,Corporate,Bronze,18-10-2024
CUST-00350,Emma Taylor,emma.taylor729@gmail.com,Consumer,Bronze,14-04-2024
CUST-03780,Ava Kumar,ava.kumar410@gmail.com,Consumer,Silver,04-09-2023
CUST-02726,Reyansh Smith,reyansh.smith798@example.com,Consumer,None,08-07-2023
CUST-01682,Ava Williams,ava.williams828@example.com,Small Business,Bronze,23-09-2023
CUST-01444,William Davis,william.davis354@example.com,Consumer,Silver,27-06-2023
CUST-01672,Robert Kumar,robert.kumar565@example.com,Small Business,Bronze,19-10-2024
CUST-02577,William Gupta,william.gupta483@example.com,Consumer,Silver,04-12-2024
CUST-01180,Ava Taylor,ava.taylor513@gmail.com,Corporate,Silver,28-02-2024
CUST-03671,Diya Gupta,diya.gupta282@example.com,Consumer,Bronze,10-06-2024
CUST-00373,Michael Reddy,michael.reddy383@example.com,Consumer,Bronze,16-09-2023
CUST-03139,Aadhya Joshi,aadhya.joshi759@example.com,Consumer,Platinum,28-06-2023
CUST-01917,Aanya Williams,aanya.williams682@example.com,Consumer,Gold,24-07-2023
CUST-01358,Sophia Wilson,sophia.wilson871@example.com,Consumer,Silver,08-01-2023
CUST-01826,Diya Brown,diya.brown371@example.com,Consumer,Platinum,14-08-2023
CUST-00787,Riya Patel,riya.patel989@example.com,Small Business,Silver,10-04-2024
CUST-00470,William Williams,william.williams446@example.com,Consumer,None,09-03-2023
CUST-00141,Arjun Yadav,arjun.yadav212@example.com,Corporate,Silver,24-07-2024
CUST-00789,Ava Reddy,ava.reddy869@example.com,Corporate,Silver,04-12-2024
CUST-00324,William Jones,william.jones697@example.com,Consumer,Bronze,29-02-2024
CUST-03581,Emma Reddy,emma.reddy304@example.com,Consumer,Platinum,16-12-2024
CUST-00715,Pari Singh,pari.singh774@example.com,Consumer,Bronze,16-11-2024
CUST-04179,Arjun Reddy,arjun.reddy291@example.com,Consumer,Bronze,14-09-2024
CUST-02447,Ishaan Anderson,unregistered@exmple.com,Consumer,,22-10-2024
CUST-04478,Anika Reddy,anika.reddy78@example.com,Corporate,Bronze,01-12-2023
CUST-04117,Aarav Gupta,aarav.gupta365@example.com,Consumer,Bronze,05-12-2023
CUST-04280,Saanvi Smith,saanvi.smith676@example.com,Consumer,Silver,04-10-2023
CUST-02630,Sophia Anderson,sophia.anderson434@example.com,Corporate,Gold,22-09-2024
CUST-00407,Myra Anderson,myra.anderson349@example.com,Consumer,Gold,16-10-2024
CUST-02926,Aarav Taylor,aarav.taylor530@example.com,Consumer,Bronze,27-04-2024
CUST-01005,Emma Williams,emma.williams361@example.com,Consumer,Bronze,30-07-2024
CUST-02621,Olivia Williams,olivia.williams83@example.com,Small Business,Silver,21-01-2024
CUST-00891,Diya Gupta,diya.gupta206@example.com,Consumer,Silver,01-06-2023
CUST-02412,Saanvi Yadav,saanvi.yadav27@example.com,Consumer,Bronze,19-07-2023
CUST-02546,Robert Reddy,robert.reddy953@example.com,Consumer,Silver,03-01-2024
CUST-02992,Michael Gupta,michael.gupta688@example.com,Consumer,Gold,21-01-2024
CUST-02391,Krishna Brown,krishna.brown884@example.com,Consumer,Platinum,26-06-2023
CUST-03455,Riya Davis,riya.davis588@example.com,Corporate,Bronze,21-11-2024
CUST-03789,Arjun Joshi,arjun.joshi151@example.com,Consumer,Bronze,29-09-2024
CUST-00304,Sai Johnson,sai.johnson518@example.com,Consumer,Gold,13-02-2023
CUST-04202,Ava Mehta,ava.mehta124@example.com,Consumer,Bronze,26-03-2024
CUST-03254,Pari Anderson,pari.anderson376@example.com,Corporate,Bronze,11-06-2023
CUST-00665,William Miller,unregistered@exmple.com,Consumer,Gold,08-05-2023
CUST-01178,Arjun Reddy,arjun.reddy672@example.com,Consumer,Bronze,15-05-2024
CUST-01948,Emma Reddy,emma.reddy166@example.com,Consumer,Bronze,08-10-2024
CUST-02502,Sai Davis,sai.davis681@example.com,Corporate,Bronze,15-04-2024
CUST-03998,James Gupta,james.gupta253@example.com,Consumer,Silver,30-01-2024
CUST-03067,Aanya Williams,aanya.williams@outlook.com,Small Business,,07-01-2023
CUST-02133,Sai Gupta,sai.gupta636@example.com,Consumer,Platinum,21-03-2024
CUST-03905,Vihaan Taylor,vihaan.taylor318@example.com,Corporate,Platinum,14-02-2024
CUST-00962,William Joshi,william.joshi712@example.com,Consumer,Bronze,19-02-2024
CUST-02010,Ayaan Smith,ayaan.smith@outlook.com,Corporate,Bronze,19-07-2023
CUST-02150,Myra Williams,myra.williams984@example.com,Consumer,Bronze,08-03-2024
CUST-02894,Aanya Patel,aanya.patel187@example.com,Consumer,Gold,29-12-2023
CUST-02339,Pari Miller,pari.miller120@example.com,Small Business,Bronze,06-08-2023
CUST-04049,Sophia Sharma,sophia.sharma42@example.com,Consumer,Bronze,21-01-2023
CUST-00305,Sai Taylor,sai.taylor818@example.com,Consumer,Silver,29-01-2023
CUST-01441,Krishna Davis,krishna.davis43@example.com,Consumer,Silver,25-05-2023
CUST-01497,Vihaan Reddy,vihaan.reddy248@example.com,Small Business,Gold,27-06-2023
CUST-00917,Aadhya Patel,aadhya.patel403@gmail.com,Consumer,Bronze,20-11-2023
CUST-03693,Vihaan Williams,vihaan.williams@outlook.com,Corporate,Silver,13-05-2023
CUST-03233,Aditya Gupta,aditya.gupta169@example.com,Corporate,Bronze,03-11-2023
CUST-01625,Vihaan Verma,vihaan.verma676@example.com,Consumer,Bronze,04-09-2023
CUST-04383,Robert Wilson,robert.wilson251@example.com,Consumer,Bronze,08-11-2023
CUST-00822,Krishna Brown,krishna.brown565@example.com,Consumer,Gold,16-01-2024
CUST-02875,Krishna Joshi,krishna.joshi284@example.com,Consumer,Bronze,04-09-2024
CUST-01355,Reyansh Joshi,reyansh.joshi90@example.com,Consumer,Gold,11-05-2024
CUST-04187,Aanya Reddy,aanya.reddy210@example.com,Small Business,Silver,17-07-2023
CUST-01001,Sai Singh,sai.singh596@example.com,Corporate,Silver,21-04-2023
CUST-02940,Emma Johnson,emma.johnson415@example.com,Small Business,Gold,09-05-2023
CUST-00019,Sophia Mehta,sophia.mehta475@example.com,Consumer,Gold,09-09-2023
CUST-01638,Saanvi Jones,saanvi.jones584@example.com,Small Business,Bronze,12-06-2023
CUST-01668,Saanvi Reddy,saanvi.reddy184@example.com,Corporate,Platinum,07-02-2024
CUST-00494,Aditya Kumar,aditya.kumar191@example.com,Corporate,Bronze,09-07-2024
CUST-04044,Vihaan Williams,vihaan.williams278@gmail.com,Consumer,Bronze,01-11-2023
CUST-03238,Isha Sharma,isha.sharma179@example.com,Consumer,Bronze,23-02-2023
CUST-00688,Aarav Williams,aarav.williams604@example.com,Corporate,Bronze,23-09-2024
CUST-03240,Riya Singh,riya.singh932@example.com,Small Business,Bronze,15-08-2023
CUST-01609,Michael Sharma,michael.sharma89@example.com,Corporate,Platinum,06-05-2023
CUST-03548,Vihaan Reddy,vihaan.reddy97@example.com,Corporate,Platinum,23-07-2023
CUST-02961,Ishaan Johnson,ishaan.johnson212@example.com,Consumer,Bronze,17-12-2023
CUST-01010,Isha Kumar,isha.kumar221@example.com,Consumer,Silver,08-12-2024
CUST-02409,Ayaan Johnson,ayaan.johnson207@example.com,Consumer,Silver,18-12-2024
CUST-01093,Reyansh Davis,reyansh.davis911@example.com,Consumer,Gold,09-08-2023
CUST-01328,Aanya Gupta,aanya.gupta57@example.com,Corporate,Bronze,26-07-2024
CUST-01678,Arjun Wilson,arjun.wilson669@example.com,Consumer,Bronze,14-05-2023
CUST-02000,Saanvi Davis,saanvi.davis245@example.com,Corporate,Silver,29-01-2024
CUST-01311,Arjun Verma,arjun.verma379@example.com,Consumer,Bronze,20-06-2024
CUST-01988,Riya Mehta,riya.mehta752@example.com,Consumer,Silver,19-03-2023
CUST-03173,Ananya Wilson,ananya.wilson858@example.com,Corporate,Gold,21-03-2024
CUST-00345,Pari Sharma,pari.sharma819@example.com,Corporate,Gold,15-11-2024
CUST-03589,Aanya Patel,aanya.patel905@example.com,Consumer,Bronze,10-04-2023
CUST-00987,Isabella Verma,isabella.verma619@example.com,Small Business,Silver,10-11-2024
CUST-03340,Diya Smith,diya.smith957@example.com,Small Business,Silver,06-10-2023
CUST-04032,Sai Jones,sai.jones949@gmail.com,Corporate,Silver,30-03-2024
CUST-03474,Michael Joshi,michael.joshi379@example.com,Consumer,Bronze,21-08-2023
CUST-02697,Vihaan Singh,vihaan.singh905@example.com,Consumer,Bronze,18-07-2023
CUST-02644,Anika Johnson,anika.johnson744@example.com,Consumer,Silver,06-11-2024
CUST-01143,Michael Smith,michael.smith709@example.com,Consumer,Bronze,26-01-2023
CUST-02359,Aanya Wilson,aanya.wilson493@example.com,Consumer,Gold,03-09-2024
CUST-01199,James Yadav,james.yadav@outlook.com,Consumer,Bronze,04-02-2023
CUST-00086,Aadhya Davis,aadhya.davis957@example.com,Small Business,Silver,14-10-2023
CUST-01519,Arjun Jones,arjun.jones990@example.com,Consumer,Silver,30-06-2023
CUST-03650,Myra Mehta,myra.mehta913@example.com,Consumer,Bronze,06-10-2024
CUST-01382,Aanya Joshi,aanya.joshi506@example.com,Corporate,Bronze,07-10-2024
CUST-03991,Emma Taylor,emma.taylor992@example.com,Consumer,Platinum,02-06-2023
CUST-01015,James Brown,james.brown751@example.com,Consumer,Bronze,27-01-2024
CUST-00129,Isabella Singh,isabella.singh413@example.com,Consumer,Silver,06-02-2023
CUST-01365,Ananya Jones,ananya.jones87@example.com,Consumer,,03-10-2024
CUST-03151,Aditya Jones,unregistered@exmple.com,Consumer,Silver,01-04-2024
CUST-04093,Krishna Singh,krishna.singh571@example.com,Consumer,,25-06-2023
CUST-00892,Aadhya Verma,aadhya.verma260@example.com,Consumer,Bronze,30-01-2024
CUST-03738,Olivia Joshi,olivia.joshi682@example.com,Corporate,Silver,05-10-2023
CUST-01360,John Gupta,john.gupta763@gmail.com,Corporate,Platinum,09-08-2024
CUST-00308,Diya Taylor,diya.taylor323@example.com,Consumer,Silver,05-12-2023
CUST-01662,Aarav Davis,aarav.davis492@example.com,Consumer,Gold,01-09-2023
CUST-02432,Ishaan Gupta,ishaan.gupta443@example.com,Consumer,Silver,17-03-2023
CUST-03416,Riya Mehta,riya.mehta654@example.com,Consumer,Silver,06-07-2023
CUST-01318,John Williams,john.williams298@example.com,Consumer,Bronze,18-07-2024
CUST-03903,Pari Wilson,pari.wilson736@example.com,Consumer,Silver,10-09-2024
CUST-02475,Michael Singh,michael.singh592@example.com,Consumer,Bronze,31-07-2024
CUST-02543,Isha Taylor,isha.taylor780@example.com,Corporate,Silver,17-12-2023
CUST-03818,Michael Smith,michael.smith59@gmail.com,Consumer,Bronze,03-12-2023
CUST-01209,Aadhya Anderson,aadhya.anderson707@example.com,Consumer,Bronze,07-06-2024
CUST-00217,Isha Smith,unregistered@exmple.com,Corporate,Bronze,11-10-2023
CUST-03881,Isha Mehta,isha.mehta@outlook.com,Consumer,Bronze,24-11-2023
CUST-01240,Myra Joshi,myra.joshi193@gmail.com,Consumer,Platinum,24-09-2023
CUST-02290,Ava Smith,ava.smith701@example.com,Consumer,Silver,12-09-2024
CUST-00276,Ishaan Miller,ishaan.miller990@example.com,Corporate,Bronze,09-05-2023
CUST-00490,Ishaan Kumar,ishaan.kumar347@example.com,Consumer,Bronze,29-04-2024
CUST-01036,Diya Reddy,diya.reddy550@example.com,Corporate,Silver,26-10-2023
CUST-01230,Vivaan Johnson,vivaan.johnson549@example.com,Consumer,None,07-05-2023
CUST-01009,Reyansh Gupta,reyansh.gupta579@example.com,Consumer,Platinum,22-04-2023
CUST-03525,Aanya Anderson,aanya.anderson659@example.com,Corporate,Platinum,13-01-2023
CUST-02773,Vihaan Jones,vihaan.jones833@example.com,Corporate,Bronze,26-05-2024
CUST-02533,Reyansh Anderson,reyansh.anderson381@example.com,Consumer,Bronze,05-09-2023
CUST-03681,James Taylor,unregistered@exmple.com,Consumer,Bronze,06-10-2024
CUST-01059,Olivia Patel,olivia.patel417@example.com,Consumer,Bronze,16-03-2024
CUST-02167,Sophia Sharma,sophia.sharma935@example.com,Consumer,Silver,16-02-2023
CUST-00282,Vihaan Miller,unregistered@exmple.com,Consumer,Gold,31-05-2024
CUST-04419,Diya Yadav,diya.yadav117@example.com,Consumer,Gold,18-02-2024
CUST-01317,Isha Smith,isha.smith522@example.com,Consumer,Platinum,04-06-2023
CUST-03150,Aadhya Reddy,aadhya.reddy901@example.com,Corporate,Bronze,13-03-2024
CUST-00969,Arjun Sharma,arjun.sharma438@example.com,Consumer,Bronze,12-06-2023
CUST-02727,Ayaan Patel,ayaan.patel514@example.com,Consumer,Silver,09-12-2023
CUST-03404,Krishna Joshi,krishna.joshi580@example.com,Consumer,Bronze,13-08-2024
CUST-02759,Aditya Anderson,aditya.anderson103@example.com,Small Business,Bronze,08-10-2023
CUST-00620,Isha Miller,isha.miller590@example.com,Small Business,Silver,01-10-2024
CUST-02816,Pari Reddy,pari.reddy106@example.com,Consumer,Platinum,29-10-2023
CUST-01743,Aadhya Mehta,aadhya.mehta590@example.com,Consumer,Bronze,27-02-2024
CUST-01391,Reyansh Yadav,reyansh.yadav745@example.com,Consumer,Silver,03-04-2024
CUST-03832,Vivaan Anderson,vivaan.anderson337@example.com,Consumer,Silver,20-04-2024
CUST-01848,Emma Brown,emma.brown83@example.com,Consumer,Bronze,25-09-2023
CUST-01580,Sai Wilson,sai.wilson447@example.com,Small Business,Silver,12-01-2023
CUST-01656,Vivaan Williams,vivaan.williams204@example.com,Consumer,,15-02-2023
CUST-02353,Sophia Taylor,sophia.taylor800@example.com,Consumer,Bronze,22-05-2024
CUST-02213,Sophia Miller,unregistered@exmple.com,Consumer,Gold,15-03-2023
CUST-02021,Sai Anderson,sai.anderson534@example.com,Corporate,Gold,03-07-2023
CUST-01957,Krishna Patel,krishna.patel945@example.com,Consumer,Silver,27-01-2023
CUST-01308,Ishaan Singh,ishaan.singh421@example.com,Consumer,Bronze,13-09-2023
CUST-02004,Ayaan Davis,ayaan.davis330@example.com,Consumer,Silver,16-06-2024
CUST-00576,Ananya Kumar,ananya.kumar240@example.com,Corporate,Bronze,23-05-2024
CUST-03551,Myra Miller,myra.miller666@example.com,Consumer,Bronze,14-02-2024
CUST-03730,Reyansh Verma,reyansh.verma688@example.com,Consumer,Gold,30-09-2023
CUST-01707,Diya Miller,diya.miller320@example.com,Corporate,Silver,23-06-2024
CUST-03250,Aadhya Brown,aadhya.brown393@example.com,Consumer,Silver,20-08-2024
CUST-03023,Emma Sharma,emma.sharma474@example.com,Consumer,Bronze,28-11-2024
CUST-03929,Ava Gupta,unregistered@exmple.com,Corporate,Gold,30-09-2023
CUST-00862,Aarav Gupta,aarav.gupta870@example.com,Consumer,Bronze,18-09-2024
CUST-01802,Krishna Gupta,krishna.gupta677@example.com,Consumer,Silver,02-05-2024
CUST-01629,Ava Taylor,ava.taylor322@example.com,Corporate,Silver,16-09-2024
CUST-01994,Emma Mehta,emma.mehta734@example.com,Consumer,Bronze,11-03-2024
CUST-02640,Diya Smith,diya.smith385@example.com,Consumer,Bronze,10-12-2023
CUST-00270,Olivia Johnson,olivia.johnson550@example.com,Small Business,Silver,27-07-2023
CUST-00630,Saanvi Joshi,saanvi.joshi99@example.com,Corporate,Silver,07-10-2023
CUST-02335,Aarav Sharma,aarav.sharma676@example.com,Small Business,Platinum,14-10-2023
CUST-00301,Ananya Williams,ananya.williams735@example.com,Consumer,Gold,19-01-2024
CUST-00460,Pari Patel,pari.patel@outlook.com,Small Business,Bronze,25-10-2023
CUST-01448,Olivia Sharma,olivia.sharma778@example.com,Small Business,Gold,15-07-2024
CUST-01473,Reyansh Wilson,reyansh.wilson831@gmail.com,Consumer,Bronze,27-02-2023
CUST-02047,Michael Anderson,michael.anderson682@example.com,Consumer,Platinum,15-06-2023
CUST-00537,John Sharma,john.sharma697@example.com,Corporate,Gold,14-04-2024
CUST-03269,Ananya Taylor,ananya.taylor886@example.com,Consumer,Bronze,02-06-2023
CUST-02114,Krishna Patel,krishna.patel816@example.com,Consumer,Silver,21-02-2024
CUST-03916,Aditya Mehta,aditya.mehta365@example.com,Consumer,Bronze,27-04-2023
CUST-03330,Arjun Miller,arjun.miller725@example.com,Consumer,Bronze,07-04-2024
CUST-00838,Vihaan Williams,vihaan.williams946@example.com,Consumer,Gold,16-05-2023
CUST-03320,John Sharma,john.sharma182@example.com,Corporate,Bronze,20-03-2023
CUST-02009,Aarav Patel,aarav.patel571@example.com,Corporate,Silver,01-01-2024
CUST-00504,Aadhya Anderson,aadhya.anderson839@example.com,Small Business,Bronze,01-06-2023
CUST-03672,William Wilson,william.wilson@outlook.com,Consumer,Silver,22-03-2023
CUST-00381,Arjun Davis,arjun.davis676@example.com,Consumer,Bronze,30-08-2024
CUST-04129,Isabella Johnson,isabella.johnson880@example.com,Consumer,Silver,21-04-2023
CUST-01526,Reyansh Mehta,reyansh.mehta70@example.com,Consumer,Bronze,30-01-2023
CUST-03740,Krishna Singh,krishna.singh870@example.com,Consumer,Silver,17-12-2023
CUST-04148,Ava Mehta,ava.mehta680@example.com,Small Business,Silver,06-08-2024
CUST-02341,Robert Miller,robert.miller156@example.com,Consumer,Platinum,14-07-2024
CUST-00375,Robert Brown,robert.brown202@example.com,Corporate,Bronze,18-06-2023
CUST-02837,John Yadav,john.yadav250@example.com,Consumer,Gold,06-11-2023
CUST-02382,Pari Verma,unregistered@exmple.com,Consumer,Silver,17-05-2023
CUST-03910,William Williams,william.williams857@gmail.com,Consumer,Bronze,31-08-2023
CUST-00940,Ishaan Kumar,ishaan.kumar372@example.com,Small Business,Bronze,25-08-2023
CUST-03339,James Brown,james.brown441@gmail.com,Consumer,Platinum,26-12-2023
CUST-03668,Saanvi Johnson,saanvi.johnson@outlook.com,Consumer,Bronze,31-12-2023
CUST-02148,Ishaan Brown,ishaan.brown435@example.com,Consumer,Silver,19-04-2023
CUST-03313,John Reddy,john.reddy796@example.com,Consumer,Gold,15-12-2024
CUST-02069,Vivaan Johnson,vivaan.johnson127@example.com,Consumer,Silver,29-08-2024
CUST-00530,Emma Anderson,emma.anderson259@example.com,Consumer,Gold,16-04-2024
CUST-03239,James Johnson,james.johnson871@example.com,Corporate,Bronze,26-09-2023
CUST-00637,Vivaan Gupta,vivaan.gupta764@example.com,Consumer,Silver,14-05-2024
CUST-01270,Vivaan Mehta,vivaan.mehta972@example.com,Consumer,Bronze,21-04-2024
CUST-00186,Michael Joshi,michael.joshi583@example.com,Corporate,Gold,26-07-2023
CUST-03314,Isha Miller,isha.miller888@example.com,Consumer,Gold,09-02-2024
CUST-02771,Michael Jones,michael.jones272@example.com,Consumer,Bronze,20-10-2024
CUST-03008,Olivia Kumar,olivia.kumar111@example.com,Corporate,Bronze,03-05-2024
CUST-01798,Ava Miller,ava.miller432@example.com,Consumer,Bronze,19-12-2024
CUST-01442,Ava Mehta,ava.mehta504@example.com,Consumer,Silver,08-01-2024
CUST-04204,Olivia Jones,olivia.jones@outlook.com,Consumer,Gold,05-04-2023
CUST-01536,Diya Jones,unregistered@exmple.com,Corporate,Bronze,30-04-2024
CUST-01274,Robert Mehta,robert.mehta396@example.com,Consumer,Bronze,10-04-2023
CUST-03568,Aadhya Patel,aadhya.patel17@example.com,Corporate,Gold,04-01-2023
CUST-00608,Pari Miller,pari.miller795@example.com,Consumer,Bronze,16-05-2023
CUST-01713,Robert Anderson,robert.anderson34@example.com,Corporate,Bronze,03-01-2024
CUST-02200,Aarav Smith,aarav.smith473@example.com,Consumer,Platinum,30-07-2024
CUST-00956,Anika Mehta,anika.mehta540@example.com,Consumer,Bronze,20-09-2024
CUST-02580,Ava Kumar,ava.kumar373@example.com,Consumer,Bronze,05-07-2023
CUST-03383,Krishna Wilson,krishna.wilson439@example.com,Consumer,Silver,28-07-2023
CUST-00404,John Joshi,john.joshi779@example.com,Consumer,Bronze,07-11-2023
CUST-02072,Pari Taylor,pari.taylor243@example.com,Corporate,Bronze,28-05-2024
CUST-04426,Sai Joshi,sai.joshi177@example.com,Consumer,Bronze,23-12-2023
CUST-01978,Robert Brown,robert.brown513@example.com,Consumer,Bronze,25-11-2023
CUST-00159,Diya Yadav,diya.yadav249@example.com,Corporate,Bronze,30-07-2023
CUST-01749,Ayaan Verma,ayaan.verma468@example.com,Consumer,Silver,20-08-2024
CUST-03078,Vihaan Wilson,vihaan.wilson431@example.com,Corporate,Bronze,09-03-2024
CUST-00903,Myra Verma,myra.verma504@example.com,Consumer,Bronze,15-02-2023
CUST-00353,Arjun Davis,arjun.davis775@example.com,Consumer,Bronze,15-06-2023
CUST-01231,Arjun Jones,unregistered@exmple.com,Consumer,Bronze,04-04-2024
CUST-04349,Ananya Wilson,ananya.wilson688@example.com,Consumer,Silver,08-02-2023
CUST-02141,Aadhya Brown,aadhya.brown956@example.com,Small Business,Gold,15-06-2023
CUST-00445,Isabella Johnson,isabella.johnson@outlook.com,Corporate,Gold,09-08-2024
CUST-02022,Ananya Miller,ananya.miller823@example.com,Corporate,Bronze,20-02-2023
CUST-00755,Krishna Davis,krishna.davis@outlook.com,Consumer,Bronze,30-04-2023
CUST-01738,Aarav Reddy,aarav.reddy706@example.com,Consumer,Bronze,14-10-2024
CUST-00312,Ananya Williams,ananya.williams458@example.com,Corporate,Bronze,09-11-2023
CUST-00549,Isha Jones,isha.jones707@gmail.com,Consumer,Bronze,19-04-2023
CUST-03520,Aanya Singh,aanya.singh@outlook.com,Small Business,Gold,26-04-2023
CUST-04000,Aditya Williams,aditya.williams422@example.com,Consumer,Silver,17-07-2023
CUST-00307,Ananya Brown,ananya.brown153@example.com,Corporate,Bronze,26-05-2024
CUST-02336,Anika Anderson,anika.anderson312@example.com,Consumer,Bronze,25-07-2023
CUST-00695,Saanvi Wilson,saanvi.wilson785@example.com,Consumer,Silver,02-11-2024
CUST-02357,Riya Mehta,riya.mehta984@example.com,Consumer,Silver,04-07-2024
CUST-01928,Vihaan Wilson,vihaan.wilson233@example.com,Consumer,None,16-08-2024
CUST-04082,Vivaan Mehta,vivaan.mehta900@example.com,Consumer,Silver,18-03-2024
CUST-00750,Ava Brown,ava.brown783@example.com,Consumer,Silver,08-05-2023
CUST-03576,Reyansh Wilson,unregistered@exmple.com,Small Business,Bronze,25-11-2023
CUST-01267,Reyansh Jones,reyansh.jones199@example.com,Small Business,Silver,20-05-2023
CUST-03880,Aarav Yadav,aarav.yadav409@example.com,Consumer,Bronze,01-12-2024
CUST-03564,Michael Anderson,michael.anderson499@example.com,Consumer,Silver,24-07-2023
CUST-03459,Isha Smith,isha.smith142@example.com,Consumer,Silver,23-07-2023
CUST-00971,Ananya Yadav,ananya.yadav20@example.com,Consumer,Silver,09-05-2023
CUST-00014,Krishna Kumar,krishna.kumar887@example.com,Corporate,Silver,15-02-2023
CUST-00874,Pari Williams,pari.williams571@example.com,Consumer,Bronze,03-06-2023
CUST-00809,Isha Davis,isha.davis878@example.com,Consumer,Silver,19-04-2024
CUST-00515,Aditya Joshi,unregistered@exmple.com,Consumer,Silver,24-09-2023
CUST-04165,Vivaan Davis,vivaan.davis351@example.com,Consumer,Silver,26-05-2024
CUST-00410,Riya Jones,riya.jones35@gmail.com,Consumer,Bronze,18-01-2024
CUST-02965,Riya Kumar,riya.kumar516@example.com,Consumer,Bronze,31-10-2024
CUST-03981,Ishaan Mehta,ishaan.mehta506@example.com,Corporate,Bronze,01-05-2024
CUST-00208,John Yadav,john.yadav772@example.com,Consumer,Silver,20-05-2024
CUST-03713,Krishna Smith,krishna.smith956@example.com,Small Business,Silver,19-06-2024
CUST-00459,Reyansh Reddy,unregistered@exmple.com,Corporate,Bronze,04-07-2024
CUST-03244,Ishaan Brown,unregistered@exmple.com,Consumer,Silver,24-07-2023
CUST-02431,Arjun Mehta,arjun.mehta696@example.com,Consumer,Bronze,23-06-2024
CUST-03180,John Kumar,john.kumar276@example.com,Consumer,Bronze,30-05-2024
CUST-03866,Robert Williams,robert.williams844@example.com,Consumer,Bronze,30-11-2024
CUST-03253,Myra Mehta,myra.mehta879@example.com,Consumer,Bronze,08-11-2023
CUST-03662,Vivaan Gupta,vivaan.gupta463@example.com,Small Business,Bronze,10-08-2023
CUST-01714,Ishaan Johnson,ishaan.johnson@outlook.com,Small Business,Bronze,15-12-2023
CUST-04413,Ishaan Anderson,ishaan.anderson68@example.com,Consumer,Silver,19-08-2024
CUST-02958,Pari Brown,pari.brown403@gmail.com,Consumer,Bronze,01-04-2024
CUST-00553,Arjun Miller,unregistered@exmple.com,Corporate,Gold,03-11-2023
CUST-01440,Isabella Jones,isabella.jones744@example.com,Consumer,Silver,25-10-2023
CUST-02271,Reyansh Reddy,reyansh.reddy877@example.com,Consumer,Gold,10-04-2023
CUST-04448,Emma Anderson,emma.anderson243@example.com,Corporate,Bronze,28-04-2024
CUST-01926,James Brown,james.brown492@gmail.com,Corporate,Bronze,09-11-2023
CUST-00635,Riya Verma,riya.verma546@example.com,Consumer,Bronze,12-07-2023
CUST-04470,Myra Taylor,myra.taylor442@gmail.com,Consumer,Silver,22-03-2023
CUST-00317,John Davis,john.davis245@example.com,Consumer,Bronze,19-08-2023
CUST-01716,Emma Anderson,emma.anderson397@example.com,Corporate,Silver,21-01-2023
CUST-04377,Sai Brown,sai.brown126@gmail.com,Consumer,Silver,14-06-2023
CUST-01329,Michael Reddy,michael.reddy26@example.com,Consumer,Bronze,30-05-2024
CUST-00428,Pari Johnson,pari.johnson738@example.com,Consumer,Silver,26-06-2023
CUST-02938,Vihaan Miller,vihaan.miller880@example.com,Consumer,Gold,07-12-2023
CUST-00106,James Joshi,james.joshi757@example.com,Corporate,Bronze,10-06-2023
CUST-00143,Pari Mehta,pari.mehta766@example.com,Consumer,None,22-04-2023
CUST-02170,Robert Gupta,robert.gupta534@example.com,Consumer,Silver,19-10-2024
CUST-02900,Pari Patel,pari.patel558@example.com,Consumer,Bronze,28-10-2023
CUST-00090,Aadhya Singh,aadhya.singh568@example.com,Consumer,Bronze,29-07-2024
CUST-02242,Ananya Brown,ananya.brown470@example.com,Corporate,Bronze,27-04-2024
CUST-02969,Pari Reddy,pari.reddy@outlook.com,Small Business,Bronze,29-06-2023
CUST-02637,Aanya Smith,aanya.smith685@example.com,Corporate,Bronze,21-02-2024
CUST-01950,Riya Williams,riya.williams33@example.com,Consumer,Gold,07-04-2024
CUST-01769,Michael Wilson,michael.wilson718@example.com,Consumer,Gold,12-07-2023
CUST-02273,Vivaan Yadav,vivaan.yadav792@example.com,Consumer,Bronze,22-05-2023
CUST-00002,Isabella Joshi,isabella.joshi346@example.com,Consumer,Bronze,17-07-2023
CUST-02857,Aadhya Sharma,aadhya.sharma770@example.com,Consumer,Silver,31-01-2024
CUST-01952,Aadhya Wilson,aadhya.wilson321@example.com,Consumer,Silver,11-06-2024
CUST-03560,John Williams,john.williams448@example.com,Consumer,,11-02-2023
CUST-03888,Aanya Taylor,aanya.taylor373@example.com,Consumer,Silver,14-09-2024
CUST-02721,Emma Jones,emma.jones309@example.com,Consumer,Silver,23-02-2023
CUST-04056,Sophia Davis,sophia.davis865@example.com,Consumer,Gold,13-08-2024
CUST-01110,Arjun Smith,arjun.smith863@example.com,Consumer,Gold,09-11-2023
CUST-03516,Aditya Miller,aditya.miller970@gmail.com,Small Business,Bronze,28-03-2024
CUST-00592,James Anderson,james.anderson218@example.com,Corporate,Bronze,27-01-2023
CUST-01696,Olivia Anderson,olivia.anderson345@example.com,Consumer,Gold,02-08-2023
CUST-03732,Anika Joshi,anika.joshi967@example.com,Consumer,Bronze,28-06-2023
CUST-04238,Ananya Kumar,ananya.kumar@outlook.com,Consumer,Gold,08-06-2024
CUST-01577,Arjun Kumar,arjun.kumar642@example.com,Small Business,Bronze,19-08-2023
CUST-03435,Vivaan Reddy,vivaan.reddy750@example.com,Small Business,Silver,20-02-2023
CUST-00214,Aarav Singh,aarav.singh@outlook.com,Consumer,Silver,18-06-2024
CUST-00779,Sai Yadav,sai.yadav772@example.com,Consumer,Bronze,06-08-2024
CUST-03798,Anika Joshi,anika.joshi356@example.com,Consumer,Bronze,04-08-2024
CUST-03265,Olivia Davis,olivia.davis772@example.com,Small Business,Bronze,05-06-2023
CUST-02044,Ananya Sharma,ananya.sharma764@example.com,Consumer,Bronze,25-03-2024
CUST-02849,Aanya Sharma,aanya.sharma951@example.com,Consumer,Bronze,16-11-2024
CUST-04223,William Brown,william.brown407@example.com,Consumer,Gold,12-08-2024
CUST-03054,Ishaan Miller,ishaan.miller882@example.com,Corporate,Platinum,19-01-2024
CUST-03309,Ayaan Sharma,ayaan.sharma@outlook.com,Small Business,Silver,10-03-2024
CUST-01568,Aanya Gupta,aanya.gupta951@example.com,Consumer,Silver,15-09-2024
CUST-04023,Krishna Johnson,krishna.johnson35@example.com,Consumer,Silver,15-02-2023
CUST-04392,Sai Johnson,sai.johnson177@gmail.com,Consumer,Bronze,06-05-2023
CUST-04299,Krishna Taylor,krishna.taylor@outlook.com,Consumer,Bronze,17-05-2023
CUST-01344,Sai Patel,sai.patel562@example.com,Corporate,Silver,06-08-2024
CUST-02014,Ishaan Jones,ishaan.jones985@gmail.com,Consumer,Bronze,30-10-2023
CUST-00274,Riya Singh,riya.singh743@example.com,Consumer,Bronze,12-12-2023
CUST-00072,Emma Kumar,emma.kumar587@example.com,Consumer,Silver,07-06-2023
CUST-04264,Isabella Smith,isabella.smith850@example.com,Corporate,Bronze,02-08-2024
CUST-01088,Saanvi Joshi,saanvi.joshi191@example.com,Consumer,Bronze,09-07-2023
CUST-00395,Ayaan Anderson,ayaan.anderson@outlook.com,Consumer,Silver,05-08-2023
CUST-00584,Arjun Wilson,arjun.wilson328@example.com,Consumer,Silver,25-02-2024
CUST-01368,Michael Wilson,michael.wilson@outlook.com,Consumer,Bronze,17-10-2023
CUST-03550,Ishaan Verma,ishaan.verma388@gmail.com,Small Business,Bronze,04-07-2023
CUST-02549,Robert Kumar,robert.kumar648@example.com,Consumer,Platinum,07-09-2024
CUST-00751,Ananya Reddy,ananya.reddy389@example.com,Consumer,Bronze,25-03-2024
CUST-04454,Aadhya Yadav,aadhya.yadav946@gmail.com,Corporate,Bronze,05-08-2023
CUST-03472,Emma Verma,emma.verma518@example.com,Consumer,Gold,13-06-2023
CUST-03076,Ayaan Anderson,ayaan.anderson@outlook.com,Consumer,Silver,23-04-2024
CUST-01764,Aditya Miller,aditya.miller176@example.com,Consumer,Silver,26-10-2023
CUST-04004,Isabella Williams,isabella.williams469@example.com,Corporate,Bronze,07-07-2023
CUST-01260,Vivaan Gupta,vivaan.gupta207@example.com,Consumer,Silver,03-04-2024
CUST-04218,Saanvi Anderson,saanvi.anderson313@example.com,Consumer,Silver,23-07-2023
CUST-02254,Krishna Kumar,krishna.kumar372@example.com,Consumer,Bronze,14-07-2023
CUST-02782,Ayaan Patel,ayaan.patel306@example.com,Consumer,Silver,12-03-2023
CUST-00527,Robert Verma,robert.verma157@example.com,Corporate,Silver,06-08-2024
CUST-00378,Ayaan Wilson,ayaan.wilson395@example.com,Corporate,Bronze,02-05-2024
CUST-01560,Olivia Johnson,olivia.johnson11@example.com,Consumer,Silver,23-08-2024
CUST-03057,Aanya Miller,aanya.miller35@example.com,Consumer,Silver,16-01-2023
CUST-01964,Sophia Reddy,sophia.reddy451@example.com,Consumer,Silver,08-04-2024
CUST-04408,Emma Jones,emma.jones252@example.com,Consumer,Bronze,30-07-2024
CUST-00349,Anika Johnson,anika.johnson495@example.com,Consumer,Bronze,21-09-2024
CUST-02435,Aanya Reddy,aanya.reddy610@example.com,Consumer,Silver,31-03-2024
CUST-02247,James Verma,james.verma893@example.com,Consumer,Silver,14-12-2023
CUST-03669,Aarav Jones,aarav.jones918@example.com,Corporate,Bronze,12-04-2023
CUST-01710,James Brown,james.brown@outlook.com,Consumer,Gold,26-02-2023
CUST-01051,Anika Smith,anika.smith847@example.com,Corporate,Silver,25-10-2023
CUST-04183,Vihaan Reddy,vihaan.reddy241@example.com,Consumer,Bronze,12-10-2023
CUST-03601,William Sharma,william.sharma48@example.com,Consumer,Gold,02-03-2023
CUST-02478,Reyansh Patel,reyansh.patel855@example.com,Consumer,Bronze,01-04-2024
CUST-01084,Krishna Anderson,krishna.anderson350@example.com,Consumer,Gold,08-04-2024
CUST-03122,Ananya Jones,ananya.jones610@example.com,Consumer,Silver,08-04-2024
CUST-04445,William Gupta,william.gupta165@example.com,Consumer,Bronze,31-07-2024
CUST-04199,Vivaan Wilson,vivaan.wilson254@example.com,Consumer,Bronze,26-10-2023
CUST-01295,Vivaan Taylor,vivaan.taylor183@example.com,Consumer,Gold,30-09-2023
CUST-01810,Michael Smith,michael.smith62@example.com,Corporate,Bronze,05-06-2023
CUST-00792,Arjun Jones,arjun.jones@outlook.com,Consumer,Bronze,17-10-2024
CUST-00793,Myra Singh,myra.singh734@example.com,Corporate,Silver,25-01-2024
CUST-03725,Emma Singh,emma.singh389@example.com,Consumer,Silver,03-03-2023
CUST-01981,Isabella Smith,isabella.smith191@example.com,Consumer,Bronze,22-06-2024
CUST-03393,Ananya Verma,ananya.verma202@example.com,Consumer,Silver,16-08-2024
CUST-03760,Ava Verma,ava.verma577@example.com,Corporate,Bronze,16-03-2024
CUST-01531,Ishaan Smith,ishaan.smith881@example.com,Consumer,Bronze,28-09-2023
CUST-01411,Anika Yadav,anika.yadav456@example.com,Consumer,Platinum,02-01-2023
CUST-03886,Ayaan Brown,ayaan.brown343@example.com,Corporate,Bronze,08-08-2023
CUST-04329,Ananya Davis,ananya.davis245@example.com,Corporate,Bronze,12-07-2024
CUST-00869,Emma Jones,emma.jones850@example.com,Corporate,Silver,05-12-2023
CUST-02351,Ananya Taylor,ananya.taylor640@example.com,Corporate,Bronze,12-11-2023
CUST-00021,Anika Verma,anika.verma693@example.com,Consumer,Silver,27-05-2023
CUST-02980,Aditya Reddy,aditya.reddy677@example.com,Consumer,Silver,10-02-2024
CUST-03860,Vihaan Verma,vihaan.verma19@example.com,Consumer,Bronze,15-07-2024
CUST-04258,Pari Brown,pari.brown256@example.com,Corporate,Gold,24-12-2023
CUST-01563,Vihaan Reddy,vihaan.reddy758@example.com,Consumer,Bronze,18-06-2023
CUST-00974,Isabella Joshi,isabella.joshi776@example.com,Consumer,Platinum,29-12-2023
CUST-01711,Arjun Jones,arjun.jones311@example.com,Consumer,Bronze,23-09-2024
CUST-03457,Isha Mehta,isha.mehta423@example.com,Consumer,Silver,12-10-2024
CUST-04484,Aanya Singh,aanya.singh275@example.com,Consumer,Silver,18-12-2023
CUST-01099,Riya Brown,riya.brown785@gmail.com,Corporate,Platinum,18-09-2024
CUST-03664,Vivaan Yadav,vivaan.yadav276@example.com,Consumer,Silver,18-10-2024
CUST-02845,Myra Joshi,myra.joshi23@gmail.com,Small Business,Platinum,02-03-2023
CUST-00887,Saanvi Gupta,saanvi.gupta252@example.com,Consumer,Bronze,27-11-2023
CUST-03195,Krishna Singh,krishna.singh135@example.com,Consumer,Gold,15-11-2023
CUST-04266,Aditya Wilson,aditya.wilson635@example.com,Corporate,Bronze,17-10-2023
CUST-04100,Anika Johnson,anika.johnson647@example.com,Consumer,Bronze,08-05-2023
CUST-00516,Myra Brown,myra.brown626@example.com,Consumer,Bronze,01-10-2024
CUST-00738,Diya Mehta,diya.mehta464@example.com,Consumer,Silver,09-04-2023
CUST-01454,Isabella Patel,unregistered@exmple.com,Corporate,Platinum,14-03-2023
CUST-03448,John Sharma,john.sharma@outlook.com,Consumer,Silver,26-06-2024
CUST-04378,Aarav Anderson,aarav.anderson101@example.com,Consumer,Gold,29-11-2023
CUST-02507,Vihaan Gupta,vihaan.gupta92@example.com,Consumer,Gold,10-12-2024
CUST-02127,Olivia Johnson,olivia.johnson921@example.com,Consumer,Bronze,25-11-2024
CUST-02927,Aanya Patel,aanya.patel599@example.com,Corporate,Bronze,18-04-2024
CUST-00907,Myra Gupta,myra.gupta590@example.com,Consumer,Bronze,20-07-2023
CUST-03906,William Kumar,william.kumar968@example.com,Small Business,Bronze,23-05-2024
CUST-02508,Vivaan Kumar,vivaan.kumar209@example.com,Consumer,Bronze,26-08-2024
CUST-02429,Sophia Verma,sophia.verma286@example.com,Corporate,Bronze,30-07-2024
CUST-00948,James Sharma,james.sharma251@example.com,Consumer,Bronze,12-09-2024
CUST-03884,Ayaan Gupta,ayaan.gupta205@example.com,Small Business,Silver,26-04-2024
CUST-03579,Pari Mehta,pari.mehta577@example.com,Consumer,Silver,28-04-2024
CUST-00716,Krishna Mehta,krishna.mehta540@example.com,Consumer,Silver,01-06-2024
CUST-04170,Isha Davis,isha.davis327@gmail.com,Corporate,Bronze,04-04-2024
CUST-00687,Isha Reddy,isha.reddy173@example.com,Consumer,Silver,30-12-2023
CUST-00704,Reyansh Miller,reyansh.miller632@example.com,Small Business,Silver,19-03-2023
CUST-02354,Isabella Taylor,isabella.taylor625@example.com,Consumer,Bronze,03-02-2023
CUST-02258,Anika Smith,anika.smith454@example.com,Consumer,Bronze,25-11-2024
CUST-03917,Sai Davis,sai.davis571@example.com,Consumer,Bronze,25-07-2023
CUST-00022,Olivia Verma,olivia.verma628@example.com,Corporate,Silver,10-01-2024
CUST-00886,Michael Jones,michael.jones457@example.com,Consumer,Silver,25-10-2024
CUST-04052,Diya Joshi,diya.joshi876@example.com,Corporate,Bronze,21-05-2024
CUST-00918,John Miller,john.miller638@example.com,Corporate,Bronze,31-07-2024
CUST-03263,Aadhya Sharma,aadhya.sharma462@example.com,Consumer,Gold,01-02-2023
CUST-03257,Aditya Taylor,aditya.taylor645@example.com,Corporate,Silver,16-12-2023
CUST-02240,Isabella Johnson,isabella.johnson330@example.com,Consumer,Bronze,09-12-2024
CUST-03335,Robert Anderson,robert.anderson756@example.com,Consumer,Silver,14-05-2023
CUST-01266,William Singh,william.singh477@example.com,Consumer,Silver,26-05-2024
CUST-00484,Krishna Joshi,krishna.joshi839@example.com,Corporate,Bronze,11-01-2024
CUST-04306,Isha Patel,isha.patel130@example.com,Consumer,Bronze,05-07-2023
CUST-02964,Aanya Taylor,aanya.taylor737@example.com,Consumer,Bronze,06-06-2024
CUST-01220,Ishaan Davis,ishaan.davis35@example.com,Consumer,Bronze,03-04-2024
CUST-00278,Olivia Singh,olivia.singh413@example.com,Small Business,Gold,12-03-2024
CUST-00989,Vivaan Patel,vivaan.patel810@example.com,Consumer,Bronze,28-02-2024
CUST-02085,Myra Yadav,myra.yadav834@example.com,Consumer,Silver,22-10-2023
CUST-01246,Arjun Anderson,arjun.anderson285@example.com,Corporate,Bronze,23-08-2023
CUST-02383,Michael Patel,michael.patel533@example.com,Small Business,Gold,05-06-2024
CUST-00572,John Kumar,unregistered@exmple.com,Consumer,Bronze,26-11-2024
CUST-01436,Isha Williams,isha.williams929@example.com,Consumer,Silver,10-04-2024
CUST-00994,Emma Singh,emma.singh981@example.com,Consumer,Gold,23-02-2023
CUST-03289,Vivaan Davis,vivaan.davis332@example.com,Consumer,Silver,21-05-2024
CUST-03002,Vihaan Johnson,vihaan.johnson402@example.com,Corporate,Bronze,21-07-2024
CUST-00586,Olivia Davis,olivia.davis199@example.com,Corporate,Silver,14-06-2024
CUST-02515,Saanvi Yadav,saanvi.yadav504@example.com,Consumer,Bronze,28-08-2024
CUST-01350,John Kumar,john.kumar829@example.com,Consumer,Bronze,10-02-2023
CUST-01008,Isha Wilson,isha.wilson533@example.com,Consumer,Bronze,01-02-2023
CUST-00675,Krishna Yadav,krishna.yadav575@example.com,Consumer,Bronze,27-01-2024
CUST-02413,Emma Joshi,emma.joshi489@example.com,Corporate,Silver,15-11-2024
CUST-02904,Michael Jones,michael.jones489@example.com,Consumer,Bronze,09-02-2023
CUST-00448,Aadhya Sharma,aadhya.sharma938@example.com,Corporate,Bronze,26-04-2023
CUST-03025,Saanvi Anderson,saanvi.anderson@outlook.com,Consumer,Bronze,17-02-2023
CUST-03264,Aanya Williams,aanya.williams328@example.com,Consumer,Silver,03-01-2023
CUST-03980,Riya Joshi,riya.joshi792@example.com,Consumer,Gold,01-11-2024
CUST-02065,Sai Taylor,sai.taylor365@example.com,Corporate,Bronze,21-06-2023
CUST-04145,Arjun Joshi,unregistered@exmple.com,Small Business,Bronze,03-05-2023
CUST-03363,Vivaan Davis,vivaan.davis293@example.com,Corporate,,30-11-2024
CUST-01691,Ananya Anderson,ananya.anderson352@example.com,Consumer,Bronze,28-07-2024
CUST-01549,Emma Yadav,emma.yadav928@example.com,Consumer,Silver,24-01-2023
CUST-01248,Michael Anderson,michael.anderson437@example.com,Consumer,Bronze,08-03-2024
CUST-01986,Krishna Williams,krishna.williams866@example.com,Corporate,Gold,24-11-2023
CUST-00295,Ayaan Jones,ayaan.jones738@example.com,Consumer,Bronze,20-12-2024
CUST-01548,Ananya Singh,ananya.singh851@example.com,Consumer,Gold,31-01-2023
CUST-02013,John Verma,john.verma22@example.com,Consumer,Bronze,22-06-2023
CUST-00589,Myra Miller,myra.miller464@example.com,Small Business,None,25-07-2024
CUST-02404,William Reddy,william.reddy585@example.com,Corporate,Bronze,19-12-2023
CUST-02130,Aditya Kumar,unregistered@exmple.com,Corporate,Platinum,13-12-2024
CUST-04070,Ayaan Gupta,ayaan.gupta44@gmail.com,Consumer,Silver,28-01-2023
CUST-03960,Ishaan Verma,ishaan.verma678@example.com,Consumer,Bronze,23-04-2024
CUST-02720,Ananya Williams,ananya.williams822@example.com,Corporate,Silver,16-10-2024
CUST-00426,Ishaan Mehta,unregistered@exmple.com,Consumer,Silver,17-06-2024
CUST-02583,James Williams,james.williams758@example.com,Consumer,,15-10-2024
CUST-01055,Aditya Davis,aditya.davis945@example.com,Consumer,Bronze,07-09-2024
CUST-03443,Vihaan Mehta,vihaan.mehta562@example.com,Corporate,Silver,05-11-2024
CUST-04248,Arjun Brown,arjun.brown192@example.com,Corporate,Bronze,12-03-2024
CUST-00557,Isabella Reddy,isabella.reddy739@example.com,Small Business,Gold,01-04-2024
CUST-04013,Olivia Brown,olivia.brown397@example.com,Consumer,Silver,02-09-2024
CUST-04486,Ava Patel,ava.patel821@example.com,Corporate,Silver,16-07-2023
CUST-04347,Diya Gupta,diya.gupta832@example.com,Consumer,Silver,21-08-2023
CUST-04388,Krishna Joshi,krishna.joshi300@example.com,Consumer,Bronze,20-10-2024
CUST-03651,Aditya Brown,aditya.brown742@example.com,Consumer,Gold,05-11-2023
CUST-01194,Michael Mehta,michael.mehta254@example.com,Small Business,Platinum,01-09-2024
CUST-01717,Anika Joshi,anika.joshi51@example.com,Consumer,Silver,23-07-2023
CUST-02605,John Brown,john.brown571@example.com,Corporate,Platinum,05-01-2023
CUST-03607,Reyansh Patel,reyansh.patel271@example.com,Consumer,Bronze,05-04-2023
CUST-02829,Pari Brown,pari.brown@outlook.com,Consumer,Bronze,19-08-2023
CUST-01705,Riya Davis,riya.davis688@example.com,Small Business,Silver,13-08-2024
CUST-02864,Vihaan Patel,vihaan.patel858@example.com,Consumer,Silver,10-02-2024
CUST-02619,Ananya Brown,ananya.brown152@example.com,Consumer,Bronze,24-06-2024
CUST-02401,Reyansh Singh,reyansh.singh322@example.com,Consumer,Gold,01-01-2024
CUST-02140,Reyansh Johnson,reyansh.johnson@outlook.com,Consumer,Bronze,21-10-2024
CUST-02384,Arjun Patel,arjun.patel878@example.com,Corporate,Gold,08-09-2023
CUST-04289,Aadhya Singh,aadhya.singh928@example.com,Consumer,Bronze,07-02-2023
CUST-01286,Vivaan Kumar,vivaan.kumar745@example.com,Small Business,Gold,25-11-2023
CUST-04008,Isha Joshi,isha.joshi602@example.com,Consumer,Bronze,26-02-2023
CUST-04139,Anika Wilson,anika.wilson521@example.com,Consumer,Bronze,28-02-2023
CUST-04161,Sophia Mehta,sophia.mehta778@example.com,Corporate,Bronze,30-08-2023
CUST-02088,Reyansh Gupta,reyansh.gupta738@example.com,Small Business,Gold,21-03-2023
CUST-01890,Anika Reddy,unregistered@exmple.com,Small Business,Gold,21-01-2024
CUST-01592,Diya Verma,diya.verma204@example.com,Small Business,Bronze,24-09-2023
CUST-01347,Diya Yadav,diya.yadav821@example.com,Consumer,Platinum,01-01-2024
CUST-04128,Isabella Smith,isabella.smith112@example.com,Corporate,Bronze,31-07-2024
CUST-02163,Ananya Sharma,ananya.sharma199@example.com,Consumer,Silver,04-11-2023
CUST-02397,Aditya Williams,aditya.williams416@example.com,Consumer,Silver,20-02-2024
CUST-03168,Ava Anderson,ava.anderson527@example.com,Small Business,Bronze,22-04-2024
CUST-02272,Pari Williams,pari.williams303@example.com,Corporate,None,01-05-2024
CUST-04181,James Anderson,james.anderson740@example.com,Consumer,Silver,10-09-2023
CUST-01138,Robert Yadav,robert.yadav291@example.com,Consumer,Bronze,22-08-2023
CUST-03381,Aarav Miller,aarav.miller978@example.com,Consumer,Bronze,20-10-2024
CUST-00973,Ishaan Brown,ishaan.brown569@gmail.com,Consumer,Bronze,24-05-2024
CUST-00796,Aarav Anderson,aarav.anderson651@example.com,Consumer,Silver,16-03-2023
CUST-03021,Vivaan Wilson,vivaan.wilson655@example.com,Consumer,Bronze,04-01-2023
CUST-01712,Diya Mehta,diya.mehta790@example.com,Consumer,Gold,22-04-2023
CUST-00037,Ishaan Williams,ishaan.williams689@example.com,Consumer,Platinum,06-03-2024
CUST-00454,Vivaan Patel,vivaan.patel374@example.com,Consumer,Silver,28-07-2023
CUST-00914,Michael Yadav,michael.yadav89@example.com,Corporate,Bronze,01-10-2023
CUST-03545,Vivaan Singh,vivaan.singh530@example.com,Small Business,Bronze,05-09-2023
CUST-01200,Ananya Verma,ananya.verma121@example.com,Consumer,Silver,07-01-2023
CUST-01275,Vivaan Patel,vivaan.patel888@example.com,Consumer,Bronze,05-05-2023
CUST-02376,Aarav Johnson,aarav.johnson737@example.com,Consumer,Silver,21-01-2024
CUST-00038,Myra Verma,myra.verma@outlook.com,Corporate,Gold,16-05-2024
CUST-00975,Myra Williams,myra.williams628@example.com,Consumer,Bronze,25-07-2023
CUST-00984,Michael Brown,michael.brown943@example.com,Small Business,Bronze,07-11-2024
CUST-03536,Ananya Brown,ananya.brown79@example.com,Small Business,Platinum,29-06-2024
CUST-01419,Krishna Davis,krishna.davis786@example.com,Consumer,Silver,15-11-2023
CUST-01561,Ishaan Taylor,ishaan.taylor295@example.com,Consumer,Bronze,27-05-2024
CUST-00040,Sophia Patel,sophia.patel503@example.com,Consumer,Silver,24-11-2024
CUST-01487,Ayaan Anderson,ayaan.anderson532@example.com,Consumer,Bronze,07-12-2023
CUST-04457,Isabella Joshi,isabella.joshi951@example.com,Consumer,Silver,02-10-2023
CUST-00170,Robert Singh,robert.singh888@gmail.com,Consumer,Bronze,26-08-2024
CUST-01356,Aarav Taylor,aarav.taylor549@example.com,Corporate,Bronze,28-12-2023
CUST-04036,Reyansh Yadav,reyansh.yadav@outlook.com,Corporate,Gold,10-08-2024
CUST-03634,Isabella Miller,isabella.miller524@example.com,Consumer,Bronze,20-01-2023
CUST-04420,Vivaan Davis,vivaan.davis90@example.com,Corporate,Bronze,15-10-2023
CUST-03476,Emma Patel,emma.patel918@example.com,Consumer,Bronze,15-03-2024
CUST-02683,Vivaan Miller,vivaan.miller262@example.com,Small Business,Bronze,21-04-2023
CUST-03496,Aditya Williams,aditya.williams129@example.com,Small Business,Bronze,11-09-2024
CUST-01641,Arjun Kumar,arjun.kumar746@example.com,Corporate,Bronze,17-08-2023
CUST-01291,Myra Yadav,myra.yadav93@example.com,Small Business,Bronze,18-03-2023
CUST-01381,Vivaan Jones,vivaan.jones963@example.com,Corporate,Bronze,02-05-2023
CUST-00580,Arjun Patel,arjun.patel251@example.com,Consumer,Bronze,14-04-2023
CUST-03752,Michael Singh,michael.singh551@example.com,Corporate,Bronze,22-11-2023
CUST-02031,Vivaan Smith,vivaan.smith163@example.com,Consumer,Bronze,17-11-2023
CUST-00893,Ayaan Williams,ayaan.williams274@example.com,Corporate,Gold,15-11-2024
CUST-00781,Michael Verma,michael.verma827@example.com,Consumer,Gold,11-04-2024
CUST-00160,Aarav Williams,aarav.williams@outlook.com,Small Business,Bronze,09-03-2023
CUST-00003,Ananya Wilson,ananya.wilson343@example.com,Consumer,Gold,03-08-2024
CUST-03639,Arjun Brown,arjun.brown884@example.com,Consumer,Bronze,18-12-2023
CUST-02110,Ananya Verma,ananya.verma843@example.com,Corporate,Silver,25-06-2023
CUST-00850,Diya Anderson,diya.anderson581@example.com,Consumer,Bronze,03-09-2023
CUST-02738,Isha Mehta,isha.mehta473@example.com,Consumer,Silver,25-03-2023
CUST-02467,Vivaan Johnson,vivaan.johnson794@example.com,Consumer,Silver,26-10-2024
CUST-03175,Reyansh Gupta,unregistered@exmple.com,Consumer,Bronze,24-11-2023
CUST-01597,Reyansh Singh,reyansh.singh771@gmail.com,Consumer,Bronze,12-09-2024
CUST-01777,Sophia Johnson,sophia.johnson964@example.com,Consumer,Bronze,01-05-2024
CUST-01914,Vihaan Davis,vihaan.davis642@example.com,Consumer,Bronze,01-04-2024
CUST-01044,Reyansh Gupta,reyansh.gupta145@example.com,Small Business,Silver,19-11-2024
CUST-01545,Ava Davis,ava.davis383@example.com,Consumer,Bronze,23-11-2024
CUST-02737,Isabella Patel,unregistered@exmple.com,Consumer,None,02-03-2023
CUST-03219,Riya Davis,riya.davis664@example.com,Consumer,Bronze,28-06-2024
CUST-00054,Vivaan Williams,vivaan.williams215@example.com,Small Business,Silver,14-12-2024
CUST-01797,Myra Jones,myra.jones@outlook.com,Consumer,Silver,19-04-2024
CUST-01912,Krishna Smith,krishna.smith261@example.com,Consumer,Bronze,03-01-2024
CUST-04345,Ava Reddy,ava.reddy754@example.com,Consumer,Gold,23-01-2024
CUST-02554,Emma Taylor,emma.taylor650@example.com,Consumer,Bronze,25-12-2023
CUST-02801,Riya Mehta,riya.mehta504@example.com,Consumer,Gold,25-05-2023
CUST-03549,James Joshi,james.joshi@outlook.com,Consumer,Bronze,23-11-2024
CUST-00825,Michael Singh,michael.singh440@example.com,Small Business,Bronze,07-09-2024
CUST-04409,Saanvi Patel,saanvi.patel103@example.com,Consumer,Gold,27-11-2023
CUST-01390,Vihaan Jones,vihaan.jones459@example.com,Consumer,Bronze,28-12-2023
CUST-00885,Ava Kumar,ava.kumar200@example.com,Consumer,Silver,20-05-2024
CUST-04197,Sai Mehta,sai.mehta910@example.com,Corporate,Gold,28-11-2024
CUST-01608,Isabella Joshi,isabella.joshi673@example.com,Consumer,Bronze,20-11-2024
CUST-01595,Krishna Anderson,krishna.anderson438@example.com,Consumer,Silver,13-03-2024
CUST-00772,Ayaan Jones,ayaan.jones638@example.com,Consumer,Bronze,29-08-2024
CUST-02612,Ananya Gupta,ananya.gupta396@example.com,Small Business,Bronze,18-09-2024
CUST-02274,Vihaan Williams,vihaan.williams751@example.com,Consumer,Silver,24-08-2023
CUST-01869,Olivia Anderson,olivia.anderson550@example.com,Consumer,Bronze,06-11-2024
CUST-01086,Isabella Wilson,isabella.wilson985@example.com,Small Business,Silver,21-10-2024
CUST-03618,Isabella Taylor,isabella.taylor564@example.com,Consumer,Bronze,04-11-2024
CUST-01326,Diya Jones,diya.jones@outlook.com,Small Business,Bronze,12-04-2024
CUST-01464,Myra Williams,myra.williams815@example.com,Consumer,Bronze,15-10-2024
CUST-00807,William Anderson,william.anderson457@example.com,Consumer,Platinum,05-02-2023
CUST-03275,Robert Brown,robert.brown250@example.com,Consumer,Gold,16-05-2024
CUST-02109,Emma Patel,emma.patel814@example.com,Consumer,Platinum,02-03-2023
CUST-04038,Riya Jones,riya.jones958@example.com,Consumer,Bronze,10-09-2024
CUST-02235,Diya Sharma,diya.sharma167@example.com,Corporate,,09-03-2024
CUST-00964,John Yadav,john.yadav78@example.com,Consumer,Bronze,15-01-2023
CUST-03259,Michael Taylor,michael.taylor563@example.com,Consumer,Silver,25-11-2024
CUST-00399,Pari Mehta,pari.mehta413@example.com,Consumer,Bronze,13-07-2023
CUST-02633,Krishna Taylor,krishna.taylor408@example.com,Consumer,Gold,19-02-2023
CUST-02997,Reyansh Patel,reyansh.patel15@example.com,Consumer,Silver,12-05-2024
CUST-00705,James Smith,james.smith138@example.com,Small Business,Bronze,22-10-2023
CUST-00432,Vivaan Singh,unregistered@exmple.com,Corporate,Bronze,19-01-2023
CUST-00293,Vihaan Williams,vihaan.williams563@example.com,Consumer,None,06-02-2024
CUST-00616,Reyansh Smith,reyansh.smith934@example.com,Consumer,Bronze,14-08-2024
CUST-00146,James Patel,james.patel339@example.com,Small Business,Bronze,11-06-2024
CUST-03632,Emma Gupta,emma.gupta121@example.com,Consumer,Bronze,31-07-2023
CUST-02034,Michael Kumar,michael.kumar422@example.com,Consumer,Bronze,21-12-2023
CUST-03989,Ananya Brown,ananya.brown@outlook.com,Consumer,Bronze,25-05-2023
CUST-01166,Michael Taylor,michael.taylor@outlook.com,Consumer,Silver,17-05-2023
CUST-02051,Krishna Anderson,krishna.anderson726@example.com,Small Business,Silver,23-03-2023
CUST-02625,James Jones,james.jones238@example.com,Small Business,Bronze,12-05-2024
CUST-04057,Michael Johnson,michael.johnson332@example.com,Consumer,Bronze,31-08-2024
CUST-00340,Vivaan Patel,unregistered@exmple.com,Corporate,Bronze,14-07-2023
CUST-04476,Aadhya Jones,aadhya.jones176@example.com,Consumer,Silver,07-08-2023
CUST-02974,Olivia Miller,unregistered@exmple.com,Consumer,Bronze,30-04-2023
CUST-00266,Vivaan Gupta,vivaan.gupta66@example.com,Consumer,Bronze,29-01-2023
CUST-02425,Aditya Williams,aditya.williams590@example.com,Consumer,Silver,14-06-2024
CUST-01263,Aanya Davis,aanya.davis735@example.com,Small Business,Platinum,27-04-2024
CUST-01772,Saanvi Davis,saanvi.davis666@example.com,Consumer,Bronze,25-06-2024
CUST-00272,Olivia Wilson,olivia.wilson755@example.com,Corporate,Silver,21-07-2024
CUST-00697,Michael Yadav,michael.yadav248@example.com,Small Business,Silver,06-04-2024
CUST-00748,Isabella Patel,isabella.patel288@example.com,Consumer,Bronze,13-07-2023
CUST-00245,Aanya Kumar,aanya.kumar103@example.com,Corporate,Bronze,19-05-2024
CUST-00318,Emma Mehta,emma.mehta142@example.com,Consumer,Bronze,12-05-2023
CUST-00477,Saanvi Gupta,saanvi.gupta885@example.com,Small Business,Silver,19-07-2023
CUST-02033,Arjun Yadav,arjun.yadav536@example.com,Corporate,Bronze,26-10-2023
CUST-00958,Aditya Anderson,aditya.anderson487@example.com,Corporate,Bronze,13-01-2024
CUST-03312,Ava Johnson,ava.johnson421@example.com,Consumer,Silver,27-04-2024
CUST-00814,Diya Singh,diya.singh627@example.com,Corporate,Gold,11-11-2024
CUST-03683,Robert Taylor,robert.taylor358@example.com,Corporate,Silver,14-01-2024
CUST-01915,Michael Reddy,michael.reddy774@example.com,Consumer,Silver,10-08-2023
CUST-04286,Reyansh Miller,reyansh.miller833@example.com,Consumer,Silver,22-02-2023
CUST-01298,Michael Jones,michael.jones594@example.com,Consumer,Bronze,04-03-2023
CUST-01805,Isha Joshi,isha.joshi288@gmail.com,Consumer,Bronze,06-09-2023
CUST-03826,John Brown,john.brown411@example.com,Consumer,Silver,03-06-2024
CUST-00251,Myra Brown,myra.brown519@example.com,Consumer,Bronze,21-03-2024
CUST-02462,Arjun Sharma,arjun.sharma493@example.com,Corporate,Bronze,31-10-2024
CUST-00546,Vihaan Jones,vihaan.jones275@example.com,Consumer,Bronze,13-07-2023
CUST-00739,Diya Anderson,diya.anderson40@example.com,Corporate,Bronze,27-08-2024
CUST-00311,Vihaan Anderson,vihaan.anderson358@example.com,Corporate,Bronze,18-09-2024
CUST-02942,Reyansh Davis,reyansh.davis286@example.com,Consumer,None,11-08-2023
CUST-01132,Reyansh Kumar,reyansh.kumar304@example.com,Consumer,Bronze,02-05-2024
CUST-01450,Sophia Yadav,sophia.yadav551@example.com,Consumer,Gold,18-12-2023
CUST-00016,Emma Johnson,emma.johnson65@example.com,Corporate,Silver,08-10-2023
CUST-02770,Pari Brown,pari.brown431@example.com,Consumer,Bronze,01-12-2024
CUST-00921,Michael Kumar,michael.kumar603@example.com,Consumer,Silver,22-10-2023
CUST-03030,Aadhya Joshi,aadhya.joshi130@example.com,Consumer,Bronze,15-11-2024
CUST-04451,William Jones,william.jones345@example.com,Consumer,Platinum,21-08-2024
CUST-02545,Anika Miller,anika.miller589@example.com,Corporate,Silver,30-07-2024
CUST-00039,John Johnson,john.johnson@outlook.com,Small Business,Bronze,20-05-2023
CUST-00364,Ayaan Johnson,ayaan.johnson@outlook.com,Consumer,Silver,06-04-2023
CUST-03566,Ananya Anderson,ananya.anderson340@gmail.com,Consumer,Bronze,29-04-2023
CUST-00183,Aadhya Singh,aadhya.singh171@example.com,Consumer,Gold,23-03-2023
CUST-03034,Saanvi Davis,saanvi.davis199@example.com,Small Business,Bronze,26-05-2023
CUST-02984,William Verma,william.verma710@example.com,Small Business,Platinum,03-06-2023
CUST-01195,James Verma,james.verma706@example.com,Consumer,Bronze,18-11-2023
CUST-02853,Aarav Sharma,aarav.sharma316@example.com,Corporate,Silver,06-06-2024
CUST-03270,Isabella Anderson,isabella.anderson338@example.com,Consumer,Gold,08-11-2023
CUST-01122,Isha Jones,isha.jones440@example.com,Corporate,Platinum,31-05-2024
CUST-02236,Robert Johnson,robert.johnson218@example.com,Consumer,Silver,11-12-2023
CUST-02668,Aditya Taylor,aditya.taylor@outlook.com,Consumer,Gold,20-02-2024
CUST-03500,Aarav Joshi,aarav.joshi114@example.com,Corporate,Silver,08-05-2023
CUST-01183,Arjun Kumar,unregistered@exmple.com,Consumer,Silver,02-09-2024
CUST-00615,Saanvi Patel,saanvi.patel148@example.com,Consumer,Bronze,11-09-2024
CUST-01467,Ananya Kumar,ananya.kumar463@example.com,Consumer,Silver,08-05-2023
CUST-00402,Sai Johnson,sai.johnson437@example.com,Consumer,Silver,24-01-2023
CUST-03043,Aanya Singh,aanya.singh45@example.com,Consumer,Bronze,26-04-2024
CUST-00935,Ava Davis,ava.davis219@example.com,Consumer,Bronze,29-06-2024
CUST-02420,Robert Johnson,robert.johnson323@example.com,Corporate,Silver,28-07-2023
CUST-04269,Diya Wilson,diya.wilson512@example.com,Consumer,Bronze,20-05-2023
CUST-02642,Krishna Mehta,krishna.mehta@outlook.com,Consumer,Platinum,05-01-2023
CUST-03488,Sophia Mehta,sophia.mehta701@example.com,Consumer,None,12-05-2023
CUST-00727,Krishna Mehta,krishna.mehta912@example.com,Consumer,Platinum,12-06-2023
CUST-00827,Ayaan Mehta,ayaan.mehta347@example.com,Consumer,Bronze,17-06-2023
CUST-01522,Aadhya Wilson,aadhya.wilson93@example.com,Corporate,Bronze,22-04-2023
CUST-04418,Krishna Gupta,krishna.gupta892@example.com,Consumer,Silver,18-01-2023
CUST-02931,Vivaan Kumar,vivaan.kumar@outlook.com,Corporate,Bronze,22-01-2024
CUST-00137,Isabella Davis,isabella.davis364@example.com,Corporate,Bronze,10-03-2023
CUST-00629,Diya Taylor,diya.taylor364@example.com,Consumer,Bronze,28-07-2024
CUST-00335,Sophia Jones,sophia.jones391@example.com,Corporate,Gold,20-11-2024
CUST-00391,Ananya Gupta,ananya.gupta944@example.com,Corporate,Bronze,16-06-2024
CUST-04425,Aditya Joshi,aditya.joshi828@example.com,Consumer,Bronze,11-12-2023
CUST-03324,Vihaan Gupta,vihaan.gupta991@example.com,Corporate,Bronze,17-06-2024
CUST-01818,Myra Davis,myra.davis808@gmail.com,Consumer,Bronze,10-03-2024
CUST-00401,Ananya Sharma,ananya.sharma420@example.com,Corporate,Bronze,08-12-2024
CUST-00711,Olivia Williams,olivia.williams35@example.com,Small Business,Bronze,09-12-2023
CUST-01040,William Mehta,william.mehta624@example.com,Consumer,Bronze,18-10-2023
CUST-03464,Ava Patel,ava.patel377@example.com,Consumer,Bronze,24-10-2024
CUST-00047,Krishna Reddy,krishna.reddy747@example.com,Consumer,Bronze,15-10-2024
CUST-01562,Saanvi Jones,saanvi.jones955@example.com,Consumer,Bronze,26-04-2024
CUST-04464,John Sharma,john.sharma724@example.com,Consumer,Bronze,26-12-2023
CUST-01113,James Singh,james.singh378@example.com,Small Business,Bronze,03-02-2023
CUST-02514,Riya Williams,riya.williams825@gmail.com,Consumer,Bronze,02-07-2024
CUST-01224,Arjun Patel,arjun.patel804@example.com,Corporate,Bronze,02-02-2024
CUST-03527,Arjun Patel,arjun.patel58@example.com,Consumer,Bronze,23-06-2024
CUST-03024,Anika Gupta,anika.gupta738@example.com,Consumer,Bronze,19-05-2023
CUST-02422,Olivia Anderson,olivia.anderson76@example.com,Consumer,Platinum,08-06-2024
CUST-01509,Anika Brown,anika.brown764@example.com,Consumer,Bronze,09-01-2023
CUST-01751,Emma Wilson,emma.wilson838@gmail.com,Consumer,Gold,20-12-2023
CUST-04500,Sophia Anderson,sophia.anderson32@example.com,Consumer,Bronze,21-04-2024
CUST-03558,Arjun Gupta,arjun.gupta20@example.com,Corporate,Silver,18-10-2023
CUST-01800,John Yadav,john.yadav486@example.com,Small Business,Bronze,02-05-2023
CUST-00216,Ananya Williams,ananya.williams936@example.com,Consumer,Bronze,10-09-2024
CUST-01342,Vihaan Sharma,vihaan.sharma329@example.com,Small Business,Bronze,05-12-2024
CUST-00012,Aditya Verma,aditya.verma368@example.com,Consumer,Bronze,26-11-2024
CUST-01521,Isha Patel,isha.patel23@example.com,Consumer,Platinum,09-01-2024
CUST-03570,Ishaan Yadav,ishaan.yadav189@example.com,Consumer,Silver,21-05-2023
CUST-04047,Ananya Gupta,ananya.gupta603@example.com,Consumer,Silver,30-04-2023
CUST-03005,Vivaan Brown,vivaan.brown679@example.com,Corporate,Bronze,05-03-2024
CUST-02865,Sophia Sharma,sophia.sharma591@example.com,Consumer,Bronze,09-11-2024
CUST-03116,Arjun Patel,arjun.patel270@example.com,Consumer,Gold,19-01-2024
CUST-03674,Vivaan Miller,vivaan.miller106@example.com,Consumer,Silver,10-07-2023
CUST-02323,Ayaan Taylor,ayaan.taylor873@example.com,Consumer,Silver,04-11-2024
CUST-02572,Myra Kumar,myra.kumar42@example.com,Consumer,Silver,20-08-2023
CUST-02914,Vivaan Singh,vivaan.singh444@example.com,Corporate,Silver,12-12-2023
CUST-00102,Riya Wilson,riya.wilson859@example.com,Corporate,Bronze,28-02-2024
CUST-03796,Robert Brown,robert.brown53@example.com,Small Business,Bronze,22-05-2024
CUST-00172,Isabella Anderson,isabella.anderson652@example.com,Consumer,Bronze,22-01-2024
CUST-00108,Aditya Jones,aditya.jones850@example.com,Small Business,Silver,12-09-2023
CUST-03722,Anika Patel,anika.patel909@example.com,Small Business,Silver,18-01-2023
CUST-03887,Ava Davis,ava.davis869@example.com,Small Business,Bronze,03-04-2023
CUST-04449,Myra Joshi,myra.joshi@outlook.com,Consumer,Silver,23-06-2023
CUST-03350,Vivaan Brown,vivaan.brown198@example.com,Consumer,Silver,21-12-2023
CUST-03599,Krishna Yadav,krishna.yadav702@example.com,Small Business,Platinum,03-10-2023
CUST-03537,Robert Taylor,robert.taylor346@example.com,Consumer,Gold,14-04-2024
CUST-03969,Ananya Verma,ananya.verma457@example.com,Consumer,Silver,22-07-2023
CUST-01241,Sophia Taylor,sophia.taylor422@example.com,Consumer,Silver,23-12-2023
CUST-04318,James Davis,james.davis875@example.com,Consumer,Silver,23-11-2023
CUST-01041,Sai Wilson,sai.wilson117@example.com,Consumer,Bronze,12-12-2023
CUST-03703,Ishaan Miller,ishaan.miller414@example.com,Consumer,Bronze,28-09-2024
CUST-02761,Pari Taylor,pari.taylor555@example.com,Small Business,Bronze,11-08-2024
CUST-02121,Krishna Sharma,krishna.sharma778@example.com,Consumer,Bronze,27-08-2024
CUST-01525,Myra Smith,myra.smith22@example.com,Corporate,Bronze,05-03-2024
CUST-00154,Isha Verma,isha.verma286@example.com,Consumer,Gold,06-01-2024
CUST-02249,Isabella Anderson,isabella.anderson686@example.com,Consumer,Gold,16-05-2023
CUST-00482,Saanvi Patel,saanvi.patel326@example.com,Consumer,Bronze,18-08-2024
CUST-03771,Michael Johnson,michael.johnson536@example.com,Corporate,Bronze,26-10-2023
CUST-03912,Isha Mehta,isha.mehta95@example.com,Consumer,Silver,02-10-2024
CUST-04488,Sophia Brown,sophia.brown767@example.com,Consumer,Bronze,08-06-2023
CUST-01763,James Yadav,james.yadav412@example.com,Consumer,Bronze,04-07-2024
CUST-04468,Olivia Jones,olivia.jones756@example.com,Consumer,Bronze,18-02-2024
CUST-01786,Robert Smith,robert.smith528@example.com,Small Business,Bronze,08-10-2024
CUST-03670,Myra Kumar,myra.kumar726@example.com,Consumer,Bronze,03-10-2023
CUST-03620,Sai Brown,sai.brown136@example.com,Small Business,Bronze,06-04-2023
CUST-00406,Aadhya Singh,aadhya.singh71@example.com,Consumer,Bronze,27-09-2023
CUST-00758,William Smith,william.smith403@gmail.com,Consumer,Bronze,08-08-2024
CUST-02712,Aarav Smith,aarav.smith219@example.com,Consumer,Bronze,05-09-2023
CUST-02671,Olivia Patel,olivia.patel712@example.com,Consumer,Bronze,27-12-2023
CUST-03913,Ava Joshi,ava.joshi771@example.com,Small Business,Silver,08-02-2024
CUST-00098,Arjun Brown,arjun.brown535@example.com,Corporate,Silver,05-10-2024
CUST-01334,Ananya Gupta,ananya.gupta757@example.com,Consumer,Silver,13-11-2024
CUST-02792,Saanvi Taylor,saanvi.taylor@outlook.com,Small Business,Bronze,13-10-2024
CUST-02855,Ava Gupta,ava.gupta500@example.com,Consumer,Silver,22-06-2023
CUST-00187,James Kumar,james.kumar675@example.com,Corporate,Bronze,19-05-2023
CUST-03966,Vivaan Verma,vivaan.verma43@example.com,Consumer,Bronze,18-03-2024
CUST-02724,James Kumar,james.kumar992@gmail.com,Consumer,Silver,28-06-2023
CUST-02059,Diya Kumar,unregistered@exmple.com,Consumer,Silver,14-10-2024
CUST-03729,Aadhya Jones,aadhya.jones188@example.com,Consumer,Bronze,26-10-2024
CUST-00149,Krishna Miller,krishna.miller111@example.com,Consumer,Gold,04-10-2024
CUST-00029,Ayaan Kumar,ayaan.kumar581@example.com,Consumer,Gold,10-10-2024
CUST-03623,Diya Patel,diya.patel492@example.com,Corporate,Bronze,15-04-2023
CUST-03481,Sophia Kumar,sophia.kumar783@example.com,Consumer,Silver,05-06-2024
CUST-00693,James Taylor,james.taylor836@example.com,Corporate,Gold,22-01-2024
CUST-02867,William Patel,william.patel731@example.com,Consumer,Silver,23-11-2024
CUST-01387,Riya Gupta,riya.gupta790@example.com,Consumer,Bronze,25-02-2023
CUST-01846,Aarav Joshi,aarav.joshi684@example.com,Consumer,Bronze,09-02-2024
CUST-04407,Saanvi Davis,saanvi.davis556@example.com,Consumer,Silver,21-01-2023
CUST-03630,Emma Taylor,unregistered@exmple.com,Consumer,Bronze,21-10-2024
CUST-01600,Vivaan Miller,vivaan.miller716@example.com,Consumer,Gold,11-09-2024
CUST-03968,John Miller,john.miller594@gmail.com,Consumer,Silver,11-03-2024
CUST-00702,Diya Gupta,diya.gupta948@example.com,Consumer,Platinum,10-10-2024
CUST-03029,Ava Taylor,ava.taylor691@example.com,Consumer,Bronze,26-01-2024
CUST-02970,Isha Smith,isha.smith650@example.com,Corporate,Gold,30-12-2023
CUST-01709,Myra Taylor,myra.taylor580@example.com,Consumer,Silver,05-10-2023
CUST-02954,Olivia Smith,olivia.smith525@example.com,Consumer,Gold,26-09-2024
CUST-00455,James Yadav,james.yadav819@example.com,Consumer,Silver,26-02-2023
CUST-02869,Ava Brown,ava.brown640@example.com,Consumer,None,27-01-2023
CUST-02041,Saanvi Kumar,saanvi.kumar932@example.com,Consumer,Bronze,06-04-2023
CUST-03707,Saanvi Gupta,saanvi.gupta796@example.com,Consumer,Gold,31-01-2024
CUST-02316,Ayaan Davis,unregistered@exmple.com,Corporate,Bronze,02-02-2023
CUST-00610,Riya Johnson,riya.johnson915@example.com,Small Business,Platinum,10-07-2024
CUST-00168,Michael Davis,michael.davis68@example.com,Consumer,Silver,13-07-2023
CUST-00731,Aanya Kumar,aanya.kumar423@example.com,Corporate,Bronze,24-03-2023
CUST-03810,Isabella Reddy,isabella.reddy15@example.com,Small Business,Gold,31-08-2024
CUST-02075,Aanya Jones,aanya.jones330@example.com,Consumer,Bronze,07-07-2023
CUST-03509,William Gupta,william.gupta938@example.com,Consumer,Silver,27-09-2023
CUST-01623,Myra Johnson,myra.johnson897@example.com,Consumer,Gold,21-12-2023
CUST-00588,Krishna Gupta,krishna.gupta125@example.com,Corporate,Bronze,22-06-2023
CUST-01402,Ayaan Verma,ayaan.verma329@example.com,Consumer,Bronze,11-04-2023
CUST-03225,Myra Mehta,myra.mehta990@example.com,Corporate,Silver,27-03-2023
CUST-01701,John Wilson,john.wilson195@example.com,Consumer,Bronze,23-05-2024
CUST-03089,Sai Yadav,sai.yadav568@example.com,Corporate,Silver,28-04-2024
CUST-04375,Aanya Kumar,aanya.kumar237@example.com,Consumer,Bronze,25-10-2024
CUST-02982,Sai Sharma,sai.sharma302@example.com,Consumer,Silver,18-05-2023
CUST-00041,William Johnson,william.johnson88@example.com,Consumer,Bronze,07-05-2024
CUST-01380,Aanya Brown,aanya.brown@outlook.com,Consumer,Bronze,22-10-2023
CUST-02090,Sophia Mehta,sophia.mehta863@example.com,Consumer,Silver,19-04-2024
CUST-02176,Anika Taylor,anika.taylor380@example.com,Consumer,Bronze,02-09-2023
CUST-03218,Riya Sharma,riya.sharma296@example.com,Consumer,Platinum,28-05-2024
CUST-03957,Riya Wilson,riya.wilson650@example.com,Small Business,Bronze,07-11-2024
CUST-03845,Ishaan Johnson,ishaan.johnson@outlook.com,Consumer,Silver,02-12-2024
CUST-03816,Emma Wilson,emma.wilson139@example.com,Consumer,Bronze,11-03-2023
CUST-02658,Diya Smith,diya.smith283@example.com,Consumer,Bronze,13-01-2024
CUST-03181,Sophia Johnson,sophia.johnson606@example.com,Small Business,Silver,18-10-2023
CUST-02077,Emma Gupta,emma.gupta595@example.com,Consumer,Bronze,03-05-2023
CUST-00442,Diya Miller,diya.miller187@example.com,Consumer,Platinum,01-04-2024
CUST-03519,Sai Wilson,sai.wilson520@example.com,Consumer,Silver,21-10-2023
CUST-02052,Reyansh Smith,reyansh.smith255@example.com,Corporate,Bronze,26-10-2023
CUST-02542,Vivaan Johnson,vivaan.johnson589@example.com,Small Business,Silver,30-03-2023
CUST-03307,Aarav Taylor,aarav.taylor327@example.com,Consumer,Bronze,12-11-2023
CUST-01302,Vivaan Johnson,vivaan.johnson745@example.com,Consumer,Bronze,16-12-2023
CUST-01782,Isha Johnson,isha.johnson15@example.com,Consumer,Bronze,05-05-2023
CUST-04479,Myra Reddy,myra.reddy822@example.com,Small Business,Bronze,22-08-2023
CUST-01305,Aditya Wilson,aditya.wilson915@example.com,Corporate,Bronze,02-09-2023
CUST-00237,Krishna Joshi,krishna.joshi980@example.com,Corporate,Silver,12-07-2024
CUST-02600,Isha Yadav,isha.yadav577@example.com,Consumer,Silver,03-11-2024
CUST-00521,Krishna Taylor,krishna.taylor860@example.com,Consumer,Bronze,03-05-2023
CUST-02574,James Yadav,james.yadav937@example.com,Corporate,Bronze,17-11-2023
CUST-03281,Saanvi Johnson,saanvi.johnson279@gmail.com,Consumer,Bronze,07-09-2024
CUST-03187,Anika Gupta,anika.gupta162@example.com,Corporate,Bronze,10-01-2023
CUST-02769,Aadhya Davis,aadhya.davis@outlook.com,Consumer,,19-09-2023
CUST-00736,Michael Taylor,michael.taylor848@example.com,Corporate,Bronze,30-06-2023
CUST-04381,Isabella Yadav,isabella.yadav577@example.com,Corporate,None,03-02-2023
CUST-02107,Isabella Miller,isabella.miller914@example.com,Consumer,Gold,13-12-2024
CUST-02680,Reyansh Johnson,reyansh.johnson540@example.com,Consumer,Silver,28-09-2024
CUST-03230,Michael Sharma,michael.sharma853@example.com,Consumer,Bronze,13-03-2024
CUST-02762,Aadhya Johnson,aadhya.johnson890@example.com,Consumer,Silver,26-09-2024
CUST-00593,Arjun Joshi,arjun.joshi373@example.com,Consumer,Bronze,04-12-2024
CUST-01304,Saanvi Sharma,saanvi.sharma@outlook.com,Consumer,Bronze,12-01-2023
CUST-01388,Ishaan Miller,ishaan.miller291@example.com,Consumer,Bronze,17-02-2023
CUST-04373,Sophia Davis,unregistered@exmple.com,Consumer,None,28-11-2023
CUST-03428,Vivaan Smith,unregistered@exmple.com,Small Business,Bronze,19-11-2024
CUST-04107,Anika Wilson,anika.wilson933@example.com,Small Business,Silver,08-07-2024
CUST-02988,Reyansh Gupta,reyansh.gupta101@example.com,Consumer,Bronze,28-06-2023
CUST-00905,Aditya Brown,aditya.brown@outlook.com,Consumer,Silver,30-05-2023
CUST-04292,Myra Sharma,myra.sharma812@example.com,Small Business,Silver,01-05-2024
CUST-01280,Vivaan Smith,vivaan.smith113@example.com,Consumer,Platinum,02-10-2024
CUST-00934,Ayaan Miller,ayaan.miller615@example.com,Small Business,None,10-03-2023
CUST-02309,Aadhya Wilson,unregistered@exmple.com,Consumer,Silver,07-01-2024
CUST-01556,Aditya Singh,aditya.singh659@example.com,Consumer,Bronze,07-12-2024
CUST-03191,Sophia Joshi,sophia.joshi109@example.com,Small Business,Silver,06-09-2024
CUST-04137,Sophia Kumar,sophia.kumar528@example.com,Consumer,Gold,12-05-2023
CUST-00707,Diya Williams,diya.williams713@example.com,Consumer,Bronze,13-08-2023
CUST-04368,Pari Reddy,pari.reddy716@example.com,Consumer,Silver,29-06-2023
CUST-03071,Riya Taylor,riya.taylor927@example.com,Consumer,Silver,05-11-2023
CUST-00746,Pari Reddy,pari.reddy65@example.com,Consumer,Silver,12-10-2023
CUST-01940,Anika Kumar,anika.kumar361@example.com,Corporate,Silver,17-04-2024
CUST-04099,Ava Joshi,ava.joshi849@example.com,Consumer,Bronze,31-08-2023
CUST-02863,Ava Johnson,ava.johnson219@example.com,Corporate,Gold,20-03-2023
CUST-03469,William Williams,william.williams543@example.com,Consumer,Gold,03-12-2023
CUST-00514,Reyansh Taylor,reyansh.taylor334@example.com,Corporate,Bronze,21-08-2024
CUST-00082,Vivaan Kumar,vivaan.kumar922@example.com,Consumer,Bronze,15-04-2024
CUST-01309,Anika Miller,anika.miller744@example.com,Consumer,,25-05-2023
CUST-04234,Arjun Wilson,arjun.wilson417@example.com,Consumer,Silver,08-09-2024
CUST-00915,Vivaan Williams,vivaan.williams941@example.com,Consumer,Silver,20-01-2024
CUST-04469,Michael Taylor,michael.taylor14@example.com,Consumer,Bronze,16-06-2024
CUST-04088,William Yadav,william.yadav649@example.com,Consumer,Bronze,10-01-2023
CUST-02199,Anika Kumar,anika.kumar@outlook.com,Small Business,Bronze,12-05-2024
CUST-00330,Pari Davis,pari.davis73@example.com,Consumer,Bronze,25-11-2024
CUST-02055,Isabella Verma,isabella.verma476@example.com,Consumer,Bronze,02-04-2024
CUST-02002,James Johnson,james.johnson@outlook.com,Corporate,Bronze,21-03-2023
CUST-00944,Anika Wilson,anika.wilson@outlook.com,Consumer,Silver,06-02-2023
CUST-04215,James Davis,james.davis986@example.com,Corporate,Silver,17-07-2023
CUST-00910,James Johnson,james.johnson834@example.com,Consumer,Bronze,03-11-2023
CUST-02517,Riya Brown,riya.brown214@example.com,Corporate,Gold,29-09-2024
CUST-00182,Ava Reddy,ava.reddy26@example.com,Consumer,Silver,15-04-2023
CUST-00165,Vivaan Miller,vivaan.miller312@example.com,Consumer,Bronze,07-05-2023
CUST-01524,Aarav Anderson,aarav.anderson425@gmail.com,Corporate,Silver,29-09-2023
CUST-00452,Vihaan Gupta,vihaan.gupta430@example.com,Consumer,Silver,18-01-2023
CUST-02539,Myra Jones,myra.jones94@example.com,Consumer,Bronze,04-12-2024
CUST-03573,Aanya Taylor,aanya.taylor99@example.com,Consumer,Silver,24-03-2023
CUST-04443,William Davis,william.davis91@example.com,Consumer,Bronze,04-09-2024
CUST-01312,Vihaan Patel,vihaan.patel105@example.com,Consumer,Bronze,22-07-2023
CUST-04087,John Brown,john.brown@outlook.com,Consumer,Bronze,10-08-2024
CUST-01112,Olivia Miller,unregistered@exmple.com,Consumer,Bronze,27-09-2024
CUST-01288,Olivia Taylor,olivia.taylor127@example.com,Corporate,Platinum,02-07-2023
CUST-03688,Ava Patel,ava.patel203@example.com,Consumer,Bronze,02-06-2023
CUST-03967,Isabella Jones,isabella.jones@outlook.com,Consumer,Gold,19-07-2024
CUST-03679,Diya Miller,diya.miller90@example.com,Corporate,Silver,04-08-2024
CUST-03301,Ishaan Anderson,ishaan.anderson981@example.com,Consumer,Silver,27-03-2023
CUST-03311,Olivia Singh,olivia.singh93@example.com,Small Business,Bronze,12-01-2023
CUST-04242,Riya Taylor,riya.taylor960@example.com,Consumer,Bronze,27-06-2023
CUST-03126,Riya Johnson,riya.johnson591@example.com,Consumer,Silver,22-08-2023
CUST-00328,Vivaan Miller,vivaan.miller235@example.com,Corporate,Silver,06-11-2023
CUST-01791,Aadhya Joshi,aadhya.joshi746@example.com,Small Business,Silver,19-04-2023
CUST-02491,Emma Johnson,emma.johnson281@example.com,Consumer,Silver,04-06-2023
CUST-02007,Isabella Kumar,isabella.kumar286@example.com,Consumer,Bronze,13-04-2023
CUST-02008,Arjun Reddy,arjun.reddy16@example.com,Consumer,Platinum,23-04-2023
CUST-01859,Ishaan Sharma,ishaan.sharma618@example.com,Corporate,Bronze,17-02-2023
CUST-04363,Aarav Gupta,aarav.gupta336@example.com,Small Business,Gold,25-09-2023
CUST-00313,Sophia Kumar,sophia.kumar962@example.com,Consumer,Bronze,16-08-2023
CUST-00833,Robert Singh,robert.singh638@example.com,Consumer,Gold,30-06-2023
CUST-03080,Saanvi Yadav,unregistered@exmple.com,Corporate,Bronze,24-03-2023
CUST-04395,Vihaan Wilson,vihaan.wilson508@example.com,Consumer,Silver,16-04-2023
CUST-01202,Sai Gupta,sai.gupta209@example.com,Consumer,Bronze,08-02-2023
CUST-04075,Olivia Mehta,olivia.mehta@outlook.com,Corporate,Bronze,05-05-2023
CUST-03873,Sophia Kumar,sophia.kumar63@example.com,Consumer,Silver,10-07-2023
CUST-02135,Aadhya Jones,aadhya.jones17@example.com,Consumer,Bronze,10-07-2023
CUST-03452,Aarav Sharma,aarav.sharma910@example.com,Consumer,Bronze,12-12-2024
CUST-02210,Krishna Miller,krishna.miller710@example.com,Consumer,Bronze,09-06-2023
CUST-04085,Reyansh Singh,reyansh.singh387@example.com,Consumer,Gold,28-06-2023
CUST-01482,Aanya Wilson,aanya.wilson869@example.com,Small Business,Bronze,12-06-2024
CUST-00778,Isabella Williams,isabella.williams859@example.com,Consumer,Silver,20-02-2023
CUST-00800,Arjun Smith,arjun.smith975@example.com,Consumer,Silver,26-03-2024
CUST-00055,Michael Singh,michael.singh22@example.com,Consumer,Gold,10-12-2024
CUST-02973,Michael Yadav,michael.yadav789@example.com,Consumer,Silver,19-07-2024
CUST-03336,Ishaan Reddy,ishaan.reddy887@example.com,Consumer,Bronze,08-06-2024
CUST-01921,Emma Johnson,emma.johnson918@example.com,Consumer,Silver,31-05-2024
CUST-04327,Ava Reddy,ava.reddy228@gmail.com,Consumer,Bronze,02-03-2024
CUST-03804,William Singh,william.singh531@example.com,Consumer,Silver,10-11-2024
CUST-01702,Emma Anderson,emma.anderson649@example.com,Corporate,Gold,09-12-2023
CUST-03294,Vivaan Mehta,vivaan.mehta292@example.com,Corporate,Bronze,14-02-2023
CUST-02162,Arjun Singh,arjun.singh58@example.com,Consumer,Silver,04-04-2024
CUST-01137,William Williams,unregistered@exmple.com,Consumer,Silver,18-04-2023
CUST-00988,Pari Taylor,pari.taylor326@example.com,Consumer,Platinum,08-04-2024
CUST-02550,Aditya Taylor,aditya.taylor356@example.com,Small Business,Bronze,08-01-2023
CUST-03801,Isabella Wilson,isabella.wilson809@example.com,Consumer,Silver,21-11-2023
CUST-03058,Emma Williams,emma.williams948@example.com,Small Business,Bronze,14-08-2023
CUST-03247,Aadhya Anderson,aadhya.anderson796@example.com,Consumer,Bronze,07-10-2023
CUST-01395,Anika Mehta,anika.mehta855@example.com,Consumer,Silver,18-11-2023
CUST-02638,Aditya Brown,aditya.brown325@example.com,Corporate,Bronze,23-06-2024
CUST-00769,Aadhya Joshi,aadhya.joshi900@example.com,Consumer,Silver,12-07-2023
CUST-04380,Diya Verma,diya.verma691@example.com,Consumer,Silver,23-05-2023
CUST-03091,Vihaan Anderson,vihaan.anderson506@example.com,Consumer,Gold,22-07-2023
CUST-03216,Ayaan Jones,ayaan.jones140@example.com,Consumer,Platinum,31-08-2023
CUST-00286,Isabella Kumar,unregistered@exmple.com,Consumer,Silver,14-12-2023
CUST-00429,Aditya Reddy,aditya.reddy979@example.com,Corporate,Bronze,18-11-2023
CUST-04144,Aadhya Gupta,aadhya.gupta737@example.com,Consumer,Silver,04-08-2024
CUST-02333,Arjun Miller,arjun.miller@outlook.com,Consumer,Silver,28-01-2023
CUST-02718,Anika Anderson,anika.anderson459@example.com,Consumer,Bronze,14-08-2023
CUST-02080,Ava Joshi,ava.joshi327@example.com,Consumer,Bronze,05-07-2023
CUST-03390,Robert Reddy,robert.reddy753@example.com,Consumer,Silver,13-11-2024
CUST-00723,Saanvi Patel,saanvi.patel716@example.com,Consumer,Bronze,20-10-2023
CUST-00952,Emma Taylor,emma.taylor240@example.com,Corporate,Bronze,15-11-2024
CUST-04028,John Davis,john.davis897@example.com,Consumer,Bronze,05-07-2024
CUST-02263,John Brown,john.brown168@example.com,Consumer,Bronze,03-11-2023
CUST-00990,Saanvi Anderson,saanvi.anderson801@example.com,Corporate,Platinum,26-01-2023
CUST-03213,Sai Gupta,sai.gupta@outlook.com,Corporate,Bronze,10-11-2023
CUST-03574,Saanvi Singh,saanvi.singh226@example.com,Consumer,Silver,06-11-2023
CUST-00327,Sophia Davis,sophia.davis947@example.com,Consumer,Bronze,05-08-2023
CUST-02609,Riya Reddy,riya.reddy610@example.com,Consumer,Bronze,07-04-2023
CUST-01384,Krishna Anderson,krishna.anderson140@gmail.com,Consumer,Bronze,01-03-2023
CUST-01725,Sophia Yadav,sophia.yadav581@example.com,Consumer,Silver,22-05-2024
CUST-01087,Vivaan Johnson,vivaan.johnson808@example.com,Consumer,Bronze,19-02-2024
CUST-02524,Sai Taylor,sai.taylor956@example.com,Consumer,Bronze,19-07-2023
CUST-00342,Emma Brown,emma.brown58@example.com,Consumer,None,23-01-2023
CUST-00148,Sophia Yadav,sophia.yadav63@example.com,Consumer,Silver,16-11-2023
CUST-00689,Pari Patel,pari.patel962@example.com,Consumer,Silver,03-09-2023
CUST-01108,Robert Gupta,robert.gupta889@example.com,Consumer,Silver,23-11-2023
CUST-00849,Reyansh Williams,reyansh.williams284@example.com,Consumer,Silver,11-05-2024
CUST-00967,Aanya Davis,aanya.davis877@example.com,Small Business,Bronze,04-05-2023
CUST-04405,Anika Miller,anika.miller740@example.com,Consumer,Bronze,09-08-2023
CUST-01493,Robert Singh,robert.singh234@example.com,Consumer,Bronze,04-10-2023
CUST-02204,Reyansh Yadav,reyansh.yadav544@example.com,Consumer,Platinum,08-07-2024
CUST-03911,Myra Yadav,myra.yadav433@example.com,Small Business,Bronze,22-06-2023
CUST-00662,John Singh,john.singh474@example.com,Consumer,Silver,08-04-2024
CUST-01003,Sai Singh,sai.singh324@example.com,Corporate,Silver,21-01-2023
CUST-00063,Sophia Reddy,unregistered@exmple.com,Consumer,Silver,13-02-2024
CUST-00285,William Sharma,william.sharma600@example.com,Consumer,Silver,18-11-2024
CUST-02225,Saanvi Davis,saanvi.davis464@example.com,Consumer,Silver,05-10-2024
CUST-04384,Myra Williams,myra.williams680@gmail.com,Consumer,Bronze,18-08-2024
CUST-01880,John Joshi,john.joshi95@gmail.com,Consumer,Platinum,19-12-2023
CUST-01204,William Sharma,william.sharma649@example.com,Consumer,Silver,10-09-2024
CUST-01991,Ava Singh,ava.singh@outlook.com,Consumer,Bronze,13-02-2024
CUST-00025,Riya Gupta,unregistered@exmple.com,Consumer,Silver,30-11-2024
CUST-03567,Arjun Yadav,arjun.yadav292@example.com,Consumer,Bronze,04-10-2023
CUST-03677,Ishaan Anderson,ishaan.anderson986@example.com,Consumer,Bronze,03-10-2023
CUST-04054,Aanya Brown,aanya.brown708@example.com,Consumer,None,01-07-2024
CUST-00876,John Anderson,john.anderson69@example.com,Small Business,Silver,08-05-2023
CUST-04417,John Mehta,john.mehta@outlook.com,Small Business,Bronze,29-01-2024
CUST-00939,Ishaan Smith,ishaan.smith712@example.com,Consumer,Bronze,04-07-2023
CUST-02688,John Anderson,john.anderson684@example.com,Corporate,Silver,29-02-2024
CUST-02395,Sophia Anderson,sophia.anderson513@example.com,Consumer,Bronze,26-04-2024
CUST-04253,Isabella Verma,isabella.verma613@example.com,Corporate,Bronze,02-06-2023
CUST-01998,Aditya Miller,aditya.miller409@example.com,Consumer,Gold,08-04-2024
CUST-03602,Reyansh Mehta,reyansh.mehta@outlook.com,Consumer,Bronze,16-01-2023
CUST-00386,Krishna Sharma,krishna.sharma32@example.com,Consumer,Silver,31-03-2024
CUST-04042,Diya Gupta,diya.gupta964@example.com,Consumer,Bronze,31-12-2023
CUST-04255,James Kumar,james.kumar493@example.com,Consumer,Silver,04-08-2024
CUST-03879,Emma Joshi,emma.joshi20@gmail.com,Corporate,Silver,03-09-2023
CUST-02292,Riya Taylor,riya.taylor695@example.com,Small Business,Bronze,15-06-2024
CUST-03694,Ava Patel,ava.patel745@example.com,Small Business,Gold,01-11-2024
CUST-00937,Ishaan Brown,ishaan.brown@outlook.com,Small Business,Platinum,17-05-2023
CUST-04323,Robert Reddy,robert.reddy563@example.com,Consumer,Bronze,23-11-2023
CUST-02361,Aadhya Wilson,aadhya.wilson683@example.com,Consumer,Bronze,02-08-2023
CUST-03508,Ishaan Mehta,ishaan.mehta100@example.com,Small Business,Silver,29-10-2023
CUST-00202,Ayaan Patel,ayaan.patel@outlook.com,Consumer,Bronze,18-07-2024
CUST-03209,Vihaan Davis,vihaan.davis563@example.com,Small Business,Bronze,05-12-2024
CUST-01333,Aditya Sharma,aditya.sharma968@example.com,Consumer,Bronze,04-05-2023
CUST-03017,Aditya Kumar,aditya.kumar198@gmail.com,Consumer,Gold,17-08-2024
CUST-03503,Anika Anderson,anika.anderson28@example.com,Small Business,Bronze,14-11-2024
CUST-02709,Aanya Miller,aanya.miller903@gmail.com,Corporate,Silver,12-09-2023
CUST-01935,Reyansh Anderson,reyansh.anderson989@example.com,Consumer,Silver,09-11-2024
CUST-00936,Aadhya Davis,aadhya.davis254@example.com,Corporate,Bronze,24-04-2023
CUST-02419,Michael Verma,michael.verma639@example.com,Consumer,Gold,10-11-2024
CUST-00567,Ananya Davis,ananya.davis973@example.com,Consumer,Silver,02-05-2023
CUST-01855,John Mehta,john.mehta@outlook.com,Consumer,Bronze,20-12-2023
CUST-04162,James Joshi,james.joshi791@example.com,Consumer,Silver,11-12-2023
CUST-02873,Aditya Singh,aditya.singh671@example.com,Consumer,Platinum,17-11-2024
CUST-03031,Sai Taylor,sai.taylor893@example.com,Corporate,Bronze,02-09-2023
CUST-01206,Sai Joshi,sai.joshi632@example.com,Consumer,Silver,13-06-2024
CUST-02468,Michael Brown,michael.brown49@example.com,Small Business,Platinum,05-03-2024
CUST-01646,Robert Anderson,robert.anderson412@example.com,Consumer,Silver,17-09-2024
CUST-03418,Aanya Brown,aanya.brown37@example.com,Consumer,Silver,05-11-2024
CUST-03477,Robert Mehta,robert.mehta583@example.com,Consumer,Platinum,16-05-2024
CUST-03753,Krishna Joshi,krishna.joshi882@example.com,Consumer,Silver,29-05-2024
CUST-02862,Isha Brown,isha.brown864@example.com,Consumer,Bronze,24-07-2024
CUST-01793,Ananya Reddy,ananya.reddy235@gmail.com,Corporate,Bronze,18-10-2023
CUST-01431,Pari Verma,pari.verma54@example.com,Consumer,Silver,13-05-2023
CUST-02827,Reyansh Davis,reyansh.davis598@example.com,Consumer,Bronze,04-11-2023
CUST-03369,Isha Yadav,isha.yadav985@example.com,Consumer,Gold,24-06-2023
CUST-03368,Aarav Johnson,aarav.johnson642@example.com,Consumer,Bronze,28-01-2024
CUST-03534,Reyansh Johnson,reyansh.johnson577@example.com,Consumer,Bronze,16-05-2023
CUST-03101,Olivia Patel,olivia.patel596@example.com,Consumer,Bronze,24-08-2024
CUST-04083,Isabella Reddy,isabella.reddy871@example.com,Consumer,Bronze,15-01-2023
CUST-01014,Aarav Brown,aarav.brown599@example.com,Consumer,Gold,25-09-2023
CUST-01929,Sophia Reddy,sophia.reddy888@example.com,Consumer,Gold,29-12-2023
CUST-03450,Sophia Yadav,sophia.yadav969@example.com,Small Business,Silver,23-08-2024
CUST-03962,Sophia Mehta,sophia.mehta580@example.com,Consumer,Silver,30-07-2023
CUST-04016,Isha Williams,isha.williams@outlook.com,Small Business,Bronze,07-07-2024
CUST-00127,James Yadav,james.yadav611@example.com,Consumer,Silver,03-10-2024
CUST-03702,Vivaan Taylor,vivaan.taylor450@gmail.com,Consumer,Silver,06-03-2024
CUST-02936,Robert Miller,robert.miller424@example.com,Small Business,Bronze,27-06-2023
CUST-03205,Arjun Singh,arjun.singh510@example.com,Consumer,Bronze,15-01-2023
CUST-01348,James Miller,james.miller57@example.com,Consumer,Bronze,10-09-2024
CUST-03056,Olivia Smith,olivia.smith134@gmail.com,Consumer,Gold,13-09-2023
CUST-04336,Vivaan Gupta,vivaan.gupta67@example.com,Consumer,Bronze,11-04-2024
CUST-03532,Pari Verma,pari.verma112@example.com,Small Business,Silver,28-11-2024
CUST-02731,Isha Anderson,isha.anderson854@example.com,Consumer,Bronze,28-06-2024
CUST-00828,Isabella Smith,isabella.smith785@example.com,Consumer,Bronze,11-12-2024
CUST-01640,Isha Verma,isha.verma@outlook.com,Consumer,Silver,12-04-2024
CUST-03041,Aditya Wilson,aditya.wilson378@example.com,Consumer,Platinum,14-01-2024
CUST-00985,Aarav Johnson,aarav.johnson265@example.com,Consumer,Gold,05-05-2023
CUST-03282,Riya Patel,riya.patel@outlook.com,Consumer,Platinum,03-10-2024
CUST-02189,Sophia Davis,sophia.davis737@example.com,Small Business,Silver,02-06-2024
CUST-04295,Aditya Sharma,aditya.sharma681@example.com,Consumer,Bronze,23-06-2024
CUST-02444,Aadhya Verma,aadhya.verma482@example.com,Small Business,Gold,18-07-2023
CUST-00363,Michael Miller,michael.miller193@example.com,Consumer,Silver,14-08-2023
CUST-02350,Arjun Patel,arjun.patel49@example.com,Consumer,Bronze,01-03-2023
CUST-00346,Sai Patel,sai.patel75@example.com,Corporate,Gold,05-06-2023
CUST-03642,Aarav Yadav,aarav.yadav302@example.com,Consumer,Bronze,17-07-2023
CUST-04291,Anika Joshi,anika.joshi972@example.com,Small Business,Bronze,09-08-2023
CUST-00712,Olivia Jones,olivia.jones175@example.com,Consumer,Bronze,22-09-2023
CUST-03206,James Davis,james.davis448@example.com,Consumer,Silver,07-01-2023
CUST-03663,Vihaan Yadav,vihaan.yadav349@example.com,Small Business,Bronze,12-07-2023
CUST-04460,John Brown,john.brown832@example.com,Consumer,Gold,13-05-2024
CUST-03648,Emma Singh,emma.singh468@example.com,Corporate,None,05-06-2024
CUST-03326,Isha Patel,isha.patel652@example.com,Consumer,Bronze,10-09-2024
CUST-00011,Robert Wilson,robert.wilson152@example.com,Consumer,Bronze,16-11-2023
CUST-01684,Sai Jones,sai.jones720@example.com,Corporate,Silver,01-09-2023
CUST-02117,Ava Kumar,ava.kumar575@example.com,Consumer,Silver,16-08-2024
CUST-04410,Ananya Davis,ananya.davis894@example.com,Consumer,Bronze,05-01-2024
CUST-01835,John Verma,john.verma827@example.com,Consumer,Bronze,29-02-2024
CUST-00794,Sophia Reddy,sophia.reddy821@example.com,Consumer,Bronze,23-09-2023
CUST-03364,Ananya Davis,ananya.davis375@example.com,Consumer,Bronze,11-09-2024
CUST-02803,Ananya Sharma,ananya.sharma497@example.com,Small Business,Silver,17-04-2023
CUST-02675,Aanya Joshi,aanya.joshi68@example.com,Consumer,Platinum,13-01-2024
CUST-00095,Sophia Miller,sophia.miller541@example.com,Small Business,Silver,30-04-2024
CUST-03658,Aanya Williams,aanya.williams906@example.com,Small Business,Silver,07-04-2023
CUST-00130,Robert Miller,robert.miller553@gmail.com,Consumer,Bronze,24-12-2023
CUST-02892,Ishaan Brown,ishaan.brown409@example.com,Consumer,Bronze,19-04-2023
CUST-02372,Reyansh Johnson,reyansh.johnson279@example.com,Corporate,Silver,20-09-2023
CUST-03942,Sophia Reddy,sophia.reddy453@example.com,Corporate,Gold,05-09-2023
CUST-03636,Emma Miller,unregistered@exmple.com,Consumer,Bronze,16-04-2024
CUST-03333,Ishaan Jones,ishaan.jones367@example.com,Consumer,Bronze,04-01-2023
CUST-03229,Riya Brown,riya.brown103@example.com,Consumer,Silver,11-08-2023
CUST-02996,Aarav Johnson,aarav.johnson@outlook.com,Consumer,Gold,28-11-2024
CUST-02264,Aadhya Brown,aadhya.brown318@example.com,Consumer,Bronze,24-09-2024
CUST-01901,Myra Taylor,myra.taylor445@example.com,Consumer,Gold,26-11-2023
CUST-03867,Riya Taylor,riya.taylor223@example.com,Corporate,Silver,22-11-2023
CUST-00815,James Miller,james.miller567@example.com,Consumer,Bronze,30-03-2023
CUST-03231,Ananya Mehta,ananya.mehta790@example.com,Consumer,Silver,29-01-2023
CUST-01933,Ayaan Gupta,ayaan.gupta260@example.com,Corporate,Bronze,24-09-2023
CUST-03896,Robert Mehta,robert.mehta@outlook.com,Corporate,Silver,22-03-2024
CUST-03790,Sophia Verma,sophia.verma568@example.com,Consumer,Gold,22-04-2023
CUST-02913,Michael Verma,michael.verma456@example.com,Consumer,Bronze,25-10-2024
CUST-01866,Aadhya Williams,aadhya.williams510@example.com,Consumer,Bronze,12-01-2023
CUST-01659,Aadhya Reddy,aadhya.reddy124@example.com,Small Business,Bronze,13-05-2024
CUST-00517,Aarav Davis,aarav.davis32@example.com,Consumer,Bronze,29-04-2023
CUST-03594,Aditya Jones,aditya.jones682@example.com,Consumer,Bronze,12-10-2024
CUST-01858,Vihaan Anderson,vihaan.anderson@outlook.com,Consumer,Bronze,26-02-2023
CUST-02646,Robert Mehta,robert.mehta811@example.com,Consumer,Silver,28-08-2024
CUST-02244,Aarav Mehta,aarav.mehta322@gmail.com,Consumer,Silver,05-01-2024
CUST-01278,William Verma,william.verma384@example.com,Consumer,Bronze,09-11-2024
CUST-02337,Reyansh Joshi,reyansh.joshi32@example.com,Consumer,None,30-04-2024
CUST-00951,Isabella Brown,isabella.brown548@example.com,Consumer,Bronze,15-09-2023
CUST-03483,Ananya Johnson,ananya.johnson218@example.com,Consumer,Bronze,19-07-2024
CUST-04095,Sophia Singh,sophia.singh459@example.com,Consumer,Platinum,06-07-2024
CUST-03069,Diya Williams,diya.williams853@example.com,Consumer,Bronze,01-11-2023
CUST-01121,Myra Patel,myra.patel806@example.com,Small Business,Silver,29-05-2024
CUST-04146,Aarav Williams,aarav.williams144@example.com,Consumer,Silver,09-11-2024
CUST-02598,Emma Kumar,emma.kumar155@example.com,Consumer,Bronze,27-09-2023
CUST-02205,Aanya Gupta,aanya.gupta52@example.com,Consumer,Bronze,03-10-2024
CUST-00420,James Taylor,unregistered@exmple.com,Consumer,Platinum,11-11-2024
CUST-00923,Sai Reddy,sai.reddy808@example.com,Consumer,Gold,22-08-2023
CUST-00478,Riya Reddy,riya.reddy726@example.com,Consumer,Silver,14-03-2023
CUST-02036,Olivia Davis,olivia.davis464@example.com,Consumer,Silver,22-11-2023
CUST-03843,Saanvi Johnson,saanvi.johnson399@example.com,Small Business,Bronze,23-06-2023
CUST-01693,Isha Wilson,isha.wilson447@example.com,Small Business,Bronze,10-11-2023
CUST-03904,Myra Jones,myra.jones604@example.com,Consumer,Platinum,03-04-2024
CUST-03893,Saanvi Mehta,saanvi.mehta607@example.com,Consumer,Platinum,30-03-2024
CUST-03572,Aadhya Brown,aadhya.brown295@example.com,Consumer,Platinum,02-08-2023
CUST-01472,Ayaan Sharma,ayaan.sharma920@example.com,Consumer,Silver,11-11-2023
CUST-02602,Arjun Joshi,arjun.joshi898@example.com,Small Business,Bronze,11-07-2024
CUST-01203,Aadhya Kumar,aadhya.kumar229@example.com,Consumer,Silver,12-03-2023
CUST-02439,Krishna Taylor,krishna.taylor685@example.com,Corporate,Silver,30-12-2023
CUST-02627,Pari Brown,pari.brown776@example.com,Consumer,Bronze,28-08-2024
CUST-01670,Reyansh Taylor,reyansh.taylor272@example.com,Consumer,,22-04-2024
CUST-04483,Saanvi Joshi,saanvi.joshi652@example.com,Consumer,Gold,15-11-2024
CUST-01971,John Brown,john.brown937@example.com,Corporate,Silver,23-06-2023
CUST-03111,Ava Mehta,ava.mehta956@example.com,Consumer,Platinum,28-12-2023
CUST-02152,Isha Reddy,isha.reddy459@example.com,Consumer,Bronze,04-09-2024
CUST-00821,Anika Anderson,anika.anderson54@example.com,Consumer,Bronze,12-09-2024
CUST-03055,Krishna Gupta,krishna.gupta394@example.com,Consumer,Bronze,10-06-2023
CUST-01249,Ava Joshi,unregistered@exmple.com,Corporate,Bronze,15-07-2023
CUST-03878,Anika Mehta,anika.mehta787@example.com,Consumer,Gold,22-03-2023
CUST-02713,Vihaan Sharma,vihaan.sharma692@example.com,Consumer,Bronze,16-01-2024
CUST-00993,Diya Brown,diya.brown961@example.com,Consumer,Silver,20-10-2024
CUST-02191,Krishna Wilson,krishna.wilson@outlook.com,Consumer,Silver,01-08-2023
CUST-04344,Saanvi Verma,saanvi.verma334@example.com,Consumer,Bronze,23-05-2023
CUST-01047,Olivia Anderson,olivia.anderson93@example.com,Consumer,Gold,14-05-2023
CUST-01889,Ava Reddy,ava.reddy855@example.com,Small Business,Bronze,13-04-2024
CUST-02470,Myra Brown,myra.brown815@example.com,Small Business,Silver,23-06-2024
CUST-02848,Isabella Kumar,isabella.kumar909@example.com,Consumer,Silver,03-01-2023
CUST-03598,Emma Singh,emma.singh890@example.com,Corporate,Silver,17-03-2024
CUST-01319,James Davis,james.davis176@example.com,Corporate,Bronze,21-02-2024
CUST-01864,James Taylor,james.taylor677@example.com,Corporate,Bronze,05-04-2024
CUST-02344,Isabella Gupta,isabella.gupta662@example.com,Small Business,Silver,02-12-2024
CUST-02450,Sai Brown,sai.brown909@example.com,Consumer,Bronze,03-02-2023
CUST-02137,Diya Reddy,diya.reddy69@example.com,Consumer,Bronze,07-06-2023
CUST-01066,Saanvi Yadav,saanvi.yadav932@example.com,Corporate,Gold,18-09-2024
CUST-01773,Aanya Smith,aanya.smith313@example.com,Corporate,Silver,08-06-2024
CUST-00132,Reyansh Yadav,reyansh.yadav256@example.com,Consumer,Bronze,09-09-2023
CUST-03803,Krishna Miller,krishna.miller888@example.com,Consumer,Bronze,26-08-2024
CUST-03482,Emma Brown,emma.brown462@example.com,Consumer,Bronze,02-05-2023
CUST-00078,Michael Taylor,michael.taylor861@example.com,Consumer,Bronze,04-03-2023
CUST-03451,Saanvi Williams,saanvi.williams180@example.com,Consumer,Silver,11-11-2024
CUST-02899,Aditya Joshi,aditya.joshi254@example.com,Corporate,Gold,14-08-2024
CUST-02053,Sophia Brown,sophia.brown338@example.com,Consumer,Bronze,08-09-2023
CUST-04190,John Verma,john.verma10@example.com,Consumer,Silver,08-03-2024
CUST-00725,Saanvi Taylor,saanvi.taylor444@example.com,Corporate,Bronze,06-12-2024
CUST-01315,Sophia Sharma,sophia.sharma183@gmail.com,Small Business,Gold,02-05-2024
CUST-04031,Aarav Miller,aarav.miller970@example.com,Consumer,Silver,18-01-2024
CUST-01852,William Wilson,william.wilson815@example.com,Corporate,Bronze,25-03-2023
CUST-02318,Aanya Kumar,aanya.kumar979@example.com,Consumer,Silver,01-01-2024
CUST-04301,Olivia Jones,olivia.jones@outlook.com,Corporate,Gold,07-12-2023
CUST-00873,Pari Sharma,pari.sharma87@example.com,Small Business,Silver,15-01-2023
CUST-01373,Vivaan Miller,vivaan.miller189@example.com,Consumer,Gold,09-08-2024
CUST-01856,James Joshi,james.joshi@outlook.com,Consumer,Bronze,05-04-2023
CUST-04453,Aadhya Singh,aadhya.singh654@example.com,Corporate,Silver,25-05-2024
CUST-02966,William Kumar,william.kumar99@example.com,Consumer,Gold,06-02-2023
CUST-04230,Emma Verma,emma.verma190@example.com,Corporate,Bronze,18-08-2024
CUST-01320,Aditya Taylor,aditya.taylor836@example.com,Consumer,Silver,09-05-2024
CUST-02561,Aanya Singh,aanya.singh924@example.com,Corporate,Bronze,18-10-2024
CUST-02636,Isabella Davis,isabella.davis708@example.com,Consumer,Gold,26-07-2024
CUST-03827,Saanvi Davis,saanvi.davis68@example.com,Consumer,Silver,22-11-2023
CUST-03531,Reyansh Miller,reyansh.miller987@example.com,Corporate,Silver,27-12-2023
CUST-00376,Isha Joshi,isha.joshi634@example.com,Consumer,Bronze,10-07-2023
CUST-01909,Aadhya Smith,aadhya.smith920@example.com,Small Business,Bronze,15-05-2023
CUST-00334,Ishaan Jones,ishaan.jones847@gmail.com,Consumer,Bronze,29-02-2024
CUST-04263,Anika Anderson,anika.anderson855@example.com,Small Business,Bronze,10-05-2023
CUST-04367,Krishna Miller,krishna.miller723@example.com,Corporate,Silver,18-09-2024
CUST-02366,Sai Johnson,sai.johnson683@example.com,Consumer,Gold,01-03-2023
CUST-01605,Ayaan Gupta,ayaan.gupta994@example.com,Corporate,Bronze,11-05-2023
CUST-01119,James Taylor,james.taylor68@example.com,Consumer,Bronze,01-10-2024
CUST-03678,Saanvi Kumar,saanvi.kumar377@example.com,Consumer,Platinum,07-08-2023
CUST-03491,Olivia Singh,olivia.singh972@example.com,Small Business,Silver,23-09-2023
CUST-03622,Emma Reddy,emma.reddy624@example.com,Small Business,Bronze,19-07-2024
CUST-01944,Krishna Verma,krishna.verma277@example.com,Consumer,,17-07-2024
CUST-02959,Aarav Williams,aarav.williams790@example.com,Corporate,None,14-02-2023
CUST-03985,Krishna Davis,krishna.davis842@example.com,Small Business,Silver,12-06-2024
CUST-04006,James Yadav,james.yadav939@example.com,Consumer,Bronze,09-04-2024
CUST-02377,Aanya Sharma,aanya.sharma236@example.com,Consumer,Bronze,12-04-2023
CUST-04177,Myra Jones,myra.jones350@example.com,Corporate,Bronze,02-11-2024
CUST-01343,Ava Smith,ava.smith686@example.com,Consumer,Gold,29-10-2024
CUST-00321,Ishaan Sharma,ishaan.sharma295@example.com,Consumer,Bronze,03-03-2024
CUST-01620,Ava Davis,ava.davis690@example.com,Consumer,Silver,04-08-2023
CUST-03714,Anika Taylor,anika.taylor569@example.com,Consumer,,06-07-2023
CUST-04195,John Taylor,john.taylor628@example.com,Consumer,Bronze,06-07-2023
CUST-02061,Sophia Verma,sophia.verma703@example.com,Small Business,Bronze,08-09-2024
CUST-02946,Diya Gupta,unregistered@exmple.com,Consumer,Gold,27-11-2024
CUST-02220,Isha Yadav,isha.yadav439@example.com,Corporate,Silver,23-02-2023
CUST-01943,Aarav Taylor,aarav.taylor676@example.com,Consumer,Platinum,14-07-2024
CUST-00261,John Brown,john.brown190@example.com,Small Business,Bronze,16-10-2023
CUST-04115,Anika Mehta,anika.mehta954@example.com,Consumer,Platinum,11-08-2024
CUST-02040,John Williams,john.williams574@example.com,Consumer,Silver,03-11-2024
CUST-00690,Ishaan Singh,ishaan.singh94@example.com,Small Business,Bronze,11-12-2024
CUST-00902,Krishna Gupta,krishna.gupta563@example.com,Small Business,Platinum,29-04-2024
CUST-03745,Aditya Mehta,aditya.mehta990@example.com,Corporate,Bronze,06-02-2023
CUST-02307,Ananya Williams,ananya.williams809@example.com,Small Business,Bronze,16-06-2023
CUST-02027,Robert Jones,robert.jones358@example.com,Corporate,Silver,12-05-2023
CUST-02893,John Kumar,john.kumar722@example.com,Consumer,Bronze,06-03-2023
CUST-04481,Aanya Joshi,aanya.joshi713@example.com,Consumer,Bronze,28-04-2023
CUST-00139,Robert Kumar,robert.kumar124@example.com,Consumer,Bronze,19-03-2024
CUST-01918,Ananya Miller,ananya.miller690@example.com,Small Business,Silver,22-06-2024
CUST-01829,Isha Miller,isha.miller861@example.com,Consumer,Bronze,04-01-2024
CUST-01574,Emma Kumar,emma.kumar525@example.com,Consumer,Bronze,15-10-2024
CUST-00320,Aarav Mehta,aarav.mehta206@example.com,Consumer,Silver,05-02-2023
CUST-00654,Robert Miller,robert.miller746@example.com,Corporate,Silver,03-06-2024
CUST-02138,Olivia Taylor,olivia.taylor474@example.com,Consumer,Gold,28-09-2023
CUST-04084,Robert Joshi,robert.joshi47@example.com,Consumer,Gold,21-03-2023
CUST-00559,Aditya Johnson,aditya.johnson741@gmail.com,Consumer,Bronze,28-07-2024
CUST-02188,Robert Reddy,robert.reddy132@example.com,Consumer,Bronze,16-12-2024
CUST-00113,Aarav Yadav,aarav.yadav885@example.com,Consumer,Bronze,24-01-2024
CUST-00532,James Singh,james.singh643@example.com,Consumer,Silver,15-02-2024
CUST-00724,Sai Patel,sai.patel@outlook.com,Small Business,Silver,01-12-2023
CUST-04176,Arjun Wilson,unregistered@exmple.com,Corporate,Bronze,13-08-2023
CUST-02884,John Wilson,john.wilson568@example.com,Consumer,Bronze,30-06-2023
CUST-01142,Michael Reddy,michael.reddy602@example.com,Corporate,Bronze,24-08-2024
CUST-01434,Emma Brown,emma.brown197@example.com,Consumer,Silver,14-12-2023
CUST-02374,Anika Yadav,anika.yadav100@example.com,Consumer,Bronze,27-10-2024
CUST-04497,William Taylor,william.taylor858@example.com,Small Business,Silver,07-07-2024
CUST-03372,Vivaan Taylor,vivaan.taylor86@example.com,Consumer,Bronze,05-08-2023
CUST-02221,Emma Patel,emma.patel211@example.com,Corporate,Bronze,28-05-2023
CUST-01459,Michael Smith,michael.smith194@example.com,Consumer,Silver,29-08-2024
CUST-03098,Reyansh Anderson,reyansh.anderson472@example.com,Consumer,Bronze,11-01-2023
CUST-01416,Pari Patel,pari.patel152@example.com,Consumer,Gold,01-09-2023
CUST-02763,John Verma,john.verma23@example.com,Consumer,Silver,26-03-2023
CUST-00847,Sai Joshi,sai.joshi227@example.com,Small Business,Bronze,19-10-2023
CUST-00194,Robert Jones,robert.jones@outlook.com,Small Business,Bronze,08-11-2024
CUST-01465,Reyansh Anderson,reyansh.anderson790@example.com,Consumer,Bronze,26-06-2023
CUST-02622,Sai Taylor,sai.taylor434@example.com,Corporate,Gold,24-02-2023
CUST-00947,Ava Wilson,ava.wilson459@example.com,Consumer,Gold,29-09-2024
CUST-02552,Ayaan Wilson,ayaan.wilson751@example.com,Consumer,None,17-08-2024
CUST-01630,Anika Williams,anika.williams709@example.com,Corporate,Silver,24-01-2024
CUST-02929,Riya Mehta,riya.mehta941@example.com,Consumer,None,01-05-2023
CUST-00118,Isabella Patel,isabella.patel860@example.com,Consumer,Gold,03-01-2024
CUST-00646,Michael Williams,michael.williams484@example.com,Consumer,Silver,25-07-2023
CUST-01871,Emma Jones,emma.jones997@example.com,Corporate,Bronze,27-04-2024
CUST-00004,Aadhya Jones,aadhya.jones@outlook.com,Small Business,Silver,11-11-2024
CUST-00075,John Reddy,john.reddy125@example.com,Small Business,,16-12-2024
CUST-01756,Krishna Patel,krishna.patel114@example.com,Corporate,Bronze,27-03-2024
CUST-00468,Aarav Johnson,aarav.johnson@outlook.com,Consumer,Silver,14-08-2023
CUST-03394,John Joshi,john.joshi892@example.com,Corporate,Bronze,22-12-2023
CUST-00006,Reyansh Wilson,reyansh.wilson389@example.com,Corporate,Bronze,31-07-2024
CUST-00920,Ananya Davis,ananya.davis300@example.com,Consumer,Silver,13-01-2023
CUST-02596,Michael Miller,michael.miller844@example.com,Consumer,Silver,05-04-2024
CUST-00229,Ayaan Verma,ayaan.verma411@example.com,Consumer,Silver,16-03-2024
CUST-01064,Riya Mehta,riya.mehta608@example.com,Small Business,Silver,23-04-2023
CUST-02591,Isha Singh,isha.singh432@example.com,Consumer,Silver,24-08-2023
CUST-00243,John Jones,john.jones897@example.com,Consumer,Bronze,22-03-2023
CUST-02947,Ananya Taylor,ananya.taylor266@example.com,Consumer,Gold,21-01-2024
CUST-04017,Sai Joshi,sai.joshi457@example.com,Consumer,Silver,07-07-2023
CUST-01161,John Sharma,john.sharma315@example.com,Consumer,Silver,23-08-2024
CUST-02871,William Brown,william.brown396@example.com,Corporate,Silver,19-07-2024
CUST-03736,Aadhya Jones,aadhya.jones586@example.com,Corporate,Bronze,02-08-2024
CUST-01631,Sophia Reddy,sophia.reddy154@example.com,Consumer,Bronze,04-03-2024
CUST-03937,Aarav Wilson,aarav.wilson476@example.com,Corporate,Platinum,25-05-2023
CUST-03518,Aadhya Brown,aadhya.brown393@example.com,Consumer,Silver,24-05-2024
CUST-02891,Aditya Wilson,aditya.wilson426@example.com,Consumer,Bronze,27-11-2023
CUST-03422,Krishna Anderson,krishna.anderson506@example.com,Corporate,Platinum,23-01-2024
CUST-02564,Anika Miller,anika.miller206@example.com,Corporate,Silver,22-09-2024
CUST-02672,Aarav Verma,aarav.verma226@example.com,Small Business,Silver,18-07-2024
CUST-01527,Isabella Singh,isabella.singh935@example.com,Consumer,Silver,16-03-2023
CUST-01606,Arjun Patel,arjun.patel522@gmail.com,Consumer,Bronze,13-12-2024
CUST-04492,Reyansh Taylor,reyansh.taylor339@example.com,Small Business,Bronze,06-07-2024
CUST-02325,Ava Brown,ava.brown@outlook.com,Corporate,Gold,30-06-2023
CUST-02710,Ayaan Miller,ayaan.miller468@example.com,Consumer,Silver,06-12-2023
CUST-04097,Diya Singh,diya.singh10@example.com,Consumer,Silver,03-09-2024
CUST-01313,Isha Smith,isha.smith160@example.com,Consumer,Bronze,16-08-2024
CUST-03449,Ayaan Wilson,ayaan.wilson911@example.com,Consumer,Bronze,04-05-2024
CUST-03813,Vivaan Gupta,vivaan.gupta818@gmail.com,Consumer,Silver,26-04-2023
CUST-01990,Aanya Jones,aanya.jones189@example.com,Consumer,Bronze,21-09-2024
CUST-04334,James Singh,james.singh580@example.com,Corporate,Bronze,21-04-2024
CUST-02363,Pari Patel,pari.patel312@example.com,Consumer,Silver,08-02-2024
CUST-01976,Michael Miller,michael.miller392@example.com,Consumer,Bronze,11-11-2024
CUST-03515,John Kumar,john.kumar418@example.com,Consumer,Bronze,05-05-2023
CUST-01762,Aanya Verma,aanya.verma994@example.com,Consumer,Bronze,05-03-2023
CUST-03392,Aanya Miller,aanya.miller438@example.com,Small Business,Bronze,25-05-2024
CUST-01306,Arjun Anderson,arjun.anderson410@example.com,Consumer,Silver,04-10-2024
CUST-02740,Riya Singh,riya.singh771@example.com,Consumer,Silver,10-03-2024
CUST-01542,Isha Anderson,isha.anderson251@example.com,Corporate,Bronze,09-10-2023
CUST-04338,Ava Smith,ava.smith337@example.com,Corporate,Bronze,01-02-2024
CUST-02473,Myra Smith,myra.smith259@example.com,Consumer,Silver,26-07-2024
CUST-03626,Vihaan Yadav,vihaan.yadav968@example.com,Consumer,Silver,29-12-2023
CUST-02643,Vihaan Gupta,vihaan.gupta514@example.com,Consumer,Silver,16-08-2023
CUST-02796,Arjun Joshi,arjun.joshi917@example.com,Consumer,Bronze,14-07-2024
CUST-04157,Aanya Wilson,aanya.wilson444@example.com,Consumer,Bronze,07-03-2024
CUST-04354,Robert Wilson,robert.wilson704@example.com,Consumer,Silver,25-07-2023
CUST-00623,Robert Brown,robert.brown567@example.com,Consumer,Bronze,16-12-2024
CUST-04074,Saanvi Patel,saanvi.patel54@example.com,Consumer,Silver,28-11-2023
CUST-01494,Anika Yadav,anika.yadav315@example.com,Small Business,Bronze,15-07-2024
CUST-00111,Sophia Gupta,sophia.gupta142@example.com,Consumer,,28-05-2024
CUST-02276,Anika Yadav,anika.yadav304@example.com,Small Business,Bronze,13-05-2023
CUST-01170,Ishaan Taylor,unregistered@exmple.com,Consumer,Bronze,10-09-2023
CUST-04205,Riya Gupta,riya.gupta36@example.com,Consumer,Bronze,17-07-2024
CUST-00233,Krishna Joshi,krishna.joshi@outlook.com,Consumer,Gold,31-01-2023
CUST-00067,Ava Jones,ava.jones300@example.com,Consumer,None,06-11-2023
CUST-04240,James Gupta,james.gupta781@example.com,Corporate,Silver,29-06-2023
CUST-01604,Saanvi Yadav,saanvi.yadav677@example.com,Consumer,Silver,22-02-2024
CUST-02073,Krishna Anderson,krishna.anderson917@example.com,Corporate,Silver,08-07-2024
CUST-03284,Anika Smith,anika.smith517@example.com,Consumer,Silver,10-12-2023
CUST-03597,Aadhya Sharma,aadhya.sharma452@example.com,Consumer,Bronze,15-09-2023
CUST-02193,Emma Smith,unregistered@exmple.com,Consumer,Gold,09-02-2023
CUST-02860,Aadhya Sharma,aadhya.sharma423@example.com,Consumer,Gold,07-11-2023
CUST-00126,Arjun Reddy,arjun.reddy561@example.com,Corporate,Bronze,16-07-2023
CUST-03546,Aditya Kumar,unregistered@exmple.com,Consumer,Bronze,10-09-2024
CUST-02134,Myra Williams,myra.williams147@example.com,Consumer,Silver,07-11-2024
CUST-01255,Diya Johnson,diya.johnson927@example.com,Small Business,Bronze,27-07-2024
CUST-01297,Krishna Anderson,krishna.anderson774@example.com,Small Business,Silver,25-03-2023
CUST-01977,Riya Sharma,riya.sharma657@example.com,Corporate,Bronze,26-04-2024
CUST-04206,Ananya Gupta,ananya.gupta717@example.com,Consumer,None,09-04-2024
CUST-04092,Emma Kumar,emma.kumar377@example.com,Consumer,Gold,26-08-2024
CUST-02076,Olivia Kumar,olivia.kumar470@example.com,Consumer,Bronze,14-12-2024
CUST-00485,Aadhya Jones,aadhya.jones964@example.com,Small Business,Bronze,10-07-2024
CUST-01655,Ishaan Johnson,ishaan.johnson814@example.com,Consumer,Bronze,04-12-2023
CUST-01216,Saanvi Taylor,saanvi.taylor392@example.com,Consumer,Gold,31-01-2024
CUST-03087,Ayaan Singh,ayaan.singh916@example.com,Consumer,Bronze,29-04-2023
CUST-04441,Reyansh Kumar,reyansh.kumar575@example.com,Consumer,Gold,04-04-2023
CUST-04237,Krishna Anderson,krishna.anderson752@example.com,Small Business,Bronze,02-10-2023
CUST-04035,Pari Anderson,pari.anderson370@example.com,Consumer,Bronze,29-09-2023
CUST-04214,Aadhya Wilson,aadhya.wilson597@example.com,Consumer,Silver,16-03-2024
CUST-03346,Aanya Smith,aanya.smith@outlook.com,Consumer,Bronze,15-10-2024
CUST-04158,Sai Davis,sai.davis901@example.com,Corporate,Gold,09-03-2023
CUST-01775,Aadhya Mehta,aadhya.mehta338@example.com,Consumer,Bronze,21-09-2023
CUST-02411,Ayaan Mehta,ayaan.mehta755@example.com,Corporate,Bronze,25-04-2023
CUST-02798,Aditya Taylor,aditya.taylor440@example.com,Consumer,Gold,01-05-2023
CUST-00919,Emma Anderson,emma.anderson31@example.com,Consumer,Bronze,30-01-2023
CUST-01647,Anika Patel,anika.patel783@example.com,Consumer,Silver,06-01-2023
CUST-01027,Emma Reddy,emma.reddy257@example.com,Consumer,Bronze,25-05-2024
CUST-01031,Krishna Yadav,krishna.yadav629@example.com,Consumer,Gold,23-06-2024
CUST-00883,Saanvi Smith,saanvi.smith590@example.com,Consumer,Bronze,09-09-2023
CUST-01336,Pari Mehta,pari.mehta260@example.com,Consumer,Gold,21-01-2024
CUST-02747,Aditya Sharma,aditya.sharma676@gmail.com,Consumer,Bronze,24-04-2024
CUST-03918,Vihaan Jones,vihaan.jones742@example.com,Consumer,Gold,14-09-2024
CUST-02714,Sophia Jones,sophia.jones16@example.com,Corporate,Gold,04-04-2023
CUST-00365,Sophia Smith,sophia.smith493@example.com,Corporate,Bronze,01-01-2024
CUST-03288,Aarav Singh,aarav.singh784@example.com,Small Business,Bronze,01-02-2024
CUST-02126,Arjun Miller,arjun.miller484@example.com,Consumer,Silver,13-01-2024
CUST-00028,Krishna Williams,krishna.williams129@example.com,Consumer,Silver,04-09-2023
CUST-00474,Krishna Jones,krishna.jones661@example.com,Consumer,Bronze,09-03-2024
CUST-00526,Saanvi Davis,saanvi.davis843@example.com,Consumer,Gold,10-08-2023
CUST-00726,Isabella Patel,isabella.patel170@example.com,Small Business,Bronze,25-11-2024
CUST-00056,Ishaan Jones,ishaan.jones458@example.com,Consumer,Platinum,13-12-2024
CUST-00639,Saanvi Taylor,saanvi.taylor811@example.com,Consumer,Bronze,18-01-2024
CUST-00303,Isha Yadav,isha.yadav677@example.com,Corporate,Bronze,09-05-2024
CUST-02767,William Jones,william.jones165@example.com,Consumer,Bronze,19-08-2024
CUST-04341,Robert Reddy,robert.reddy927@example.com,Consumer,Silver,19-07-2024
CUST-01277,Reyansh Wilson,reyansh.wilson806@example.com,Consumer,Silver,23-01-2023
CUST-01891,Pari Mehta,pari.mehta292@example.com,Consumer,Gold,03-11-2024
CUST-00625,Reyansh Williams,reyansh.williams702@gmail.com,Small Business,Silver,10-10-2024
CUST-02056,William Gupta,william.gupta53@example.com,Corporate,Bronze,11-01-2023
CUST-01281,Riya Brown,riya.brown894@example.com,Consumer,Silver,24-08-2024
CUST-02852,Myra Singh,myra.singh260@example.com,Corporate,Bronze,16-04-2023
CUST-01050,John Davis,john.davis661@example.com,Consumer,Gold,03-05-2024
CUST-00337,Vivaan Reddy,vivaan.reddy727@example.com,Consumer,Silver,10-01-2023
CUST-03645,Aarav Brown,aarav.brown748@example.com,Corporate,Silver,04-03-2023
CUST-00048,Diya Singh,diya.singh368@example.com,Corporate,Gold,29-01-2024
CUST-02879,Reyansh Jones,reyansh.jones@outlook.com,Small Business,Bronze,30-01-2023
CUST-00107,Myra Mehta,myra.mehta785@example.com,Consumer,Bronze,24-02-2023
CUST-02398,Reyansh Mehta,reyansh.mehta@outlook.com,Consumer,Bronze,09-04-2023
CUST-01080,Aanya Johnson,aanya.johnson876@example.com,Corporate,Silver,19-04-2023
CUST-02287,Vihaan Brown,vihaan.brown36@example.com,Small Business,Silver,05-07-2024
CUST-02262,Anika Mehta,anika.mehta958@example.com,Consumer,Bronze,22-09-2024
CUST-01145,Diya Jones,diya.jones748@example.com,Small Business,Bronze,26-04-2023
CUST-02095,Diya Sharma,diya.sharma692@example.com,Consumer,Bronze,05-03-2024
CUST-02297,Diya Kumar,diya.kumar172@example.com,Consumer,Bronze,18-02-2024
CUST-02842,Diya Johnson,diya.johnson112@example.com,Consumer,,07-02-2024
CUST-03145,Ananya Davis,ananya.davis255@example.com,Consumer,Silver,27-10-2024
CUST-01837,Diya Smith,diya.smith382@example.com,Consumer,Bronze,17-08-2024
CUST-01754,Aadhya Anderson,aadhya.anderson675@example.com,Consumer,Bronze,14-02-2024
CUST-01102,James Mehta,james.mehta340@example.com,Consumer,Bronze,21-01-2024
CUST-01969,Ayaan Taylor,ayaan.taylor173@example.com,Consumer,Bronze,14-01-2023
CUST-04106,Ananya Taylor,ananya.taylor479@example.com,Small Business,Platinum,26-10-2024
CUST-03118,Anika Brown,anika.brown942@example.com,Consumer,Gold,14-07-2023
CUST-02394,James Mehta,james.mehta816@example.com,Consumer,Bronze,25-05-2023
CUST-00524,Ava Sharma,ava.sharma198@example.com,Consumer,Gold,02-08-2024
CUST-02281,John Brown,john.brown443@example.com,Small Business,Bronze,16-01-2023
CUST-02693,Krishna Smith,krishna.smith387@example.com,Corporate,Silver,19-03-2023
CUST-04142,Sophia Miller,sophia.miller319@example.com,Consumer,Bronze,04-12-2023
CUST-02886,Saanvi Williams,saanvi.williams451@example.com,Small Business,Bronze,09-03-2024
CUST-01429,Riya Gupta,riya.gupta587@example.com,Consumer,Silver,25-04-2023
CUST-02582,Olivia Williams,olivia.williams127@example.com,Corporate,Silver,17-11-2024
CUST-03901,Michael Yadav,michael.yadav706@example.com,Consumer,Bronze,15-06-2023
CUST-00604,Arjun Yadav,arjun.yadav780@example.com,Consumer,Silver,21-08-2023
CUST-01490,Robert Joshi,robert.joshi357@example.com,Corporate,Bronze,15-08-2024
CUST-03861,Krishna Anderson,krishna.anderson307@example.com,Consumer,Bronze,13-07-2023
CUST-04495,Ishaan Davis,ishaan.davis823@example.com,Small Business,Bronze,03-03-2024
CUST-03123,Myra Verma,myra.verma@outlook.com,Consumer,Silver,02-11-2023
CUST-04193,Ishaan Brown,ishaan.brown49@example.com,Corporate,Bronze,02-05-2023
CUST-00061,Myra Davis,myra.davis72@example.com,Consumer,Bronze,20-07-2023
CUST-01970,Reyansh Wilson,reyansh.wilson838@example.com,Small Business,Silver,11-05-2024
CUST-00672,Riya Davis,riya.davis393@example.com,Small Business,Platinum,03-02-2023
CUST-00093,Saanvi Taylor,saanvi.taylor810@example.com,Consumer,Silver,17-11-2024
CUST-00667,Pari Mehta,pari.mehta141@gmail.com,Small Business,Gold,18-06-2023
CUST-03976,Pari Williams,pari.williams197@example.com,Consumer,Silver,21-05-2024
CUST-01888,Sai Williams,sai.williams421@example.com,Corporate,Bronze,04-07-2023
CUST-03267,James Miller,james.miller859@example.com,Small Business,Bronze,05-07-2024
CUST-00281,Anika Williams,anika.williams@outlook.com,Corporate,Platinum,10-06-2023
CUST-01720,Ananya Brown,ananya.brown628@gmail.com,Consumer,Bronze,06-12-2024
CUST-04011,Sophia Davis,sophia.davis282@example.com,Consumer,Gold,01-06-2023
CUST-00360,Sai Brown,sai.brown294@example.com,Small Business,Silver,18-03-2024
CUST-00900,John Sharma,john.sharma614@example.com,Consumer,Silver,12-02-2023
CUST-03592,Pari Davis,pari.davis741@example.com,Consumer,Silver,23-07-2024
CUST-01936,Riya Mehta,riya.mehta920@example.com,Consumer,Bronze,22-08-2023
CUST-01995,Saanvi Williams,saanvi.williams757@example.com,Consumer,Silver,20-01-2023
CUST-04072,Saanvi Joshi,saanvi.joshi923@gmail.com,Small Business,Bronze,29-07-2024
CUST-02896,Olivia Sharma,olivia.sharma213@example.com,Consumer,Gold,29-06-2024
CUST-03255,Aadhya Johnson,aadhya.johnson660@example.com,Consumer,Bronze,01-02-2024
CUST-03735,Saanvi Joshi,saanvi.joshi@outlook.com,Small Business,Platinum,13-07-2023
CUST-00761,Saanvi Patel,saanvi.patel303@example.com,Corporate,Bronze,05-04-2023
CUST-02159,Aadhya Williams,aadhya.williams919@example.com,Consumer,Silver,18-11-2024
CUST-01907,Sophia Reddy,sophia.reddy222@example.com,Consumer,Silver,10-07-2024
CUST-03824,Pari Jones,pari.jones522@example.com,Consumer,Bronze,09-03-2023
CUST-00043,Krishna Kumar,krishna.kumar304@example.com,Consumer,Silver,24-11-2024
CUST-03819,John Anderson,john.anderson679@example.com,Consumer,Bronze,29-11-2023
CUST-02174,Sophia Reddy,sophia.reddy276@example.com,Consumer,Gold,07-03-2024
CUST-00205,Robert Smith,robert.smith307@example.com,Consumer,Bronze,07-07-2024
CUST-01474,Saanvi Joshi,saanvi.joshi33@example.com,Consumer,Bronze,07-11-2024
CUST-02101,Aarav Verma,aarav.verma77@example.com,Consumer,Silver,20-02-2023
CUST-03846,Vivaan Reddy,vivaan.reddy653@example.com,Small Business,Bronze,23-08-2024
CUST-02594,Riya Miller,riya.miller559@example.com,Consumer,Bronze,11-10-2023
CUST-00069,Anika Verma,anika.verma441@example.com,Corporate,Silver,15-02-2023
CUST-04021,Arjun Kumar,arjun.kumar195@example.com,Consumer,Silver,27-06-2023
CUST-01876,Ava Miller,ava.miller959@example.com,Corporate,Silver,09-08-2024
CUST-03580,Emma Yadav,emma.yadav495@example.com,Consumer,Bronze,25-01-2023
CUST-02833,William Sharma,william.sharma695@example.com,Corporate,Silver,25-02-2024
CUST-04136,Myra Yadav,myra.yadav558@example.com,Corporate,Silver,06-03-2023
CUST-03473,Vihaan Reddy,vihaan.reddy163@example.com,Consumer,Silver,21-02-2024
CUST-02232,Aadhya Yadav,aadhya.yadav647@example.com,Corporate,Bronze,15-03-2024
CUST-00138,William Reddy,william.reddy718@example.com,Small Business,Silver,18-05-2024
CUST-02948,Anika Gupta,anika.gupta247@example.com,Consumer,Silver,19-11-2024
CUST-00797,Aadhya Singh,aadhya.singh639@example.com,Small Business,Bronze,31-12-2023
CUST-02181,Ananya Johnson,ananya.johnson219@example.com,Consumer,Bronze,31-03-2024
CUST-02129,James Johnson,james.johnson@outlook.com,Consumer,Bronze,28-09-2023
CUST-03635,Ava Smith,ava.smith675@example.com,Consumer,Bronze,29-07-2024
CUST-03178,Aadhya Williams,aadhya.williams661@example.com,Consumer,Bronze,03-12-2023
CUST-00759,Krishna Anderson,krishna.anderson804@example.com,Consumer,Bronze,07-03-2024
CUST-00542,Saanvi Sharma,unregistered@exmple.com,Consumer,Bronze,04-01-2023
CUST-01020,Riya Mehta,riya.mehta967@example.com,Consumer,Bronze,23-11-2023
CUST-03032,Reyansh Mehta,reyansh.mehta87@example.com,Consumer,Silver,03-06-2023
CUST-03553,Saanvi Wilson,saanvi.wilson277@example.com,Consumer,Silver,07-08-2024
CUST-00166,Vihaan Reddy,vihaan.reddy716@example.com,Consumer,Gold,28-04-2023
CUST-00249,Michael Singh,michael.singh45@example.com,Small Business,Bronze,14-08-2024
CUST-01332,John Jones,john.jones129@example.com,Corporate,Bronze,07-04-2023
CUST-02018,William Joshi,william.joshi993@gmail.com,Corporate,Bronze,02-11-2024
CUST-00447,Aarav Jones,aarav.jones405@gmail.com,Consumer,None,07-11-2024
CUST-02483,Vihaan Williams,vihaan.williams715@example.com,Consumer,Silver,23-05-2023
CUST-02907,Saanvi Kumar,saanvi.kumar357@example.com,Corporate,Bronze,19-04-2023
CUST-01359,Aadhya Taylor,aadhya.taylor620@example.com,Consumer,Bronze,24-08-2024
CUST-02846,James Williams,james.williams365@example.com,Corporate,Gold,27-07-2024
CUST-03922,Diya Taylor,diya.taylor145@example.com,Small Business,Silver,04-09-2024
CUST-02146,Aadhya Jones,aadhya.jones121@example.com,Consumer,Bronze,05-03-2024
CUST-01330,Olivia Jones,olivia.jones476@example.com,Consumer,Silver,13-01-2024
CUST-02854,Michael Verma,michael.verma582@example.com,Consumer,Bronze,11-12-2024
CUST-02786,Vihaan Davis,vihaan.davis123@example.com,Consumer,Silver,16-05-2024
CUST-00764,William Davis,william.davis936@example.com,Corporate,Bronze,24-07-2023
CUST-04125,Arjun Jones,arjun.jones821@example.com,Small Business,,27-05-2024
CUST-03494,Reyansh Taylor,reyansh.taylor587@example.com,Consumer,Silver,28-02-2023
CUST-00435,Aditya Patel,unregistered@exmple.com,Small Business,Bronze,10-02-2024
CUST-02123,Pari Miller,pari.miller434@example.com,Consumer,Bronze,10-09-2023
CUST-00578,Saanvi Taylor,saanvi.taylor739@example.com,Consumer,Silver,25-09-2023
CUST-03982,Arjun Reddy,arjun.reddy198@example.com,Consumer,Bronze,08-10-2023
CUST-02901,Aarav Singh,aarav.singh616@example.com,Corporate,Bronze,15-09-2023
CUST-01253,Emma Jones,emma.jones419@example.com,Small Business,Silver,02-03-2024
CUST-03279,Vivaan Mehta,unregistered@exmple.com,Small Business,Platinum,24-08-2024
CUST-02967,Michael Sharma,michael.sharma374@example.com,Consumer,Silver,30-03-2023
CUST-03375,Isabella Jones,isabella.jones960@example.com,Small Business,Silver,17-01-2024
CUST-02815,Myra Davis,myra.davis377@example.com,Consumer,Silver,20-11-2024
CUST-04455,Michael Davis,michael.davis543@example.com,Consumer,Bronze,05-07-2024
CUST-02449,Vivaan Reddy,vivaan.reddy483@example.com,Small Business,Silver,14-04-2023
CUST-01849,Isha Verma,isha.verma273@example.com,Consumer,Bronze,05-03-2023
CUST-00763,Saanvi Patel,saanvi.patel12@example.com,Corporate,Gold,10-12-2023
CUST-03806,Anika Miller,anika.miller921@example.com,Corporate,Bronze,21-04-2024
CUST-03038,Arjun Taylor,unregistered@exmple.com,Consumer,Bronze,08-03-2024
CUST-00389,John Patel,john.patel55@example.com,Consumer,Bronze,02-12-2023
CUST-00236,Vivaan Sharma,vivaan.sharma97@example.com,Consumer,Platinum,14-09-2024
CUST-01078,Arjun Yadav,arjun.yadav282@example.com,Consumer,Bronze,10-08-2023
CUST-01985,Sai Yadav,sai.yadav830@example.com,Consumer,Bronze,25-02-2023
CUST-03378,Reyansh Singh,reyansh.singh113@gmail.com,Consumer,Bronze,04-02-2023
CUST-03963,Myra Brown,myra.brown683@example.com,Consumer,Silver,18-04-2024
CUST-00771,Aadhya Jones,aadhya.jones@outlook.com,Consumer,Silver,10-12-2023
CUST-02166,Reyansh Johnson,unregistered@exmple.com,Corporate,Silver,28-04-2024
CUST-00438,Saanvi Yadav,saanvi.yadav657@example.com,Consumer,Bronze,16-08-2023
CUST-00674,Reyansh Patel,reyansh.patel991@example.com,Consumer,None,19-09-2024
CUST-00250,Anika Joshi,anika.joshi294@example.com,Consumer,Silver,29-09-2024
CUST-02202,James Singh,james.singh531@example.com,Consumer,Silver,17-03-2023
CUST-01575,Robert Verma,robert.verma982@example.com,Corporate,Platinum,28-09-2023
CUST-02143,Isha Singh,isha.singh843@example.com,Small Business,Bronze,28-09-2023
CUST-03420,Isha Brown,isha.brown206@example.com,Consumer,Platinum,17-03-2024
CUST-02082,Isha Joshi,isha.joshi615@example.com,Consumer,Silver,12-09-2023
CUST-01824,Reyansh Davis,reyansh.davis664@example.com,Consumer,Bronze,14-06-2023
CUST-00488,Vivaan Brown,vivaan.brown698@example.com,Consumer,Gold,03-08-2023
CUST-00881,Aadhya Singh,aadhya.singh898@example.com,Consumer,Silver,21-05-2024
CUST-00449,Riya Jones,riya.jones954@example.com,Small Business,Bronze,10-04-2024
CUST-01470,Saanvi Yadav,saanvi.yadav48@example.com,Consumer,Bronze,23-10-2023
CUST-00717,Ayaan Reddy,ayaan.reddy609@example.com,Small Business,Bronze,11-04-2024
CUST-00685,Ishaan Verma,ishaan.verma895@example.com,Consumer,Bronze,02-10-2024
CUST-00051,Pari Anderson,pari.anderson@outlook.com,Consumer,Silver,10-02-2024
CUST-02049,Aditya Joshi,aditya.joshi420@example.com,Consumer,Bronze,23-01-2023
CUST-01902,William Joshi,william.joshi147@example.com,Consumer,Bronze,07-04-2023
CUST-04239,Michael Mehta,michael.mehta583@example.com,Corporate,Bronze,20-03-2024
CUST-01169,Saanvi Smith,saanvi.smith782@example.com,Consumer,Bronze,21-06-2024
CUST-00083,Saanvi Mehta,saanvi.mehta359@example.com,Consumer,Silver,19-01-2023
CUST-03530,Aditya Brown,aditya.brown305@gmail.com,Consumer,Bronze,31-03-2024
CUST-04173,Aanya Mehta,aanya.mehta598@example.com,Consumer,Gold,28-04-2024
CUST-02725,Isabella Reddy,isabella.reddy874@example.com,Consumer,Bronze,19-12-2023
CUST-04210,John Williams,john.williams873@example.com,Corporate,Platinum,23-02-2023
CUST-03045,Riya Brown,riya.brown578@example.com,Consumer,Silver,21-08-2024
CUST-03095,Aarav Miller,aarav.miller713@example.com,Small Business,Silver,26-03-2024
CUST-01461,Aanya Brown,aanya.brown439@example.com,Consumer,Gold,21-11-2023
CUST-01669,Aarav Taylor,aarav.taylor666@example.com,Consumer,Gold,30-10-2023
CUST-02757,Michael Mehta,unregistered@exmple.com,Consumer,Bronze,26-01-2024
CUST-02001,John Sharma,john.sharma974@example.com,Consumer,Silver,21-11-2023
CUST-00405,Diya Kumar,diya.kumar773@example.com,Consumer,Gold,10-04-2023
CUST-00385,William Sharma,william.sharma@outlook.com,Consumer,Gold,09-02-2024
CUST-04182,Michael Kumar,michael.kumar812@example.com,Consumer,Bronze,14-10-2024
CUST-02153,John Smith,john.smith535@example.com,Small Business,Bronze,15-03-2024
CUST-01634,Ava Smith,ava.smith495@example.com,Consumer,Bronze,30-07-2023
CUST-04271,Olivia Smith,olivia.smith505@example.com,Consumer,Bronze,05-12-2024
CUST-03926,Krishna Williams,krishna.williams910@example.com,Small Business,Bronze,07-06-2023
CUST-00224,Olivia Brown,olivia.brown406@example.com,Consumer,Silver,08-09-2024
CUST-02194,Isha Joshi,isha.joshi549@example.com,Consumer,Bronze,26-06-2024
CUST-03137,James Williams,james.williams964@gmail.com,Corporate,Platinum,21-02-2023
CUST-01825,William Verma,william.verma244@example.com,Corporate,Silver,02-04-2023
CUST-04284,Sophia Verma,sophia.verma555@example.com,Consumer,Bronze,19-09-2024
CUST-00798,William Anderson,william.anderson851@example.com,Consumer,None,14-09-2023
CUST-02872,Aditya Kumar,aditya.kumar634@example.com,Consumer,Bronze,22-06-2024
CUST-00010,Vihaan Taylor,vihaan.taylor821@example.com,Corporate,Silver,25-07-2023
CUST-01945,Pari Verma,pari.verma910@example.com,Corporate,Silver,04-10-2024
CUST-01839,Vihaan Reddy,vihaan.reddy786@example.com,Consumer,Bronze,25-01-2024
CUST-00256,John Anderson,john.anderson12@example.com,Corporate,Bronze,06-03-2023
CUST-04198,Aanya Smith,aanya.smith558@example.com,Corporate,Bronze,28-12-2023
CUST-01582,Vihaan Sharma,vihaan.sharma611@example.com,Corporate,Silver,19-09-2024
CUST-02957,Ava Smith,ava.smith772@example.com,Consumer,Bronze,23-02-2023
CUST-00925,Michael Mehta,michael.mehta77@example.com,Consumer,Gold,26-07-2023
CUST-04126,James Sharma,james.sharma152@example.com,Small Business,Gold,25-03-2023
CUST-02509,Diya Jones,diya.jones504@example.com,Consumer,Bronze,27-01-2024
CUST-03776,Sophia Taylor,unregistered@exmple.com,Small Business,Bronze,28-02-2024
CUST-02780,Ava Reddy,ava.reddy577@example.com,Consumer,Silver,03-03-2024
CUST-00540,Olivia Sharma,olivia.sharma285@example.com,Small Business,Silver,12-11-2023
CUST-02746,Ayaan Williams,ayaan.williams378@example.com,Consumer,Bronze,18-03-2024
CUST-04188,Arjun Jones,arjun.jones870@example.com,Consumer,Gold,15-01-2024
CUST-01146,William Williams,william.williams996@example.com,Consumer,Bronze,30-03-2023
CUST-00668,Ishaan Wilson,ishaan.wilson21@example.com,Corporate,None,18-05-2024
CUST-03020,William Taylor,william.taylor155@example.com,Consumer,Gold,08-09-2023
CUST-00358,James Williams,james.williams149@example.com,Consumer,Bronze,27-07-2023
CUST-02832,Diya Williams,diya.williams732@gmail.com,Small Business,Silver,26-08-2024
CUST-02784,Isabella Taylor,isabella.taylor765@example.com,Corporate,Silver,31-08-2024
CUST-01354,James Sharma,james.sharma886@example.com,Consumer,Bronze,25-03-2023
CUST-00471,Aditya Reddy,aditya.reddy867@gmail.com,Consumer,Silver,23-05-2023
CUST-02704,Reyansh Yadav,reyansh.yadav968@example.com,Consumer,Silver,10-09-2023
CUST-03331,Michael Sharma,michael.sharma584@example.com,Consumer,Silver,05-10-2023
CUST-03638,Aditya Gupta,aditya.gupta203@example.com,Consumer,Bronze,23-05-2023
CUST-01397,Isabella Davis,isabella.davis31@example.com,Small Business,Gold,28-08-2024
CUST-03585,Ayaan Johnson,ayaan.johnson167@example.com,Consumer,Silver,19-07-2024
CUST-03377,Ava Verma,ava.verma744@example.com,Consumer,Gold,31-07-2023
CUST-01257,Saanvi Anderson,saanvi.anderson308@example.com,Consumer,Bronze,10-11-2023
CUST-03513,Aanya Verma,aanya.verma@outlook.com,Consumer,Bronze,27-07-2023
CUST-01251,Arjun Reddy,arjun.reddy526@example.com,Consumer,Silver,05-11-2023
CUST-04472,Ananya Verma,ananya.verma565@example.com,Consumer,None,13-10-2024
CUST-03285,Arjun Yadav,arjun.yadav264@example.com,Consumer,None,10-12-2024
CUST-02934,Anika Verma,anika.verma894@example.com,Consumer,Gold,22-07-2024
CUST-01853,Aanya Mehta,aanya.mehta764@example.com,Consumer,Gold,16-11-2023
CUST-02106,Ayaan Smith,ayaan.smith682@example.com,Consumer,Silver,10-03-2023
CUST-00134,Robert Wilson,robert.wilson489@gmail.com,Small Business,Gold,13-12-2023
CUST-00929,Arjun Brown,arjun.brown847@example.com,Consumer,Silver,20-10-2024
CUST-00824,Aditya Taylor,aditya.taylor207@example.com,Consumer,Bronze,05-06-2023
CUST-04229,Anika Brown,anika.brown754@example.com,Consumer,Platinum,23-06-2023
CUST-01532,Isha Williams,isha.williams25@example.com,Consumer,Silver,08-11-2023
CUST-01215,Vivaan Davis,vivaan.davis710@example.com,Consumer,Silver,30-04-2023
CUST-00505,Robert Brown,robert.brown970@gmail.com,Consumer,Silver,29-03-2024
CUST-01997,Aadhya Reddy,aadhya.reddy683@example.com,Consumer,Silver,18-08-2024
CUST-03073,John Yadav,john.yadav629@example.com,Corporate,Bronze,14-06-2023
CUST-01959,Vivaan Johnson,vivaan.johnson573@gmail.com,Consumer,Silver,05-06-2024
CUST-01385,Ananya Anderson,ananya.anderson702@example.com,Consumer,Bronze,31-08-2024
CUST-00895,Vivaan Williams,vivaan.williams895@example.com,Corporate,Silver,26-03-2023
CUST-00456,Myra Kumar,myra.kumar931@example.com,Consumer,Bronze,20-03-2024
CUST-04317,Ananya Verma,unregistered@exmple.com,Consumer,Gold,18-02-2024
CUST-03710,Ava Williams,ava.williams558@example.com,Consumer,Bronze,28-06-2023
CUST-04300,Robert Singh,robert.singh@outlook.com,Consumer,None,06-03-2023
CUST-03523,Ishaan Gupta,ishaan.gupta700@example.com,Small Business,Bronze,20-05-2024
CUST-04135,Isabella Sharma,isabella.sharma774@example.com,Consumer,Bronze,30-04-2024
CUST-03603,Arjun Kumar,arjun.kumar170@gmail.com,Corporate,Bronze,07-07-2024
CUST-00714,Myra Wilson,myra.wilson638@example.com,Corporate,Bronze,17-09-2023
CUST-02215,Ananya Joshi,ananya.joshi705@example.com,Small Business,Platinum,02-01-2024
CUST-02924,Olivia Reddy,olivia.reddy539@example.com,Consumer,Bronze,09-12-2024
CUST-01811,Reyansh Williams,reyansh.williams544@example.com,Consumer,Bronze,19-01-2023
CUST-03487,Arjun Brown,arjun.brown470@example.com,Corporate,Gold,04-01-2023
CUST-03142,James Williams,james.williams764@example.com,Consumer,Bronze,16-12-2024
CUST-01828,Aadhya Joshi,aadhya.joshi820@example.com,Consumer,Bronze,27-01-2023
CUST-01156,Aadhya Patel,aadhya.patel983@example.com,Corporate,Gold,19-08-2024
CUST-01325,Aarav Taylor,aarav.taylor94@gmail.com,Small Business,Gold,15-11-2024
CUST-00511,Ava Reddy,ava.reddy152@example.com,Consumer,Gold,08-02-2023
CUST-01681,Ava Taylor,unregistered@exmple.com,Corporate,Bronze,29-08-2024
CUST-00500,Aadhya Patel,aadhya.patel79@example.com,Consumer,Bronze,27-01-2023
CUST-04222,Diya Williams,diya.williams431@example.com,Consumer,Silver,12-03-2023
CUST-01857,Myra Brown,myra.brown280@example.com,Consumer,Bronze,29-04-2024
CUST-01389,Isabella Joshi,isabella.joshi54@gmail.com,Corporate,None,01-07-2023
CUST-03720,Vihaan Johnson,vihaan.johnson371@example.com,Consumer,Bronze,23-04-2024
CUST-02387,Reyansh Jones,reyansh.jones914@example.com,Consumer,Bronze,15-11-2023
CUST-03237,Isabella Patel,isabella.patel956@example.com,Small Business,Platinum,09-04-2023
CUST-01541,John Brown,john.brown387@example.com,Consumer,Bronze,12-06-2023
CUST-01218,Sophia Yadav,unregistered@exmple.com,Corporate,Silver,12-04-2023
CUST-02682,Sophia Davis,sophia.davis235@example.com,Consumer,Bronze,06-09-2024
CUST-02994,Vivaan Davis,vivaan.davis960@example.com,Corporate,Platinum,17-11-2023
CUST-01192,Ayaan Verma,ayaan.verma696@example.com,Consumer,Gold,19-12-2023
CUST-01543,Reyansh Verma,reyansh.verma46@example.com,Consumer,Gold,20-12-2024
CUST-03302,Diya Taylor,diya.taylor@outlook.com,Consumer,Bronze,23-07-2023
CUST-03325,Diya Joshi,diya.joshi106@example.com,Consumer,Bronze,19-08-2024
CUST-02540,Aditya Jones,aditya.jones416@example.com,Consumer,Bronze,01-12-2023
CUST-00954,Reyansh Kumar,reyansh.kumar67@example.com,Consumer,Bronze,16-07-2023
CUST-00733,Vihaan Patel,vihaan.patel896@example.com,Small Business,Bronze,25-04-2024
CUST-01157,Anika Smith,anika.smith853@example.com,Corporate,Bronze,28-07-2024
CUST-03295,Saanvi Yadav,saanvi.yadav672@example.com,Corporate,Gold,12-05-2023
CUST-02983,Robert Sharma,robert.sharma400@example.com,Consumer,Bronze,23-07-2024
CUST-02157,Vivaan Miller,vivaan.miller594@example.com,Consumer,Silver,19-12-2024
CUST-01063,Emma Brown,emma.brown985@example.com,Consumer,Gold,16-07-2024
CUST-02617,Sophia Singh,sophia.singh297@example.com,Small Business,Gold,01-09-2023
CUST-03223,Isabella Reddy,isabella.reddy883@example.com,Consumer,Bronze,04-04-2024
CUST-02939,Robert Jones,robert.jones152@example.com,Consumer,Bronze,08-11-2023
CUST-03141,Sophia Yadav,sophia.yadav270@example.com,Corporate,Bronze,26-03-2024
CUST-00144,Vivaan Taylor,vivaan.taylor577@example.com,Corporate,Bronze,29-08-2024
CUST-03578,Ayaan Yadav,ayaan.yadav709@example.com,Corporate,Bronze,26-02-2024
CUST-02783,John Verma,john.verma691@example.com,Consumer,Silver,14-10-2024
CUST-00718,Arjun Miller,arjun.miller703@example.com,Consumer,Bronze,21-02-2024
CUST-01820,Saanvi Davis,saanvi.davis23@example.com,Consumer,Bronze,11-11-2024
CUST-02503,Aanya Johnson,aanya.johnson442@example.com,Consumer,Silver,19-11-2023
CUST-04172,Anika Taylor,anika.taylor659@example.com,Small Business,Bronze,11-07-2023
CUST-00396,Riya Sharma,riya.sharma43@example.com,Consumer,Platinum,15-05-2024
CUST-04499,Reyansh Reddy,reyansh.reddy972@gmail.com,Consumer,Gold,05-01-2024
CUST-01366,Emma Sharma,unregistered@exmple.com,Consumer,Bronze,12-02-2024
CUST-04244,Reyansh Taylor,reyansh.taylor406@example.com,Consumer,Silver,07-10-2023
CUST-00596,Reyansh Joshi,reyansh.joshi40@example.com,Corporate,Bronze,15-05-2023
CUST-02915,Saanvi Brown,saanvi.brown339@example.com,Consumer,Bronze,29-07-2024
CUST-02327,Sai Miller,sai.miller279@example.com,Consumer,Silver,13-03-2023
CUST-03767,Sophia Singh,sophia.singh75@example.com,Consumer,Silver,30-10-2024
CUST-03441,Vivaan Smith,vivaan.smith685@gmail.com,Consumer,Bronze,21-01-2023
CUST-03852,Krishna Reddy,krishna.reddy669@example.com,Corporate,Bronze,21-12-2024
CUST-04133,Arjun Yadav,arjun.yadav126@example.com,Consumer,Bronze,06-05-2024
CUST-04276,Pari Joshi,pari.joshi971@example.com,Consumer,Gold,27-09-2024
CUST-02144,Riya Jones,riya.jones388@example.com,Consumer,Gold,28-07-2024
CUST-01572,Olivia Brown,olivia.brown90@example.com,Consumer,Silver,22-07-2023
CUST-04080,Ananya Patel,ananya.patel43@example.com,Consumer,Bronze,27-09-2024
CUST-01123,William Johnson,william.johnson647@example.com,Corporate,Bronze,10-12-2023
CUST-02787,Sophia Sharma,sophia.sharma858@example.com,Consumer,Bronze,11-03-2023
CUST-02968,Aditya Johnson,aditya.johnson518@example.com,Corporate,Silver,27-04-2023
CUST-02505,Robert Anderson,robert.anderson404@example.com,Consumer,Gold,20-11-2024
CUST-03466,James Sharma,james.sharma826@example.com,Consumer,Gold,13-03-2024
CUST-00676,Anika Mehta,anika.mehta45@example.com,Corporate,None,26-11-2024
CUST-02809,Riya Anderson,riya.anderson854@gmail.com,Consumer,Gold,16-10-2023
CUST-03349,Ayaan Patel,ayaan.patel@outlook.com,Consumer,Bronze,01-10-2023
CUST-00729,Sai Yadav,sai.yadav@outlook.com,Small Business,Silver,21-09-2023
CUST-00413,Aarav Gupta,aarav.gupta322@gmail.com,Consumer,Bronze,27-11-2024
CUST-03147,Robert Sharma,robert.sharma295@example.com,Consumer,Silver,17-11-2023
CUST-01517,James Anderson,james.anderson619@example.com,Consumer,Bronze,12-03-2024
CUST-00826,Ishaan Kumar,ishaan.kumar542@example.com,Consumer,Bronze,14-02-2024
CUST-03268,Vivaan Kumar,vivaan.kumar977@example.com,Corporate,Gold,20-06-2024
CUST-03975,Sai Davis,sai.davis279@example.com,Consumer,Bronze,15-07-2023
CUST-00617,John Patel,john.patel774@gmail.com,Corporate,Silver,26-09-2023
CUST-00115,Vihaan Yadav,vihaan.yadav981@example.com,Corporate,Bronze,02-12-2023
CUST-00418,Anika Joshi,anika.joshi557@example.com,Consumer,Bronze,10-01-2024
CUST-03070,Vihaan Kumar,vihaan.kumar248@example.com,Consumer,Silver,20-01-2023
CUST-01626,Anika Singh,anika.singh127@example.com,Consumer,Silver,12-01-2023
CUST-04186,Krishna Jones,krishna.jones454@example.com,Consumer,Silver,14-03-2024
CUST-02897,Michael Gupta,michael.gupta152@example.com,Corporate,Silver,13-01-2023
CUST-04350,Ishaan Sharma,ishaan.sharma235@example.com,Corporate,Bronze,05-03-2024
CUST-02083,Olivia Sharma,olivia.sharma560@example.com,Consumer,Bronze,10-01-2023
CUST-00754,Ava Wilson,ava.wilson698@example.com,Consumer,Platinum,20-04-2024
CUST-02547,Vivaan Jones,vivaan.jones558@example.com,Consumer,Bronze,08-05-2023
CUST-03970,Riya Reddy,riya.reddy28@example.com,Consumer,Bronze,09-01-2023
CUST-03374,Saanvi Mehta,saanvi.mehta580@example.com,Consumer,Silver,04-10-2024
CUST-04108,Aanya Reddy,aanya.reddy555@example.com,Consumer,Bronze,07-04-2023
CUST-02445,Aditya Reddy,aditya.reddy722@example.com,Consumer,Bronze,25-02-2024
CUST-01067,Ananya Sharma,ananya.sharma158@example.com,Consumer,Silver,15-11-2023
CUST-03914,Emma Verma,emma.verma939@example.com,Consumer,Silver,18-07-2023
CUST-03499,John Patel,john.patel271@example.com,Consumer,Gold,18-10-2024
CUST-02739,Michael Sharma,michael.sharma137@example.com,Consumer,Gold,03-05-2023
CUST-04001,Ava Sharma,ava.sharma61@example.com,Corporate,Bronze,14-02-2024
CUST-01569,Aanya Anderson,aanya.anderson61@example.com,Consumer,Bronze,21-12-2024
CUST-02428,Aditya Kumar,aditya.kumar339@example.com,Corporate,Bronze,29-04-2024
CUST-03747,Aditya Miller,aditya.miller479@example.com,Consumer,Bronze,27-08-2024
CUST-04320,Anika Brown,anika.brown430@example.com,Consumer,Bronze,04-12-2023
CUST-01688,Robert Davis,robert.davis609@example.com,Consumer,,25-09-2024
CUST-00852,Diya Reddy,diya.reddy567@example.com,Corporate,Gold,13-10-2023
CUST-03547,Anika Mehta,anika.mehta101@example.com,Consumer,Bronze,15-05-2024
CUST-00896,Riya Anderson,riya.anderson898@gmail.com,Small Business,Bronze,16-07-2024
CUST-00336,Myra Yadav,myra.yadav811@example.com,Corporate,Bronze,21-04-2023
CUST-02840,James Smith,james.smith648@example.com,Corporate,Silver,03-11-2024
CUST-03088,Diya Jones,diya.jones132@example.com,Consumer,Gold,04-12-2023
CUST-01349,James Smith,james.smith648@gmail.com,Consumer,Silver,08-12-2024
CUST-01016,Sophia Jones,sophia.jones582@example.com,Corporate,Silver,02-03-2024
CUST-02817,Ananya Williams,ananya.williams429@gmail.com,Corporate,Silver,30-01-2024
CUST-01632,John Singh,john.singh426@example.com,Corporate,Bronze,19-11-2023
CUST-02490,Sai Brown,sai.brown691@example.com,Consumer,Silver,04-11-2023
CUST-03731,Riya Smith,riya.smith776@example.com,Consumer,Bronze,29-03-2024
CUST-03252,Aarav Wilson,aarav.wilson83@example.com,Consumer,Bronze,28-08-2024
CUST-04315,Ayaan Anderson,ayaan.anderson232@example.com,Corporate,Bronze,16-04-2024
CUST-02071,Riya Gupta,riya.gupta740@example.com,Small Business,Bronze,27-06-2023
CUST-01636,Isabella Sharma,isabella.sharma256@example.com,Consumer,Silver,13-02-2023
CUST-02480,Riya Davis,riya.davis630@example.com,Consumer,Bronze,14-02-2023
CUST-02266,Sophia Sharma,sophia.sharma243@example.com,Consumer,Silver,29-09-2024
CUST-02960,Aarav Verma,aarav.verma238@example.com,Consumer,Silver,18-12-2024
CUST-03060,Reyansh Williams,reyansh.williams611@example.com,Consumer,Bronze,23-03-2024
CUST-02142,James Kumar,james.kumar275@example.com,Consumer,Bronze,01-10-2024
CUST-03119,Vivaan Sharma,vivaan.sharma665@example.com,Consumer,Bronze,16-03-2023
CUST-04403,Pari Jones,pari.jones526@example.com,Consumer,Bronze,14-02-2024
CUST-03357,Aditya Verma,aditya.verma391@example.com,Consumer,Bronze,06-10-2024
CUST-02745,Aarav Williams,aarav.williams652@example.com,Small Business,Silver,09-10-2023
CUST-03507,Krishna Wilson,krishna.wilson847@example.com,Consumer,Bronze,16-08-2024
CUST-01680,Isabella Brown,isabella.brown825@example.com,Consumer,Silver,19-10-2023
CUST-04250,James Smith,james.smith178@example.com,Small Business,Silver,21-11-2024
CUST-03148,Diya Jones,diya.jones828@example.com,Consumer,Bronze,18-06-2024
CUST-02295,Vivaan Brown,vivaan.brown114@example.com,Consumer,Bronze,12-07-2023
CUST-00581,Pari Singh,pari.singh@outlook.com,Consumer,Bronze,02-06-2023
CUST-01471,William Jones,william.jones69@example.com,Corporate,Bronze,30-11-2024
CUST-04071,Aadhya Kumar,aadhya.kumar551@example.com,Corporate,Bronze,10-11-2023
CUST-03344,Aadhya Sharma,aadhya.sharma434@example.com,Small Business,Gold,25-04-2023
CUST-03673,Ananya Reddy,ananya.reddy224@example.com,Corporate,Silver,17-04-2023
CUST-00560,Saanvi Reddy,saanvi.reddy202@example.com,Consumer,Silver,03-12-2023
CUST-02850,Sai Wilson,sai.wilson666@example.com,Consumer,Bronze,10-08-2024
CUST-01082,Ava Taylor,ava.taylor455@example.com,Consumer,Bronze,02-03-2023
CUST-01665,Saanvi Joshi,saanvi.joshi482@example.com,Corporate,None,18-07-2024
CUST-01013,Aditya Kumar,aditya.kumar82@example.com,Consumer,Bronze,17-09-2024
CUST-01932,Ananya Brown,unregistered@exmple.com,Corporate,Bronze,02-10-2023
CUST-01151,Ananya Taylor,unregistered@exmple.com,Corporate,Bronze,15-03-2023
CUST-02839,Olivia Brown,olivia.brown969@example.com,Consumer,Silver,16-03-2023
CUST-00117,Vivaan Sharma,vivaan.sharma747@gmail.com,Small Business,Gold,11-10-2024
CUST-00741,Krishna Yadav,krishna.yadav435@example.com,Consumer,Gold,24-10-2024
CUST-04471,Sophia Miller,sophia.miller445@gmail.com,Consumer,Silver,25-02-2024
CUST-03676,Vivaan Johnson,vivaan.johnson420@example.com,Small Business,Gold,04-04-2024
CUST-00831,Krishna Kumar,krishna.kumar658@example.com,Consumer,Bronze,13-02-2023
CUST-00120,Vivaan Davis,vivaan.davis197@example.com,Small Business,Silver,07-07-2024
CUST-04446,Diya Sharma,diya.sharma918@example.com,Consumer,Gold,10-08-2023
CUST-00636,Vivaan Verma,vivaan.verma307@example.com,Consumer,Gold,28-04-2023
CUST-04143,Sophia Wilson,sophia.wilson@outlook.com,Small Business,Bronze,18-04-2023
CUST-00992,Aanya Singh,aanya.singh792@example.com,Consumer,Bronze,17-05-2023
CUST-00877,Isha Patel,isha.patel940@example.com,Consumer,Bronze,20-03-2024
CUST-00005,Krishna Williams,krishna.williams88@example.com,Consumer,Silver,07-01-2023
CUST-03052,Michael Taylor,michael.taylor954@example.com,Consumer,Bronze,02-10-2024
CUST-03125,Aarav Anderson,aarav.anderson301@example.com,Consumer,Gold,03-03-2023
CUST-02661,Isha Verma,isha.verma538@example.com,Consumer,Bronze,13-11-2023
CUST-02492,John Smith,john.smith941@example.com,Small Business,None,22-01-2023
CUST-03855,John Patel,john.patel858@example.com,Consumer,Silver,21-10-2023
CUST-03262,Olivia Davis,olivia.davis530@example.com,Consumer,Silver,15-11-2023
CUST-00575,Aditya Reddy,unregistered@exmple.com,Small Business,Silver,25-02-2023
CUST-03770,Ananya Taylor,ananya.taylor803@example.com,Consumer,Bronze,16-07-2024
CUST-03737,Ishaan Miller,ishaan.miller501@gmail.com,Consumer,Silver,14-04-2024
CUST-04147,Krishna Singh,krishna.singh269@example.com,Corporate,Bronze,08-12-2023
CUST-00854,Vihaan Taylor,vihaan.taylor603@example.com,Consumer,Silver,19-06-2023
CUST-01983,Saanvi Yadav,saanvi.yadav130@example.com,Consumer,Bronze,13-11-2024
CUST-02775,Olivia Brown,olivia.brown720@example.com,Consumer,Silver,15-06-2024
CUST-01167,Arjun Sharma,arjun.sharma261@example.com,Corporate,Bronze,29-07-2024
CUST-00972,Ishaan Patel,ishaan.patel868@example.com,Corporate,Bronze,11-03-2023
CUST-02702,Ishaan Wilson,ishaan.wilson83@example.com,Consumer,Silver,08-02-2023
CUST-02369,Isabella Williams,isabella.williams582@example.com,Consumer,Silver,06-08-2023
CUST-04116,Vihaan Brown,vihaan.brown519@example.com,Corporate,Bronze,24-06-2023
CUST-04132,Olivia Reddy,olivia.reddy889@example.com,Small Business,Gold,11-08-2023
CUST-02951,Ava Verma,ava.verma485@example.com,Consumer,Silver,07-06-2023
CUST-00525,Krishna Reddy,krishna.reddy830@example.com,Corporate,Gold,11-12-2024
CUST-02456,Olivia Williams,olivia.williams569@example.com,Consumer,Bronze,03-08-2023
CUST-01842,Ava Verma,ava.verma269@example.com,Small Business,Gold,26-03-2024
CUST-00538,Ava Sharma,ava.sharma594@example.com,Consumer,Bronze,27-11-2023
CUST-02807,Olivia Yadav,olivia.yadav265@example.com,Consumer,Silver,29-09-2024
CUST-04342,Myra Smith,myra.smith281@example.com,Consumer,Bronze,14-05-2023
CUST-03176,Krishna Patel,krishna.patel821@example.com,Consumer,Silver,14-04-2023
CUST-00785,Aarav Wilson,aarav.wilson109@example.com,Consumer,Gold,30-07-2023
CUST-04058,Sophia Anderson,sophia.anderson581@example.com,Consumer,Bronze,28-09-2023
CUST-01410,Emma Gupta,emma.gupta314@example.com,Consumer,Silver,23-03-2023
CUST-02538,James Taylor,james.taylor238@example.com,Small Business,Silver,16-02-2024
CUST-00155,Anika Davis,anika.davis187@example.com,Corporate,Bronze,23-04-2024
CUST-03010,Robert Davis,robert.davis550@example.com,Consumer,Bronze,07-04-2024
CUST-01687,Krishna Jones,unregistered@exmple.com,Consumer,Bronze,09-03-2023
CUST-02902,Myra Taylor,myra.taylor@outlook.com,Consumer,Silver,21-02-2023
CUST-03864,Vivaan Davis,vivaan.davis675@example.com,Small Business,Bronze,15-06-2024
CUST-02734,Riya Johnson,riya.johnson362@example.com,Consumer,Bronze,16-03-2024
CUST-01896,Saanvi Johnson,saanvi.johnson490@example.com,Small Business,Silver,16-05-2023
CUST-00570,Robert Williams,robert.williams315@example.com,Consumer,Bronze,12-01-2023
CUST-01817,Aanya Joshi,aanya.joshi519@example.com,Consumer,Gold,19-01-2024
CUST-02066,Ananya Brown,ananya.brown695@gmail.com,Consumer,Bronze,12-09-2023
CUST-00128,Aadhya Reddy,unregistered@exmple.com,Consumer,Bronze,26-11-2024
CUST-03395,Reyansh Kumar,reyansh.kumar337@example.com,Consumer,Bronze,04-12-2023
CUST-03328,Pari Johnson,pari.johnson357@example.com,Corporate,Silver,12-08-2024
CUST-02976,Myra Jones,myra.jones416@example.com,Consumer,Platinum,03-11-2024
CUST-00981,Aditya Anderson,aditya.anderson727@example.com,Consumer,Platinum,23-05-2024
CUST-02301,William Smith,william.smith140@example.com,Consumer,Bronze,17-12-2023
CUST-00191,Ayaan Davis,ayaan.davis90@example.com,Corporate,Bronze,04-01-2023
CUST-01140,Ishaan Taylor,ishaan.taylor355@example.com,Corporate,Gold,16-03-2023
CUST-00700,Ayaan Singh,unregistered@exmple.com,Small Business,Bronze,22-12-2023
CUST-04447,Aditya Gupta,aditya.gupta729@example.com,Small Business,Gold,10-04-2023
CUST-00607,Vivaan Kumar,vivaan.kumar592@example.com,Consumer,Bronze,10-10-2023
CUST-04277,Emma Jones,emma.jones644@example.com,Consumer,Bronze,28-06-2024
CUST-00302,Isabella Davis,isabella.davis592@example.com,Corporate,Gold,18-02-2023
CUST-03421,Diya Jones,diya.jones458@example.com,Consumer,Bronze,01-02-2023
CUST-04485,Sai Anderson,unregistered@exmple.com,Consumer,Bronze,10-01-2024
CUST-01061,Ananya Miller,ananya.miller559@example.com,Consumer,Silver,01-07-2024
CUST-02566,Isabella Jones,isabella.jones@outlook.com,Corporate,Bronze,05-12-2024
CUST-01070,Sai Miller,sai.miller337@example.com,Small Business,Silver,29-04-2023
CUST-02525,Emma Taylor,emma.taylor@outlook.com,Corporate,Silver,01-10-2023
CUST-02206,Sophia Patel,sophia.patel178@example.com,Consumer,Silver,31-10-2023
CUST-01244,James Yadav,james.yadav665@example.com,Consumer,Bronze,30-07-2023
CUST-00017,Vihaan Singh,vihaan.singh468@example.com,Consumer,Bronze,18-11-2024
CUST-03121,Sai Anderson,sai.anderson463@example.com,Consumer,Bronze,11-10-2024
CUST-00816,Diya Jones,diya.jones554@example.com,Consumer,Bronze,01-12-2023
CUST-03068,Isabella Reddy,isabella.reddy36@example.com,Consumer,Bronze,03-07-2024
CUST-00960,John Mehta,john.mehta897@example.com,Consumer,Silver,01-05-2024
CUST-00226,Isabella Wilson,isabella.wilson510@example.com,Consumer,,19-10-2023
CUST-03355,Krishna Verma,krishna.verma640@gmail.com,Consumer,Silver,09-01-2023
CUST-02486,Olivia Taylor,olivia.taylor49@example.com,Small Business,Gold,12-11-2023
CUST-00563,Ava Singh,ava.singh866@example.com,Corporate,Bronze,16-06-2023
CUST-03437,Aarav Joshi,aarav.joshi694@example.com,Consumer,Gold,28-06-2023
CUST-01694,Riya Verma,riya.verma516@example.com,Consumer,Bronze,20-07-2023
CUST-01046,Sai Taylor,sai.taylor724@example.com,Consumer,Bronze,27-01-2023
CUST-03447,Olivia Gupta,olivia.gupta750@example.com,Consumer,Bronze,11-06-2023
CUST-00955,Olivia Joshi,olivia.joshi446@example.com,Consumer,Silver,20-01-2023
CUST-02736,Reyansh Wilson,reyansh.wilson139@example.com,Consumer,Silver,02-10-2023
CUST-01219,William Kumar,william.kumar788@example.com,Corporate,Silver,15-02-2024
CUST-01528,Arjun Davis,arjun.davis360@example.com,Consumer,Bronze,26-09-2023
CUST-03988,Aanya Miller,aanya.miller196@example.com,Corporate,Gold,02-12-2023
CUST-01301,Arjun Reddy,arjun.reddy821@example.com,Consumer,Bronze,28-10-2024
CUST-00161,Ayaan Smith,ayaan.smith721@example.com,Corporate,Bronze,30-06-2023
CUST-04068,Aditya Joshi,unregistered@exmple.com,Consumer,Bronze,06-12-2024
CUST-00957,Saanvi Brown,saanvi.brown847@example.com,Corporate,Bronze,28-05-2023
CUST-03792,Vihaan Yadav,vihaan.yadav159@example.com,Consumer,Bronze,17-10-2023
CUST-03235,Olivia Mehta,olivia.mehta620@example.com,Consumer,Silver,17-10-2024
CUST-02870,Robert Singh,robert.singh803@example.com,Consumer,Bronze,29-02-2024
CUST-03778,Ishaan Taylor,ishaan.taylor415@example.com,Consumer,Silver,06-12-2023
CUST-02962,Robert Yadav,robert.yadav300@example.com,Consumer,Bronze,20-02-2024
CUST-02201,Vivaan Brown,vivaan.brown896@example.com,Consumer,Bronze,26-03-2023
CUST-00099,James Taylor,james.taylor90@example.com,Corporate,Bronze,15-03-2023
CUST-02558,William Johnson,william.johnson297@example.com,Consumer,Silver,05-07-2024
CUST-03184,Aditya Davis,aditya.davis843@gmail.com,Consumer,Bronze,10-06-2024
CUST-00254,Emma Taylor,unregistered@exmple.com,Small Business,Bronze,18-02-2023
CUST-03924,Ishaan Smith,ishaan.smith670@example.com,Consumer,Bronze,11-03-2023
CUST-04200,William Smith,william.smith251@example.com,Consumer,Bronze,02-09-2024
CUST-01446,Arjun Johnson,arjun.johnson740@example.com,Consumer,Silver,29-03-2023
CUST-01649,Ishaan Joshi,ishaan.joshi365@example.com,Consumer,Silver,03-09-2023
CUST-03992,Riya Taylor,riya.taylor227@example.com,Corporate,Bronze,19-01-2023
CUST-01697,Diya Kumar,diya.kumar470@example.com,Consumer,Bronze,11-08-2023
CUST-03192,Sai Verma,unregistered@exmple.com,Consumer,Platinum,18-05-2024
CUST-01155,Diya Patel,diya.patel697@example.com,Consumer,Gold,13-04-2024
CUST-02256,Robert Mehta,unregistered@exmple.com,Corporate,Bronze,07-01-2023
CUST-01683,Krishna Sharma,krishna.sharma722@example.com,Consumer,Silver,29-10-2023
CUST-03171,Emma Yadav,emma.yadav581@example.com,Small Business,Silver,22-12-2023
CUST-02057,Robert Joshi,robert.joshi830@example.com,Consumer,Bronze,05-07-2023
CUST-04091,James Williams,james.williams116@example.com,Consumer,Gold,13-12-2023
CUST-03109,Michael Reddy,michael.reddy859@example.com,Consumer,Silver,10-08-2023
CUST-03724,Ishaan Mehta,ishaan.mehta89@example.com,Small Business,Platinum,08-07-2023
CUST-02050,Vivaan Wilson,vivaan.wilson864@example.com,Corporate,Bronze,18-10-2023
CUST-03644,Myra Jones,myra.jones472@example.com,Consumer,Bronze,06-07-2023
CUST-00624,Krishna Yadav,krishna.yadav847@gmail.com,Consumer,Bronze,26-06-2023
CUST-00263,Riya Singh,riya.singh846@example.com,Consumer,Silver,18-07-2024
CUST-03370,Isabella Sharma,isabella.sharma@outlook.com,Consumer,Bronze,25-04-2024
CUST-04062,Ishaan Patel,ishaan.patel857@example.com,Corporate,Silver,26-11-2023
CUST-01803,Riya Joshi,riya.joshi914@example.com,Consumer,Bronze,06-08-2023
CUST-02386,Aditya Jones,unregistered@exmple.com,Consumer,Bronze,18-09-2024
CUST-01960,Ananya Davis,ananya.davis384@gmail.com,Consumer,None,02-04-2023
CUST-02977,Aanya Anderson,aanya.anderson431@example.com,Consumer,Bronze,01-11-2023
CUST-00489,Vihaan Miller,vihaan.miller845@example.com,Consumer,Gold,04-07-2024
CUST-01844,Emma Patel,emma.patel145@example.com,Consumer,Bronze,19-11-2024
CUST-01735,Saanvi Jones,saanvi.jones@outlook.com,Consumer,Bronze,21-11-2023
CUST-02912,James Brown,james.brown587@example.com,Consumer,Silver,13-01-2023
CUST-03220,James Smith,james.smith65@example.com,Small Business,Platinum,10-08-2024
CUST-00147,Sophia Williams,sophia.williams354@example.com,Corporate,Silver,07-08-2024
CUST-01987,Anika Joshi,anika.joshi26@example.com,Consumer,Bronze,19-03-2024
CUST-01370,Ishaan Gupta,ishaan.gupta944@example.com,Consumer,Bronze,25-08-2023
CUST-02812,Pari Yadav,unregistered@exmple.com,Consumer,Gold,14-03-2024
CUST-00660,Ayaan Williams,ayaan.williams758@example.com,Consumer,Bronze,29-01-2023
CUST-01795,John Singh,john.singh73@gmail.com,Small Business,Silver,22-03-2024
CUST-02512,Robert Wilson,robert.wilson263@example.com,Consumer,Silver,27-05-2024
CUST-03398,Ava Verma,ava.verma973@example.com,Small Business,Silver,12-08-2023
CUST-04283,Aditya Williams,aditya.williams824@example.com,Consumer,Gold,09-11-2024
CUST-01148,Aadhya Joshi,aadhya.joshi242@example.com,Consumer,Gold,26-05-2023
CUST-03273,Aditya Mehta,aditya.mehta766@example.com,Corporate,Silver,20-04-2023
CUST-00609,Ayaan Johnson,ayaan.johnson381@example.com,Consumer,Silver,21-11-2024
CUST-03583,Ishaan Gupta,ishaan.gupta408@example.com,Corporate,Bronze,06-06-2023
CUST-01931,Sophia Williams,sophia.williams271@example.com,Consumer,Silver,27-06-2024
CUST-00198,Saanvi Wilson,saanvi.wilson844@example.com,Small Business,Bronze,16-04-2023
CUST-02932,Arjun Reddy,arjun.reddy819@example.com,Consumer,Gold,12-10-2023
CUST-02328,William Jones,william.jones945@example.com,Consumer,Silver,23-01-2024
CUST-04390,Arjun Gupta,arjun.gupta849@example.com,Small Business,Silver,05-11-2023
CUST-00767,Riya Verma,riya.verma307@gmail.com,Corporate,Gold,09-06-2023
CUST-04219,Isabella Reddy,isabella.reddy384@example.com,Corporate,Bronze,31-01-2024
CUST-03256,Diya Jones,diya.jones850@example.com,Corporate,Silver,17-08-2023
CUST-00203,Reyansh Sharma,reyansh.sharma@outlook.com,Corporate,Bronze,08-12-2023
CUST-03511,James Singh,james.singh581@gmail.com,Consumer,Bronze,12-06-2023
CUST-01734,William Davis,william.davis19@example.com,Consumer,Bronze,02-05-2023
CUST-02778,Arjun Anderson,arjun.anderson218@example.com,Small Business,Platinum,18-05-2024
CUST-01708,Ava Anderson,unregistered@exmple.com,Consumer,Bronze,04-05-2023
CUST-03475,Michael Miller,michael.miller819@example.com,Corporate,Silver,20-09-2023
CUST-00855,Riya Anderson,riya.anderson220@example.com,Corporate,Bronze,26-12-2023
CUST-04098,John Sharma,john.sharma998@example.com,Small Business,Silver,09-09-2024
CUST-02161,Sai Verma,sai.verma583@example.com,Corporate,Silver,22-08-2024
CUST-00699,James Gupta,james.gupta71@example.com,Consumer,Platinum,25-10-2023
CUST-03000,Aditya Verma,aditya.verma202@example.com,Corporate,Silver,21-02-2024
CUST-03697,Reyansh Wilson,unregistered@exmple.com,Consumer,Bronze,29-04-2024
CUST-01637,Anika Brown,anika.brown452@example.com,Consumer,Bronze,24-04-2024
CUST-03458,Olivia Singh,olivia.singh599@example.com,Corporate,Gold,17-12-2024
CUST-03582,Ishaan Patel,ishaan.patel941@example.com,Corporate,Gold,16-12-2023
CUST-01292,Aarav Singh,aarav.singh70@example.com,Corporate,Gold,06-09-2024
CUST-01854,James Reddy,james.reddy334@example.com,Consumer,Silver,11-07-2023
CUST-03764,Aditya Patel,aditya.patel688@example.com,Consumer,Silver,22-10-2024
CUST-03305,Vivaan Gupta,vivaan.gupta597@example.com,Consumer,Silver,29-11-2023
CUST-03744,Aadhya Williams,aadhya.williams231@example.com,Small Business,Bronze,09-11-2024
CUST-03446,Anika Miller,anika.miller194@example.com,Corporate,Silver,05-02-2024
CUST-01999,Isha Mehta,isha.mehta419@example.com,Consumer,Bronze,16-12-2023
CUST-00664,Emma Wilson,emma.wilson165@example.com,Consumer,Bronze,25-04-2023
CUST-03749,Emma Singh,emma.singh751@example.com,Consumer,Silver,28-01-2023
CUST-04414,Aditya Verma,aditya.verma311@example.com,Consumer,None,03-11-2024
CUST-00710,Pari Davis,pari.davis184@example.com,Consumer,Silver,24-05-2024
CUST-01283,Sai Joshi,sai.joshi197@example.com,Consumer,Silver,04-08-2023
CUST-02676,Isabella Taylor,isabella.taylor@outlook.com,Small Business,Bronze,04-07-2023
CUST-04030,John Davis,john.davis92@example.com,Consumer,,21-06-2023
CUST-01307,Saanvi Jones,saanvi.jones336@example.com,Consumer,Bronze,25-01-2024
CUST-02238,Ananya Wilson,ananya.wilson715@example.com,Consumer,Silver,25-04-2024
CUST-03303,Myra Williams,myra.williams466@example.com,Consumer,Bronze,10-04-2023
CUST-01530,John Yadav,john.yadav@outlook.com,Consumer,Bronze,13-09-2023
CUST-01664,Myra Singh,myra.singh326@example.com,Consumer,Silver,01-12-2024
CUST-03628,Isha Davis,isha.davis922@example.com,Corporate,Gold,25-12-2023
CUST-02694,Aditya Davis,aditya.davis150@example.com,Consumer,Bronze,01-10-2024
CUST-03061,Reyansh Miller,reyansh.miller397@example.com,Consumer,Bronze,04-10-2024
CUST-02730,Reyansh Patel,reyansh.patel481@example.com,Consumer,Bronze,28-03-2024
CUST-02626,Isha Williams,isha.williams600@example.com,Small Business,Bronze,13-09-2024
CUST-03158,Krishna Taylor,krishna.taylor387@example.com,Corporate,Bronze,22-07-2023
CUST-03315,John Patel,john.patel929@example.com,Corporate,Bronze,04-02-2024
CUST-01723,Ayaan Anderson,ayaan.anderson339@example.com,Consumer,Bronze,13-11-2023
CUST-01060,James Mehta,james.mehta743@example.com,Corporate,Silver,31-12-2023
CUST-03243,Ishaan Gupta,ishaan.gupta329@example.com,Consumer,Silver,25-11-2023
CUST-01679,Aadhya Verma,aadhya.verma809@example.com,Corporate,Bronze,17-04-2023
CUST-01758,Emma Anderson,emma.anderson953@example.com,Consumer,Gold,05-01-2023
CUST-04192,Reyansh Singh,reyansh.singh@outlook.com,Consumer,Silver,06-10-2024
CUST-00564,Myra Wilson,myra.wilson361@example.com,Consumer,Bronze,16-07-2024
CUST-00864,Michael Patel,michael.patel214@example.com,Small Business,Bronze,17-01-2024
CUST-01485,Pari Taylor,pari.taylor895@example.com,Consumer,Bronze,16-07-2023
CUST-00207,Emma Williams,emma.williams264@example.com,Consumer,Bronze,23-11-2023
CUST-04489,Ishaan Brown,ishaan.brown571@example.com,Consumer,Bronze,28-11-2024
CUST-00871,Ava Patel,ava.patel820@example.com,Consumer,Silver,02-06-2024
CUST-04494,Sai Taylor,sai.taylor160@example.com,Corporate,Silver,28-08-2023
CUST-00503,Aadhya Verma,aadhya.verma871@example.com,Consumer,Bronze,03-10-2024
CUST-01029,Diya Reddy,diya.reddy544@example.com,Consumer,Gold,08-03-2023
CUST-03841,Saanvi Jones,saanvi.jones755@example.com,Consumer,Bronze,02-04-2023
CUST-02691,Arjun Sharma,arjun.sharma258@example.com,Consumer,Bronze,29-12-2023
CUST-01571,Reyansh Wilson,reyansh.wilson324@example.com,Consumer,Bronze,24-02-2024
CUST-02774,James Singh,james.singh864@example.com,Consumer,Gold,01-11-2024
CUST-02732,James Singh,james.singh405@example.com,Consumer,Platinum,27-03-2024
CUST-00805,Ayaan Verma,ayaan.verma778@example.com,Consumer,Gold,03-10-2024
CUST-03646,Myra Sharma,myra.sharma436@example.com,Consumer,Bronze,25-07-2023
CUST-02455,Isha Brown,isha.brown491@example.com,Consumer,Bronze,28-02-2024
CUST-03105,Michael Anderson,unregistered@exmple.com,Corporate,Gold,20-01-2024
CUST-00201,Reyansh Reddy,reyansh.reddy114@example.com,Consumer,None,13-09-2023
CUST-03100,Emma Singh,emma.singh638@example.com,Consumer,Silver,18-06-2024
CUST-02279,Olivia Johnson,olivia.johnson382@example.com,Small Business,Silver,13-04-2024
CUST-03562,Ayaan Wilson,ayaan.wilson167@example.com,Corporate,Platinum,03-10-2024
CUST-04475,Ayaan Reddy,ayaan.reddy810@example.com,Consumer,Bronze,08-06-2023
CUST-00392,John Gupta,john.gupta38@example.com,Consumer,Bronze,20-04-2024
CUST-02696,Vihaan Davis,vihaan.davis484@example.com,Corporate,Silver,31-10-2024
CUST-02028,Vihaan Gupta,vihaan.gupta308@example.com,Consumer,Platinum,20-09-2024
CUST-02569,Aditya Johnson,unregistered@exmple.com,Small Business,Bronze,04-05-2024
CUST-00065,Vihaan Mehta,vihaan.mehta753@example.com,Consumer,Bronze,21-01-2023
CUST-03885,John Yadav,john.yadav@outlook.com,Corporate,Silver,24-06-2024
CUST-02063,Aarav Wilson,aarav.wilson557@example.com,Consumer,Bronze,29-08-2024
CUST-00493,Olivia Anderson,olivia.anderson607@example.com,Corporate,Bronze,12-07-2023
CUST-00380,Vihaan Gupta,vihaan.gupta453@example.com,Consumer,Silver,08-06-2024
CUST-03994,Diya Singh,diya.singh117@gmail.com,Corporate,Silver,06-02-2023
CUST-01077,Michael Singh,michael.singh759@example.com,Corporate,Bronze,03-02-2024
CUST-00879,Isabella Taylor,isabella.taylor826@example.com,Consumer,Gold,15-09-2024
CUST-00338,Ayaan Kumar,ayaan.kumar168@example.com,Consumer,Bronze,10-11-2024
CUST-01017,Aarav Wilson,aarav.wilson@outlook.com,Consumer,Silver,01-02-2024
CUST-01276,Isha Gupta,isha.gupta534@example.com,Consumer,Silver,30-11-2024
CUST-03799,Michael Miller,michael.miller647@example.com,Consumer,Bronze,28-07-2023
CUST-03343,Ishaan Joshi,ishaan.joshi@outlook.com,Consumer,Bronze,27-02-2023
CUST-00996,John Kumar,john.kumar448@example.com,Consumer,Bronze,03-08-2024
CUST-01982,Anika Yadav,anika.yadav634@example.com,Consumer,Bronze,23-08-2024
CUST-04298,Ava Singh,ava.singh779@example.com,Consumer,Gold,07-01-2024
CUST-00162,Myra Smith,myra.smith30@example.com,Consumer,Silver,01-07-2024
CUST-01501,Sophia Miller,sophia.miller438@example.com,Corporate,Bronze,26-11-2024
CUST-03844,Aanya Williams,aanya.williams198@example.com,Corporate,Silver,31-08-2024
CUST-02614,William Patel,william.patel483@example.com,Consumer,Platinum,28-05-2024
CUST-03462,Aditya Jones,aditya.jones594@example.com,Consumer,Bronze,06-06-2023
CUST-01022,Olivia Brown,olivia.brown137@example.com,Consumer,Platinum,19-10-2023
CUST-03074,Myra Brown,myra.brown740@example.com,Consumer,Platinum,19-08-2024
CUST-03944,Saanvi Taylor,saanvi.taylor851@example.com,Consumer,Bronze,13-11-2024
CUST-01586,Aanya Jones,aanya.jones61@example.com,Small Business,Bronze,31-07-2023
CUST-01956,Diya Williams,diya.williams839@example.com,Corporate,Bronze,29-05-2024
CUST-03153,Ava Reddy,ava.reddy628@example.com,Consumer,Bronze,05-12-2023
CUST-00035,Aanya Verma,aanya.verma399@example.com,Consumer,None,17-04-2023
CUST-04015,William Yadav,william.yadav880@example.com,Consumer,Bronze,13-01-2023
CUST-00776,Reyansh Wilson,reyansh.wilson433@example.com,Consumer,Silver,02-02-2024
CUST-02557,Ava Yadav,ava.yadav966@example.com,Consumer,Bronze,02-01-2024
CUST-01479,Reyansh Yadav,reyansh.yadav230@example.com,Consumer,Bronze,29-09-2024
CUST-01364,Riya Taylor,riya.taylor375@example.com,Consumer,Bronze,21-12-2024
CUST-02613,John Miller,unregistered@exmple.com,Corporate,Bronze,16-07-2023
CUST-02825,Isha Johnson,isha.johnson896@example.com,Small Business,Gold,30-10-2023
CUST-02042,Aditya Jones,aditya.jones627@example.com,Corporate,Silver,05-10-2023
CUST-00242,Ayaan Smith,ayaan.smith630@example.com,Corporate,Silver,27-01-2023
CUST-02062,William Davis,william.davis700@example.com,Consumer,Gold,02-05-2023
CUST-02364,Isha Yadav,isha.yadav@outlook.com,Corporate,Bronze,09-09-2023
CUST-00601,Ayaan Patel,ayaan.patel763@example.com,Consumer,Bronze,16-12-2023
CUST-02436,Michael Davis,unregistered@exmple.com,Consumer,Gold,14-01-2024
CUST-02889,Ananya Reddy,ananya.reddy821@example.com,Consumer,Silver,06-02-2023
CUST-00647,John Smith,john.smith331@example.com,Consumer,Bronze,14-02-2024
CUST-03891,Reyansh Sharma,reyansh.sharma968@example.com,Consumer,None,15-08-2024
CUST-03557,Aadhya Mehta,aadhya.mehta151@example.com,Consumer,Bronze,28-06-2023
CUST-03203,Riya Taylor,riya.taylor765@example.com,Consumer,Bronze,09-06-2024
CUST-01529,Anika Wilson,anika.wilson176@example.com,Corporate,Silver,19-08-2023
CUST-01268,Anika Smith,anika.smith945@example.com,Consumer,Bronze,14-07-2023
CUST-01900,Krishna Brown,krishna.brown508@example.com,Corporate,Bronze,23-03-2023
CUST-03006,Isha Brown,isha.brown465@example.com,Consumer,Silver,07-07-2023
CUST-02735,Saanvi Jones,saanvi.jones650@example.com,Consumer,Bronze,04-09-2024
CUST-00190,Olivia Miller,olivia.miller734@example.com,Consumer,Bronze,08-05-2023
CUST-01807,Vivaan Sharma,vivaan.sharma39@example.com,Consumer,Bronze,05-06-2023
CUST-00976,Krishna Williams,krishna.williams400@example.com,Consumer,Gold,26-09-2024
CUST-02748,Ishaan Brown,ishaan.brown735@example.com,Corporate,Gold,14-08-2024
CUST-02048,Arjun Patel,arjun.patel908@example.com,Consumer,Bronze,12-01-2024
CUST-02559,Diya Taylor,diya.taylor980@example.com,Consumer,None,20-09-2024
CUST-01083,Krishna Taylor,krishna.taylor534@example.com,Consumer,Bronze,03-05-2024
CUST-00475,Aanya Kumar,aanya.kumar667@example.com,Consumer,Gold,08-01-2024
CUST-02905,Ava Gupta,ava.gupta55@example.com,Consumer,Platinum,06-04-2024
CUST-04118,Reyansh Patel,reyansh.patel883@example.com,Consumer,,12-09-2023
CUST-03386,Vihaan Mehta,vihaan.mehta795@example.com,Corporate,Bronze,15-03-2023
CUST-01185,Isha Yadav,isha.yadav10@example.com,Consumer,Bronze,06-04-2024
CUST-02434,Myra Wilson,myra.wilson730@example.com,Consumer,Silver,05-02-2023
CUST-02392,Saanvi Anderson,saanvi.anderson71@example.com,Consumer,Silver,04-06-2023
CUST-00770,Vivaan Taylor,vivaan.taylor767@example.com,Consumer,Silver,25-02-2024
CUST-01686,Anika Johnson,anika.johnson737@example.com,Corporate,Gold,04-10-2023
CUST-00131,James Sharma,james.sharma899@example.com,Consumer,Silver,23-08-2024
CUST-02920,Sophia Jones,sophia.jones123@example.com,Corporate,Silver,20-01-2023
CUST-03172,Aanya Wilson,aanya.wilson144@example.com,Consumer,Bronze,23-07-2023
CUST-03445,Sophia Johnson,sophia.johnson408@example.com,Consumer,Bronze,20-12-2024
CUST-04427,Aditya Reddy,aditya.reddy465@example.com,Small Business,Platinum,29-07-2023
CUST-00467,Sophia Yadav,sophia.yadav689@example.com,Consumer,Gold,13-12-2024
CUST-03093,Aditya Taylor,aditya.taylor630@example.com,Small Business,Bronze,30-08-2024
CUST-03773,John Williams,john.williams415@gmail.com,Consumer,Bronze,03-03-2023
CUST-00861,Ananya Patel,ananya.patel762@example.com,Consumer,Bronze,14-09-2024
