Clean_Spend_Date,Clean_Campaign_ID,Clean_Daily_Cost,Clean_Impressions,Clean_Clicks,CTR,CPC
01-01-2024,CMP-META-01,508.2,31928,501,1.57%,1.01
01-01-2024,CMP-META-02,335.76,22633,811,3.58%,0.41
01-01-2024,CMP-GOOG-01,0,35511,1173,3.30%,
01-01-2024,CMP-GOOG-02,404.47,25145,598,2.38%,0.68
01-01-2024,CMP-EML-01,39.09,2791,109,3.91%,0.36
01-01-2024,CMP-AFF-01,112.53,4877,146,2.99%,0.77
01-01-2024,CMP-ORG-00,0,0,26,0.00%,
02-01-2024,CMP-META-01,592.65,35982,583,1.62%,1.02
02-01-2024,CMP-META-02,318.93,15142,603,3.98%,0.53
02-01-2024,CMP-GOOG-01,586.37,37030,1235,3.34%,0.47
02-01-2024,CMP-GOOG-02,598.08,0,1610,0.00%,0.37
02-01-2024,CMP-EML-01,50.15,2722,105,3.86%,0.48
02-01-2024,CMP-AFF-01,128.11,9557,341,3.57%,0.38
02-01-2024,CMP-ORG-00,0,1038,39,3.76%,
03-01-2024,CMP-META-01,298.57,13171,428,3.25%,0.7
03-01-2024,CMP-META-02,695.24,32246,705,2.19%,0.99
03-01-2024,CMP-GOOG-01,669.87,31197,1014,3.25%,0.66
03-01-2024,CMP-GOOG-02,568.2,38198,1071,2.80%,0.53
03-01-2024,CMP-EML-01,32.17,0,46,0.00%,0.7
03-01-2024,CMP-AFF-01,96.86,5812,107,1.84%,0.91
03-01-2024,CMP-ORG-00,0,552,10,1.81%,
04-01-2024,CMP-META-01,471.18,35387,1370,3.87%,0.34
04-01-2024,CMP-META-02,489.08,28584,884,3.09%,0.55
04-01-2024,CMP-GOOG-01,478.53,21391,348,1.63%,1.38
04-01-2024,CMP-EML-01,61.88,4485,142,3.17%,0.44
04-01-2024,CMP-AFF-01,171.25,9758,306,3.14%,0.56
04-01-2024,CMP-ORG-00,0,709,22,3.10%,
05-01-2024,CMP-META-01,514.81,36006,624,1.73%,0.83
05-01-2024,CMP-META-02,642.26,43345,1403,3.24%,0.46
05-01-2024,CMP-GOOG-01,573.28,45297,909,2.01%,0.63
05-01-2024,CMP-GOOG-02,464.46,22807,369,1.62%,1.26
05-01-2024,CMP-EML-01,75.2,3248,98,3.02%,0.77
05-01-2024,CMP-AFF-01,168.32,9277,142,1.53%,1.19
05-01-2024,CMP-ORG-00,0,1342,33,2.46%,
06-01-2024,CMP-META-01,525.83,0,1147,0.00%,0.46
06-01-2024,CMP-META-02,597.28,32072,811,2.53%,0.74
06-01-2024,CMP-GOOG-01,431.89,34012,755,2.22%,0.57
06-01-2024,CMP-GOOG-02,381.02,17212,664,3.86%,0.57
06-01-2024,CMP-EML-01,47.57,0,124,0.00%,0.38
06-01-2024,CMP-AFF-01,178.14,9894,381,3.85%,0.47
06-01-2024,CMP-ORG-00,0,1236,25,2.02%,
07-01-2024,CMP-META-01,661.89,46613,1159,2.49%,0.57
07-01-2024,CMP-META-02,350.09,23982,866,3.61%,0.4
07-01-2024,CMP-GOOG-01,502.76,28898,691,2.39%,0.73
07-01-2024,CMP-GOOG-02,431.86,28561,707,2.48%,0.61
07-01-2024,CMP-EML-01,62.89,3426,81,2.36%,0.78
07-01-2024,CMP-AFF-01,107.34,8532,132,1.55%,0.81
07-01-2024,CMP-ORG-00,0,1048,30,2.86%,
08-01-2024,CMP-META-01,287.38,21752,386,1.77%,0.74
08-01-2024,CMP-META-02,562.89,24786,812,3.28%,0.69
08-01-2024,CMP-GOOG-01,784.73,53213,1152,2.16%,0.68
08-01-2024,CMP-GOOG-02,800.48,50578,1213,2.40%,0.66
08-01-2024,CMP-EML-01,72.63,3620,124,3.43%,0.59
08-01-2024,CMP-AFF-01,86.37,6512,142,2.18%,0.61
08-01-2024,CMP-ORG-00,0,1080,40,3.70%,
09-01-2024,CMP-META-01,0,31709,1211,3.82%,
09-01-2024,CMP-META-02,508.58,39575,1134,2.87%,0.45
09-01-2024,CMP-GOOG-01,445.29,29339,779,2.66%,0.57
09-01-2024,CMP-GOOG-02,647.05,39113,804,2.06%,0.8
09-01-2024,CMP-EML-01,66.72,4802,177,3.69%,0.38
09-01-2024,CMP-AFF-01,122.37,7877,134,1.70%,0.91
09-01-2024,CMP-ORG-00,0,819,28,3.42%,
10-01-2024,CMP-META-01,686.2,51896,1673,3.22%,0.41
10-01-2024,CMP-META-02,707.98,39850,759,1.90%,0.93
10-01-2024,CMP-GOOG-01,401.25,19641,295,1.50%,1.36
10-01-2024,CMP-GOOG-02,424.73,32805,1097,3.34%,0.39
10-01-2024,CMP-EML-01,75.87,4866,128,2.63%,0.59
10-01-2024,CMP-AFF-01,123.89,6843,212,3.10%,0.58
10-01-2024,CMP-ORG-00,0,1306,23,1.76%,
11-01-2024,CMP-META-01,615.28,24745,773,3.12%,0.8
11-01-2024,CMP-GOOG-01,549.18,26374,811,3.07%,0.68
11-01-2024,CMP-GOOG-02,309.79,22782,641,2.81%,0.48
11-01-2024,CMP-EML-01,48.55,2768,59,2.13%,0.82
11-01-2024,CMP-AFF-01,0,11301,381,3.37%,
11-01-2024,CMP-ORG-00,0,1020,27,2.65%,
12-01-2024,CMP-META-01,0,18417,607,3.30%,
12-01-2024,CMP-META-02,475.37,32035,1067,3.33%,0.45
12-01-2024,CMP-GOOG-01,382.39,24610,899,3.65%,0.43
12-01-2024,CMP-GOOG-02,306.39,22059,856,3.88%,0.36
12-01-2024,CMP-EML-01,35.26,2041,52,2.55%,0.68
12-01-2024,CMP-AFF-01,166.9,9140,227,2.48%,0.74
12-01-2024,CMP-ORG-00,0,808,24,2.97%,
13-01-2024,CMP-META-01,342.4,26946,996,3.70%,0.34
13-01-2024,CMP-META-02,309.76,20940,787,3.76%,0.39
13-01-2024,CMP-GOOG-01,632.27,37718,1313,3.48%,0.48
13-01-2024,CMP-GOOG-02,397.36,21330,456,2.14%,0.87
13-01-2024,CMP-EML-01,41.63,2932,113,3.85%,0.37
13-01-2024,CMP-ORG-00,0,977,15,1.54%,
14-01-2024,CMP-META-01,546.06,29198,805,2.76%,0.68
14-01-2024,CMP-META-02,261.87,13739,500,3.64%,0.52
14-01-2024,CMP-GOOG-01,523.28,32985,1064,3.23%,0.49
14-01-2024,CMP-GOOG-02,775.12,56847,1944,3.42%,0.4
14-01-2024,CMP-EML-01,44.33,2315,82,3.54%,0.54
14-01-2024,CMP-AFF-01,159.9,7983,122,1.53%,1.31
14-01-2024,CMP-ORG-00,0,832,20,2.40%,
15-01-2024,CMP-META-01,650.65,49333,1671,3.39%,0.39
15-01-2024,CMP-META-02,584.52,42676,706,1.65%,0.83
15-01-2024,CMP-GOOG-01,729.34,31132,569,1.83%,1.28
15-01-2024,CMP-GOOG-02,699.91,35026,1004,2.87%,0.7
15-01-2024,CMP-EML-01,30.67,1315,24,1.83%,1.28
15-01-2024,CMP-AFF-01,127.8,8059,162,2.01%,0.79
15-01-2024,CMP-ORG-00,0,1423,30,2.11%,
16-01-2024,CMP-META-01,597.16,42036,1678,3.99%,0.36
16-01-2024,CMP-META-02,643.76,35071,818,2.33%,0.79
16-01-2024,CMP-GOOG-01,708.77,37486,918,2.45%,0.77
16-01-2024,CMP-GOOG-02,681.34,38069,684,1.80%,1
16-01-2024,CMP-EML-01,58.55,2769,73,2.64%,0.8
16-01-2024,CMP-AFF-01,211.34,12206,376,3.08%,0.56
16-01-2024,CMP-ORG-00,0,785,23,2.93%,
17-01-2024,CMP-META-01,592.67,43157,984,2.28%,0.6
17-01-2024,CMP-META-02,390.43,20261,530,2.62%,0.74
17-01-2024,CMP-GOOG-01,624.19,47061,1880,3.99%,0.33
17-01-2024,CMP-GOOG-02,505.65,0,791,0.00%,0.64
17-01-2024,CMP-EML-01,56.1,3887,120,3.09%,0.47
17-01-2024,CMP-AFF-01,171.02,12955,366,2.83%,0.47
17-01-2024,CMP-ORG-00,0,695,12,1.73%,
18-01-2024,CMP-META-01,737.31,36272,749,2.06%,0.98
18-01-2024,CMP-META-02,581.39,34366,1128,3.28%,0.52
18-01-2024,CMP-GOOG-01,689.21,41349,751,1.82%,0.92
18-01-2024,CMP-GOOG-02,787.65,38111,981,2.57%,0.8
18-01-2024,CMP-EML-01,75.61,5864,172,2.93%,0.44
18-01-2024,CMP-AFF-01,200.93,13530,365,2.70%,0.55
18-01-2024,CMP-ORG-00,0,943,16,1.70%,
19-01-2024,CMP-META-01,470.88,27011,723,2.68%,0.65
19-01-2024,CMP-META-02,401.94,30377,462,1.52%,0.87
19-01-2024,CMP-GOOG-01,352.29,23529,593,2.52%,0.59
19-01-2024,CMP-GOOG-02,764.97,40138,1461,3.64%,0.52
19-01-2024,CMP-EML-01,31.69,2525,98,3.88%,0.32
19-01-2024,CMP-AFF-01,215.97,9019,342,3.79%,0.63
19-01-2024,CMP-ORG-00,0,1156,31,2.68%,
20-01-2024,CMP-META-01,413.69,31693,544,1.72%,0.76
20-01-2024,CMP-META-02,677.31,34392,962,2.80%,0.7
20-01-2024,CMP-GOOG-01,594.42,44471,701,1.58%,0.85
20-01-2024,CMP-GOOG-02,792.49,34863,1276,3.66%,0.62
20-01-2024,CMP-EML-01,75.61,5354,85,1.59%,0.89
20-01-2024,CMP-AFF-01,129.86,8443,155,1.84%,0.84
21-01-2024,CMP-META-01,662.03,26508,858,3.24%,0.77
21-01-2024,CMP-META-02,532.47,25838,786,3.04%,0.68
21-01-2024,CMP-GOOG-01,772.35,52890,1645,3.11%,0.47
21-01-2024,CMP-GOOG-02,675.17,39559,986,2.49%,0.68
21-01-2024,CMP-EML-01,35.12,1442,37,2.57%,0.95
21-01-2024,CMP-AFF-01,167.36,8864,255,2.88%,0.66
21-01-2024,CMP-ORG-00,0,1191,19,1.60%,
22-01-2024,CMP-META-01,571.52,42121,1441,3.42%,0.4
22-01-2024,CMP-META-02,283.26,15514,426,2.75%,0.66
22-01-2024,CMP-GOOG-01,521.08,24679,923,3.74%,0.56
22-01-2024,CMP-GOOG-02,815.4,35711,741,2.07%,1.1
22-01-2024,CMP-EML-01,30.02,1817,63,3.47%,0.48
22-01-2024,CMP-AFF-01,134.67,6971,179,2.57%,0.75
23-01-2024,CMP-META-01,472.33,36897,568,1.54%,0.83
23-01-2024,CMP-META-02,378.53,15216,430,2.83%,0.88
23-01-2024,CMP-GOOG-01,728.34,53568,2029,3.79%,0.36
23-01-2024,CMP-GOOG-02,499.48,30544,1087,3.56%,0.46
23-01-2024,CMP-EML-01,67.63,3612,117,3.24%,0.58
23-01-2024,CMP-AFF-01,203.67,8637,271,3.14%,0.75
23-01-2024,CMP-ORG-00,0,843,19,2.25%,
24-01-2024,CMP-META-01,700.09,37536,1477,3.93%,0.47
24-01-2024,CMP-META-02,591.94,37387,1486,3.97%,0.4
24-01-2024,CMP-GOOG-01,427.32,18250,293,1.61%,1.46
24-01-2024,CMP-GOOG-02,791.65,54726,1801,3.29%,0.44
24-01-2024,CMP-EML-01,68.66,4825,81,1.68%,0.85
24-01-2024,CMP-AFF-01,139.29,7746,209,2.70%,0.67
24-01-2024,CMP-ORG-00,0,1081,17,1.57%,
25-01-2024,CMP-META-01,719.71,45888,1124,2.45%,0.64
25-01-2024,CMP-META-02,747.6,38701,816,2.11%,0.92
25-01-2024,CMP-GOOG-01,839.31,47495,1444,3.04%,0.58
25-01-2024,CMP-GOOG-02,306.5,19302,345,1.79%,0.89
25-01-2024,CMP-EML-01,47.97,2490,47,1.89%,1.02
25-01-2024,CMP-AFF-01,129.06,9984,342,3.43%,0.38
25-01-2024,CMP-ORG-00,0,1407,23,1.63%,
26-01-2024,CMP-META-01,436,23362,427,1.83%,1.02
26-01-2024,CMP-META-02,684.85,28435,569,2.00%,1.2
26-01-2024,CMP-GOOG-01,573.17,44823,691,1.54%,0.83
26-01-2024,CMP-GOOG-02,719.57,37113,1078,2.90%,0.67
26-01-2024,CMP-EML-01,34.15,2231,52,2.33%,0.66
26-01-2024,CMP-AFF-01,158.15,11424,444,3.89%,0.36
26-01-2024,CMP-ORG-00,0,1123,18,1.60%,
27-01-2024,CMP-META-01,458.83,23233,800,3.44%,0.57
27-01-2024,CMP-META-02,651.65,41690,1102,2.64%,0.59
27-01-2024,CMP-GOOG-01,384.94,20689,569,2.75%,0.68
27-01-2024,CMP-GOOG-02,612.07,25343,796,3.14%,0.77
27-01-2024,CMP-EML-01,44.86,2863,86,3.00%,0.52
27-01-2024,CMP-AFF-01,146.8,9767,291,2.98%,0.5
27-01-2024,CMP-ORG-00,0,1327,30,2.26%,
28-01-2024,CMP-META-01,391.55,20167,530,2.63%,0.74
28-01-2024,CMP-META-02,702.71,33946,1332,3.92%,0.53
28-01-2024,CMP-GOOG-01,379.29,22854,662,2.90%,0.57
28-01-2024,CMP-GOOG-02,358.53,16348,493,3.02%,0.73
28-01-2024,CMP-EML-01,68.26,3433,55,1.60%,1.24
28-01-2024,CMP-AFF-01,109.85,5698,124,2.18%,0.89
28-01-2024,CMP-ORG-00,0,613,22,3.59%,
29-01-2024,CMP-META-01,253.52,16996,537,3.16%,0.47
29-01-2024,CMP-META-02,373.51,16424,411,2.50%,0.91
29-01-2024,CMP-GOOG-01,348.89,14165,553,3.90%,0.63
29-01-2024,CMP-GOOG-02,309.76,12589,218,1.73%,1.42
29-01-2024,CMP-EML-01,65.16,4849,177,3.65%,0.37
29-01-2024,CMP-AFF-01,88.6,5661,163,2.88%,0.54
29-01-2024,CMP-ORG-00,0,1308,44,3.36%,
30-01-2024,CMP-META-01,448.26,26587,578,2.17%,0.78
30-01-2024,CMP-META-02,0,36738,992,2.70%,
30-01-2024,CMP-GOOG-01,808.47,54772,1877,3.43%,0.43
30-01-2024,CMP-GOOG-02,468.41,31997,683,2.13%,0.69
30-01-2024,CMP-EML-01,78.97,4153,137,3.30%,0.58
30-01-2024,CMP-AFF-01,81.45,3873,61,1.58%,1.34
30-01-2024,CMP-ORG-00,0,799,16,2.00%,
31-01-2024,CMP-META-01,277.91,16649,320,1.92%,0.87
31-01-2024,CMP-META-02,699.38,51480,1838,3.57%,0.38
31-01-2024,CMP-GOOG-01,564.92,42977,897,2.09%,0.63
31-01-2024,CMP-GOOG-02,463.56,24733,912,3.69%,0.51
31-01-2024,CMP-EML-01,43.29,2553,74,2.90%,0.59
31-01-2024,CMP-AFF-01,145.37,9944,242,2.43%,0.6
31-01-2024,CMP-ORG-00,0,1119,37,3.31%,
01-02-2024,CMP-META-01,708.63,35636,625,1.75%,1.13
01-02-2024,CMP-META-02,748.93,44825,1767,3.94%,0.42
01-02-2024,CMP-GOOG-01,817.34,46606,1150,2.47%,0.71
01-02-2024,CMP-GOOG-02,544.06,32251,989,3.07%,0.55
01-02-2024,CMP-EML-01,43.15,3427,54,1.58%,0.8
01-02-2024,CMP-AFF-01,97.85,6351,233,3.67%,0.42
01-02-2024,CMP-ORG-00,0,1492,40,2.68%,
02-02-2024,CMP-META-02,700.32,47628,949,1.99%,0.74
02-02-2024,CMP-GOOG-01,808.68,35280,899,2.55%,0.9
02-02-2024,CMP-GOOG-02,739.38,49017,1834,3.74%,0.4
02-02-2024,CMP-EML-01,39.16,2477,59,2.38%,0.66
02-02-2024,CMP-AFF-01,125.35,6998,275,3.93%,0.46
02-02-2024,CMP-ORG-00,0,1322,34,2.57%,
03-02-2024,CMP-META-01,456.14,28666,765,2.67%,0.6
03-02-2024,CMP-META-02,427.15,31590,1077,3.41%,0.4
03-02-2024,CMP-GOOG-01,0,28977,751,2.59%,
03-02-2024,CMP-GOOG-02,668.34,40854,1617,3.96%,0.41
03-02-2024,CMP-EML-01,72.04,4031,95,2.36%,0.76
03-02-2024,CMP-AFF-01,169.81,10046,255,2.54%,0.67
03-02-2024,CMP-ORG-00,0,1299,47,3.62%,
04-02-2024,CMP-META-01,667.32,42864,1023,2.39%,0.65
04-02-2024,CMP-META-02,668.05,36656,794,2.17%,0.84
04-02-2024,CMP-GOOG-01,488.05,34441,1353,3.93%,0.36
04-02-2024,CMP-GOOG-02,352.29,23451,806,3.44%,0.44
04-02-2024,CMP-EML-01,54.96,3634,102,2.81%,0.54
04-02-2024,CMP-AFF-01,145.13,5917,181,3.06%,0.8
04-02-2024,CMP-ORG-00,0,931,32,3.44%,
05-02-2024,CMP-META-01,443.18,20470,436,2.13%,1.02
05-02-2024,CMP-META-02,683.08,38781,1213,3.13%,0.56
05-02-2024,CMP-GOOG-01,447.77,24518,712,2.90%,0.63
05-02-2024,CMP-GOOG-02,613.15,27312,466,1.71%,1.32
05-02-2024,CMP-EML-01,36.03,1975,58,2.94%,0.62
05-02-2024,CMP-AFF-01,135.66,9727,336,3.45%,0.4
05-02-2024,CMP-ORG-00,0,1318,32,2.43%,
06-02-2024,CMP-META-01,325.94,19649,594,3.02%,0.55
06-02-2024,CMP-META-02,308.68,19796,410,2.07%,0.75
06-02-2024,CMP-GOOG-01,482.06,22474,484,2.15%,1
06-02-2024,CMP-GOOG-02,363.65,17781,536,3.01%,0.68
06-02-2024,CMP-EML-01,42.77,2363,46,1.95%,0.93
06-02-2024,CMP-AFF-01,126.95,9926,306,3.08%,0.41
06-02-2024,CMP-ORG-00,0,954,30,3.14%,
07-02-2024,CMP-META-01,442.88,31398,1074,3.42%,0.41
07-02-2024,CMP-META-02,350.46,23972,776,3.24%,0.45
07-02-2024,CMP-GOOG-01,644.74,50246,1309,2.61%,0.49
07-02-2024,CMP-GOOG-02,688.9,35175,704,2.00%,0.98
07-02-2024,CMP-EML-01,48.26,2401,60,2.50%,0.8
07-02-2024,CMP-AFF-01,163.24,9248,275,2.97%,0.59
07-02-2024,CMP-ORG-00,0,947,26,2.75%,
08-02-2024,CMP-META-01,461.65,31226,698,2.24%,0.66
08-02-2024,CMP-META-02,725.07,51039,1328,2.60%,0.55
08-02-2024,CMP-GOOG-01,563.29,42233,1518,3.59%,0.37
08-02-2024,CMP-GOOG-02,667.24,29608,1181,3.99%,0.56
08-02-2024,CMP-EML-01,74.11,4043,94,2.33%,0.79
08-02-2024,CMP-AFF-01,192,8125,320,3.94%,0.6
08-02-2024,CMP-ORG-00,0,1224,19,1.55%,
09-02-2024,CMP-META-01,548.64,25612,999,3.90%,0.55
09-02-2024,CMP-META-02,687.79,45931,859,1.87%,0.8
09-02-2024,CMP-GOOG-01,428.22,17846,653,3.66%,0.66
09-02-2024,CMP-GOOG-02,519.46,33683,970,2.88%,0.54
09-02-2024,CMP-EML-01,36.81,0,47,0.00%,0.78
09-02-2024,CMP-AFF-01,190.22,9123,209,2.29%,0.91
09-02-2024,CMP-ORG-00,0,1277,38,2.98%,
10-02-2024,CMP-META-02,470.76,35836,1251,3.49%,0.38
10-02-2024,CMP-GOOG-02,497,25472,720,2.83%,0.69
10-02-2024,CMP-EML-01,51.75,3198,60,1.88%,0.86
10-02-2024,CMP-AFF-01,86.25,6516,253,3.88%,0.34
10-02-2024,CMP-ORG-00,0,809,14,1.73%,
11-02-2024,CMP-META-01,359.47,26122,879,3.36%,0.41
11-02-2024,CMP-META-02,278.21,16473,270,1.64%,1.03
11-02-2024,CMP-GOOG-01,318.77,23279,413,1.77%,0.77
11-02-2024,CMP-GOOG-02,324.59,18214,653,3.59%,0.5
11-02-2024,CMP-EML-01,73.55,3423,95,2.78%,0.77
11-02-2024,CMP-AFF-01,172.13,8314,157,1.89%,1.1
11-02-2024,CMP-ORG-00,0,1283,26,2.03%,
12-02-2024,CMP-META-01,380.8,16389,526,3.21%,0.72
12-02-2024,CMP-META-02,0,27424,622,2.27%,
12-02-2024,CMP-GOOG-01,777.17,34935,1221,3.50%,0.64
12-02-2024,CMP-GOOG-02,773.94,59817,1680,2.81%,0.46
12-02-2024,CMP-EML-01,39.94,3007,91,3.03%,0.44
12-02-2024,CMP-AFF-01,100.65,5569,144,2.59%,0.7
12-02-2024,CMP-ORG-00,0,897,33,3.68%,
13-02-2024,CMP-META-01,412.97,17630,691,3.92%,0.6
13-02-2024,CMP-META-02,261.15,11018,250,2.27%,1.04
13-02-2024,CMP-GOOG-01,636.9,50950,1895,3.72%,0.34
13-02-2024,CMP-GOOG-02,412.12,32148,794,2.47%,0.52
13-02-2024,CMP-EML-01,56.51,3561,107,3.00%,0.53
13-02-2024,CMP-AFF-01,214.13,16007,510,3.19%,0.42
13-02-2024,CMP-ORG-00,0,1309,39,2.98%,
14-02-2024,CMP-META-01,408.25,16469,427,2.59%,0.96
14-02-2024,CMP-META-02,680.65,29593,521,1.76%,1.31
14-02-2024,CMP-GOOG-01,754.77,36188,543,1.50%,1.39
14-02-2024,CMP-GOOG-02,489.11,27417,860,3.14%,0.57
14-02-2024,CMP-EML-01,52.51,4140,71,1.71%,0.74
14-02-2024,CMP-AFF-01,111.84,7220,228,3.16%,0.49
14-02-2024,CMP-ORG-00,0,556,17,3.06%,
15-02-2024,CMP-META-01,570.85,42522,1390,3.27%,0.41
15-02-2024,CMP-META-02,729.18,34509,662,1.92%,1.1
15-02-2024,CMP-GOOG-01,440.67,27142,453,1.67%,0.97
15-02-2024,CMP-GOOG-02,450.37,32765,692,2.11%,0.65
15-02-2024,CMP-EML-01,61.44,2685,51,1.90%,1.2
15-02-2024,CMP-AFF-01,104.38,7944,122,1.54%,0.86
15-02-2024,CMP-ORG-00,0,1059,28,2.64%,
16-02-2024,CMP-META-01,291.79,18109,330,1.82%,0.88
16-02-2024,CMP-META-02,258.2,14431,356,2.47%,0.73
16-02-2024,CMP-GOOG-01,0,22692,733,3.23%,
16-02-2024,CMP-GOOG-02,829.11,61970,1595,2.57%,0.52
16-02-2024,CMP-EML-01,69.04,3152,122,3.87%,0.57
16-02-2024,CMP-AFF-01,146.8,8976,351,3.91%,0.42
16-02-2024,CMP-ORG-00,0,1189,32,2.69%,
17-02-2024,CMP-META-01,321.08,19699,320,1.62%,1
17-02-2024,CMP-META-02,696.36,48686,760,1.56%,0.92
17-02-2024,CMP-GOOG-02,456.67,26032,1025,3.94%,0.45
17-02-2024,CMP-EML-01,31.12,1568,38,2.42%,0.82
17-02-2024,CMP-AFF-01,194.76,15510,465,3.00%,0.42
17-02-2024,CMP-ORG-00,0,1045,18,1.72%,
18-02-2024,CMP-META-01,572.1,28620,683,2.39%,0.84
18-02-2024,CMP-META-02,473.05,22751,548,2.41%,0.86
18-02-2024,CMP-GOOG-01,764.71,33875,1297,3.83%,0.59
18-02-2024,CMP-GOOG-02,372.13,29031,839,2.89%,0.44
18-02-2024,CMP-EML-01,52.62,2118,46,2.17%,1.14
18-02-2024,CMP-AFF-01,0,8363,245,2.93%,
18-02-2024,CMP-ORG-00,0,1117,26,2.33%,
19-02-2024,CMP-META-01,529.88,26606,918,3.45%,0.58
19-02-2024,CMP-META-02,352,21062,492,2.34%,0.72
19-02-2024,CMP-GOOG-01,463.62,26531,826,3.11%,0.56
19-02-2024,CMP-GOOG-02,540.46,31648,923,2.92%,0.59
19-02-2024,CMP-EML-01,64.12,3587,96,2.68%,0.67
19-02-2024,CMP-AFF-01,123.54,6141,213,3.47%,0.58
19-02-2024,CMP-ORG-00,0,1456,37,2.54%,
20-02-2024,CMP-META-01,566.06,29455,866,2.94%,0.65
20-02-2024,CMP-META-02,251.65,15782,614,3.89%,0.41
20-02-2024,CMP-GOOG-01,375.95,27854,680,2.44%,0.55
20-02-2024,CMP-GOOG-02,437.54,24338,387,1.59%,1.13
20-02-2024,CMP-EML-01,40.37,2816,99,3.52%,0.41
20-02-2024,CMP-AFF-01,198.14,12612,436,3.46%,0.45
20-02-2024,CMP-ORG-00,0,644,16,2.48%,
21-02-2024,CMP-META-01,325.71,17550,484,2.76%,0.67
21-02-2024,CMP-META-02,653.29,32361,1106,3.42%,0.59
21-02-2024,CMP-GOOG-01,815.53,0,1017,0.00%,0.8
21-02-2024,CMP-GOOG-02,841.13,34497,991,2.87%,0.85
21-02-2024,CMP-EML-01,55.09,2914,103,3.53%,0.53
21-02-2024,CMP-AFF-01,141.84,7067,259,3.66%,0.55
21-02-2024,CMP-ORG-00,0,1010,36,3.56%,
22-02-2024,CMP-META-01,395.78,22537,819,3.63%,0.48
22-02-2024,CMP-META-02,411.89,30899,633,2.05%,0.65
22-02-2024,CMP-GOOG-01,577.81,44253,1241,2.80%,0.47
22-02-2024,CMP-GOOG-02,479.54,36791,1376,3.74%,0.35
22-02-2024,CMP-EML-01,35.21,1860,65,3.49%,0.54
22-02-2024,CMP-AFF-01,107.27,6214,135,2.17%,0.79
23-02-2024,CMP-META-01,679.52,49218,1817,3.69%,0.37
23-02-2024,CMP-META-02,391.7,31276,1241,3.97%,0.32
23-02-2024,CMP-GOOG-01,570.94,33114,1267,3.83%,0.45
23-02-2024,CMP-GOOG-02,788.67,62966,2428,3.86%,0.32
23-02-2024,CMP-EML-01,41.8,3124,51,1.63%,0.82
23-02-2024,CMP-AFF-01,169.29,13125,504,3.84%,0.34
23-02-2024,CMP-ORG-00,0,1388,32,2.31%,
24-02-2024,CMP-META-01,708.64,47582,1660,3.49%,0.43
24-02-2024,CMP-META-02,460.69,20118,462,2.30%,1
24-02-2024,CMP-GOOG-01,533.66,38716,1016,2.62%,0.53
24-02-2024,CMP-GOOG-02,571.78,44481,1622,3.65%,0.35
24-02-2024,CMP-AFF-01,182.6,12148,406,3.34%,0.45
24-02-2024,CMP-ORG-00,0,1054,31,2.94%,
25-02-2024,CMP-META-01,508.98,25794,437,1.69%,1.16
25-02-2024,CMP-META-02,732.99,41884,1540,3.68%,0.48
25-02-2024,CMP-GOOG-01,579.82,28486,956,3.36%,0.61
25-02-2024,CMP-GOOG-02,841.97,64402,2337,3.63%,0.36
25-02-2024,CMP-EML-01,78.51,0,81,0.00%,0.97
25-02-2024,CMP-AFF-01,145.15,10851,286,2.64%,0.51
25-02-2024,CMP-ORG-00,0,1272,43,3.38%,
26-02-2024,CMP-META-01,315.27,19672,511,2.60%,0.62
26-02-2024,CMP-META-02,665.81,43493,725,1.67%,0.92
26-02-2024,CMP-GOOG-01,609.26,41697,764,1.83%,0.8
26-02-2024,CMP-GOOG-02,654.53,40985,1271,3.10%,0.51
26-02-2024,CMP-EML-01,59.03,3710,118,3.18%,0.5
26-02-2024,CMP-AFF-01,117.9,6262,184,2.94%,0.64
26-02-2024,CMP-ORG-00,0,642,22,3.43%,
27-02-2024,CMP-META-01,529.51,28659,688,2.40%,0.77
27-02-2024,CMP-META-02,262.59,16244,621,3.82%,0.42
27-02-2024,CMP-GOOG-01,408.64,26306,610,2.32%,0.67
27-02-2024,CMP-GOOG-02,782.06,43046,806,1.87%,0.97
27-02-2024,CMP-EML-01,0,2826,62,2.19%,
27-02-2024,CMP-AFF-01,202.47,15160,270,1.78%,0.75
27-02-2024,CMP-ORG-00,0,1065,33,3.10%,
28-02-2024,CMP-META-01,0,13375,495,3.70%,
28-02-2024,CMP-META-02,576.56,41472,803,1.94%,0.72
28-02-2024,CMP-GOOG-01,336.83,18174,403,2.22%,0.84
28-02-2024,CMP-GOOG-02,817.8,51349,1797,3.50%,0.46
28-02-2024,CMP-EML-01,51.01,2049,31,1.51%,1.65
28-02-2024,CMP-AFF-01,101.72,7691,134,1.74%,0.76
28-02-2024,CMP-ORG-00,0,788,30,3.81%,
29-02-2024,CMP-META-02,443.39,27993,713,2.55%,0.62
29-02-2024,CMP-GOOG-01,506.1,37900,1426,3.76%,0.35
29-02-2024,CMP-GOOG-02,472.32,28373,1108,3.91%,0.43
29-02-2024,CMP-AFF-01,187.65,12622,258,2.04%,0.73
29-02-2024,CMP-ORG-00,0,745,22,2.95%,
01-03-2024,CMP-META-01,610.42,39066,1086,2.78%,0.56
01-03-2024,CMP-META-02,577.34,31034,1212,3.91%,0.48
01-03-2024,CMP-GOOG-01,611.87,41985,1389,3.31%,0.44
01-03-2024,CMP-GOOG-02,438.11,31374,628,2.00%,0.7
01-03-2024,CMP-EML-01,53.53,2504,66,2.64%,0.81
01-03-2024,CMP-AFF-01,159.84,11783,344,2.92%,0.46
01-03-2024,CMP-ORG-00,0,1359,34,2.50%,
02-03-2024,CMP-META-01,329.96,23275,701,3.01%,0.47
02-03-2024,CMP-META-02,295.05,16683,408,2.45%,0.72
02-03-2024,CMP-GOOG-01,0,24241,465,1.92%,
02-03-2024,CMP-GOOG-02,537.24,35694,1181,3.31%,0.45
02-03-2024,CMP-EML-01,64.15,4961,98,1.98%,0.65
02-03-2024,CMP-AFF-01,130.52,6039,235,3.89%,0.56
02-03-2024,CMP-ORG-00,0,1040,32,3.08%,
03-03-2024,CMP-META-01,430.3,17353,283,1.63%,1.52
03-03-2024,CMP-META-02,721.64,56118,1316,2.35%,0.55
03-03-2024,CMP-GOOG-01,689.4,45559,1350,2.96%,0.51
03-03-2024,CMP-GOOG-02,682.27,42072,716,1.70%,0.95
03-03-2024,CMP-EML-01,51.33,4028,69,1.71%,0.74
03-03-2024,CMP-AFF-01,80.64,4692,129,2.75%,0.63
03-03-2024,CMP-ORG-00,0,976,32,3.28%,
04-03-2024,CMP-META-01,545.58,36350,1149,3.16%,0.47
04-03-2024,CMP-META-02,516.62,32288,875,2.71%,0.59
04-03-2024,CMP-GOOG-01,0,27797,816,2.94%,
04-03-2024,CMP-GOOG-02,336.98,19998,442,2.21%,0.76
04-03-2024,CMP-EML-01,69.81,5430,200,3.68%,0.35
04-03-2024,CMP-AFF-01,218.21,10040,219,2.18%,1
04-03-2024,CMP-ORG-00,0,677,14,2.07%,
05-03-2024,CMP-META-01,697.38,49707,978,1.97%,0.71
05-03-2024,CMP-META-02,745.35,51062,830,1.63%,0.9
05-03-2024,CMP-GOOG-01,792.63,54361,1771,3.26%,0.45
05-03-2024,CMP-GOOG-02,0,33095,1038,3.14%,
05-03-2024,CMP-EML-01,44.96,2326,49,2.11%,0.92
05-03-2024,CMP-AFF-01,193.52,10264,339,3.30%,0.57
05-03-2024,CMP-ORG-00,0,892,22,2.47%,
06-03-2024,CMP-META-01,471.03,23903,687,2.87%,0.69
06-03-2024,CMP-META-02,571.87,25142,416,1.65%,1.37
06-03-2024,CMP-GOOG-01,796.38,35814,598,1.67%,1.33
06-03-2024,CMP-GOOG-02,617.32,48637,1043,2.14%,0.59
06-03-2024,CMP-EML-01,35.87,1916,62,3.24%,0.58
06-03-2024,CMP-AFF-01,90.28,4648,172,3.70%,0.52
06-03-2024,CMP-ORG-00,0,948,36,3.80%,
07-03-2024,CMP-META-01,672.51,32193,946,2.94%,0.71
07-03-2024,CMP-META-02,269.17,20237,552,2.73%,0.49
07-03-2024,CMP-GOOG-01,834.58,46549,1184,2.54%,0.7
07-03-2024,CMP-GOOG-02,371.16,24474,760,3.11%,0.49
07-03-2024,CMP-EML-01,42.19,3079,64,2.08%,0.66
07-03-2024,CMP-AFF-01,114.9,8034,146,1.82%,0.79
07-03-2024,CMP-ORG-00,0,723,16,2.21%,
08-03-2024,CMP-META-01,250.6,10117,237,2.34%,1.06
08-03-2024,CMP-META-02,368.62,21284,543,2.55%,0.68
08-03-2024,CMP-GOOG-01,505.66,23049,689,2.99%,0.73
08-03-2024,CMP-GOOG-02,684.9,29820,1072,3.59%,0.64
08-03-2024,CMP-EML-01,34.57,1610,25,1.55%,1.38
08-03-2024,CMP-AFF-01,115.16,5717,162,2.83%,0.71
08-03-2024,CMP-ORG-00,0,1327,27,2.03%,
09-03-2024,CMP-META-01,462.62,28514,755,2.65%,0.61
09-03-2024,CMP-META-02,654.31,26216,545,2.08%,1.2
09-03-2024,CMP-GOOG-01,466.09,33866,638,1.88%,0.73
09-03-2024,CMP-GOOG-02,565.71,40132,1119,2.79%,0.51
09-03-2024,CMP-EML-01,62.29,4312,105,2.44%,0.59
09-03-2024,CMP-AFF-01,93.9,6478,115,1.78%,0.82
09-03-2024,CMP-ORG-00,0,787,25,3.18%,
10-03-2024,CMP-META-01,662.24,34775,1232,3.54%,0.54
10-03-2024,CMP-META-02,284.88,14943,475,3.18%,0.6
10-03-2024,CMP-GOOG-01,761.59,45036,1132,2.51%,0.67
10-03-2024,CMP-GOOG-02,749.23,32359,1172,3.62%,0.64
10-03-2024,CMP-EML-01,60.85,4481,145,3.24%,0.42
10-03-2024,CMP-AFF-01,84.99,5673,142,2.50%,0.6
10-03-2024,CMP-ORG-00,0,867,13,1.50%,
11-03-2024,CMP-META-01,0,23308,409,1.75%,
11-03-2024,CMP-META-02,698.02,36723,941,2.56%,0.74
11-03-2024,CMP-GOOG-01,377.8,25960,635,2.45%,0.59
11-03-2024,CMP-GOOG-02,781.41,47433,1734,3.66%,0.45
11-03-2024,CMP-EML-01,37.15,1728,38,2.20%,0.98
11-03-2024,CMP-AFF-01,102.59,7186,243,3.38%,0.42
11-03-2024,CMP-ORG-00,0,722,12,1.66%,
12-03-2024,CMP-META-01,449.8,22013,452,2.05%,1
12-03-2024,CMP-META-02,444.1,25613,923,3.60%,0.48
12-03-2024,CMP-GOOG-01,807.59,46272,1520,3.28%,0.53
12-03-2024,CMP-GOOG-02,415.9,24430,596,2.44%,0.7
12-03-2024,CMP-EML-01,58.25,3248,68,2.09%,0.86
12-03-2024,CMP-AFF-01,0,8301,228,2.75%,
12-03-2024,CMP-ORG-00,0,1422,27,1.90%,
13-03-2024,CMP-META-01,682.07,46221,1541,3.33%,0.44
13-03-2024,CMP-META-02,314.49,13417,284,2.12%,1.11
13-03-2024,CMP-GOOG-01,495.1,22211,838,3.77%,0.59
13-03-2024,CMP-GOOG-02,0,51140,1938,3.79%,
13-03-2024,CMP-EML-01,51.39,2176,79,3.63%,0.65
13-03-2024,CMP-AFF-01,178.99,10487,367,3.50%,0.49
13-03-2024,CMP-ORG-00,0,829,32,3.86%,
14-03-2024,CMP-META-01,468.07,30994,1001,3.23%,0.47
14-03-2024,CMP-META-02,551.06,32811,1073,3.27%,0.51
14-03-2024,CMP-GOOG-01,0,26374,592,2.24%,
14-03-2024,CMP-GOOG-02,549.41,29155,747,2.56%,0.74
14-03-2024,CMP-EML-01,72,4618,178,3.85%,0.4
14-03-2024,CMP-AFF-01,95.68,6847,183,2.67%,0.52
14-03-2024,CMP-ORG-00,0,1388,31,2.23%,
15-03-2024,CMP-META-01,548.17,24526,775,3.16%,0.71
15-03-2024,CMP-META-02,0,42889,1576,3.67%,
15-03-2024,CMP-GOOG-01,813,56552,1701,3.01%,0.48
15-03-2024,CMP-GOOG-02,746.62,50616,1927,3.81%,0.39
15-03-2024,CMP-EML-01,71.14,3082,78,2.53%,0.91
15-03-2024,CMP-AFF-01,155.67,11539,173,1.50%,0.9
15-03-2024,CMP-ORG-00,0,1046,16,1.53%,
16-03-2024,CMP-META-01,356.45,21798,617,2.83%,0.58
16-03-2024,CMP-META-02,632.55,44619,1116,2.50%,0.57
16-03-2024,CMP-GOOG-01,469.44,30531,804,2.63%,0.58
16-03-2024,CMP-GOOG-02,511.23,35562,1199,3.37%,0.43
16-03-2024,CMP-EML-01,73.73,4886,100,2.05%,0.74
16-03-2024,CMP-AFF-01,84.27,3695,70,1.89%,1.2
16-03-2024,CMP-ORG-00,0,1471,53,3.60%,
17-03-2024,CMP-META-01,669.51,38767,830,2.14%,0.81
17-03-2024,CMP-META-02,616.52,47516,1000,2.10%,0.62
17-03-2024,CMP-GOOG-01,759.31,58521,1252,2.14%,0.61
17-03-2024,CMP-GOOG-02,698.16,54619,1432,2.62%,0.49
17-03-2024,CMP-EML-01,71.79,3811,82,2.15%,0.88
17-03-2024,CMP-AFF-01,194.9,15533,410,2.64%,0.48
17-03-2024,CMP-ORG-00,0,624,17,2.72%,
18-03-2024,CMP-META-01,589.5,33551,1214,3.62%,0.49
18-03-2024,CMP-META-02,362.8,19241,507,2.63%,0.72
18-03-2024,CMP-GOOG-01,545.44,35617,613,1.72%,0.89
18-03-2024,CMP-GOOG-02,598.77,41144,1621,3.94%,0.37
18-03-2024,CMP-EML-01,31.95,2379,38,1.60%,0.84
18-03-2024,CMP-AFF-01,95.36,5272,84,1.59%,1.14
18-03-2024,CMP-ORG-00,0,1313,25,1.90%,
19-03-2024,CMP-META-02,476.64,32960,684,2.08%,0.7
19-03-2024,CMP-GOOG-01,317.15,17226,591,3.43%,0.54
19-03-2024,CMP-GOOG-02,376.6,26338,454,1.72%,0.83
19-03-2024,CMP-EML-01,40.71,2667,90,3.37%,0.45
19-03-2024,CMP-AFF-01,116.75,8855,296,3.34%,0.39
19-03-2024,CMP-ORG-00,0,1232,42,3.41%,
20-03-2024,CMP-META-01,730.59,31209,980,3.14%,0.75
20-03-2024,CMP-META-02,745.36,40811,817,2.00%,0.91
20-03-2024,CMP-GOOG-01,605.23,42283,689,1.63%,0.88
20-03-2024,CMP-GOOG-02,505.69,31735,736,2.32%,0.69
20-03-2024,CMP-EML-01,66.44,2911,108,3.71%,0.62
20-03-2024,CMP-AFF-01,116.13,5327,195,3.66%,0.6
20-03-2024,CMP-ORG-00,0,656,25,3.81%,
21-03-2024,CMP-META-01,667.41,33508,1204,3.59%,0.55
21-03-2024,CMP-META-02,617.74,41717,1452,3.48%,0.43
21-03-2024,CMP-GOOG-01,813.05,34944,546,1.56%,1.49
21-03-2024,CMP-GOOG-02,455.29,31289,767,2.45%,0.59
21-03-2024,CMP-EML-01,68.86,4052,126,3.11%,0.55
21-03-2024,CMP-AFF-01,156.48,8766,162,1.85%,0.97
21-03-2024,CMP-ORG-00,0,927,29,3.13%,
22-03-2024,CMP-META-01,450.88,19381,425,2.19%,1.06
22-03-2024,CMP-META-02,717.79,47944,1405,2.93%,0.51
22-03-2024,CMP-GOOG-01,388.64,23135,385,1.66%,1.01
22-03-2024,CMP-GOOG-02,321.98,13579,385,2.84%,0.84
22-03-2024,CMP-EML-01,55.05,3383,94,2.78%,0.59
22-03-2024,CMP-AFF-01,201.48,11263,385,3.42%,0.52
22-03-2024,CMP-ORG-00,0,1043,27,2.59%,
23-03-2024,CMP-META-01,0,28860,667,2.31%,
23-03-2024,CMP-META-02,575.67,25798,518,2.01%,1.11
23-03-2024,CMP-GOOG-01,780.8,44116,1640,3.72%,0.48
23-03-2024,CMP-GOOG-02,472.2,33849,1344,3.97%,0.35
23-03-2024,CMP-EML-01,77.16,5689,191,3.36%,0.4
23-03-2024,CMP-AFF-01,153.65,7567,134,1.77%,1.15
23-03-2024,CMP-ORG-00,0,840,23,2.74%,
24-03-2024,CMP-META-01,541.72,35329,1040,2.94%,0.52
24-03-2024,CMP-META-02,374.35,27298,664,2.43%,0.56
24-03-2024,CMP-GOOG-01,680.26,43402,845,1.95%,0.81
24-03-2024,CMP-GOOG-02,0,30084,557,1.85%,
24-03-2024,CMP-EML-01,0,1785,37,2.07%,
24-03-2024,CMP-AFF-01,147.32,11625,451,3.88%,0.33
24-03-2024,CMP-ORG-00,0,582,14,2.41%,
25-03-2024,CMP-META-01,266.92,15665,576,3.68%,0.46
25-03-2024,CMP-META-02,277.41,14542,430,2.96%,0.65
25-03-2024,CMP-GOOG-01,706.51,44826,1598,3.56%,0.44
25-03-2024,CMP-GOOG-02,538.55,26837,920,3.43%,0.59
25-03-2024,CMP-AFF-01,208.84,15334,439,2.86%,0.48
25-03-2024,CMP-ORG-00,0,1029,25,2.43%,
26-03-2024,CMP-META-01,408.7,27927,783,2.80%,0.52
26-03-2024,CMP-META-02,494.72,20965,568,2.71%,0.87
26-03-2024,CMP-GOOG-01,787.06,48874,1637,3.35%,0.48
26-03-2024,CMP-GOOG-02,504.37,29895,634,2.12%,0.8
26-03-2024,CMP-EML-01,69.45,4186,63,1.51%,1.1
26-03-2024,CMP-AFF-01,172.83,13776,432,3.14%,0.4
26-03-2024,CMP-ORG-00,0,681,12,1.76%,
27-03-2024,CMP-META-02,731.2,50991,1261,2.47%,0.58
27-03-2024,CMP-GOOG-01,566.84,36943,988,2.67%,0.57
27-03-2024,CMP-GOOG-02,806.1,45588,727,1.59%,1.11
27-03-2024,CMP-EML-01,66.09,4736,85,1.79%,0.78
27-03-2024,CMP-AFF-01,0,5198,96,1.85%,
27-03-2024,CMP-ORG-00,0,1199,38,3.17%,
28-03-2024,CMP-META-01,643.37,31992,665,2.08%,0.97
28-03-2024,CMP-META-02,584.29,39544,885,2.24%,0.66
28-03-2024,CMP-GOOG-01,336.74,25343,473,1.87%,0.71
28-03-2024,CMP-GOOG-02,737.97,42340,1380,3.26%,0.53
28-03-2024,CMP-EML-01,72.14,3655,82,2.24%,0.88
28-03-2024,CMP-AFF-01,174.38,11146,300,2.69%,0.58
28-03-2024,CMP-ORG-00,0,964,22,2.28%,
29-03-2024,CMP-META-01,707.94,48359,979,2.02%,0.72
29-03-2024,CMP-META-02,573.67,29447,980,3.33%,0.59
29-03-2024,CMP-GOOG-01,541.23,40745,1038,2.55%,0.52
29-03-2024,CMP-GOOG-02,309.01,14892,283,1.90%,1.09
29-03-2024,CMP-EML-01,47.13,2914,47,1.61%,1
29-03-2024,CMP-AFF-01,0,8898,154,1.73%,
29-03-2024,CMP-ORG-00,0,708,17,2.40%,
30-03-2024,CMP-META-01,499.2,27425,641,2.34%,0.78
30-03-2024,CMP-META-02,268.57,19500,565,2.90%,0.48
30-03-2024,CMP-GOOG-01,0,29132,645,2.21%,
30-03-2024,CMP-GOOG-02,728.39,37631,767,2.04%,0.95
30-03-2024,CMP-EML-01,42.83,1998,62,3.10%,0.69
30-03-2024,CMP-AFF-01,0,15940,516,3.24%,
30-03-2024,CMP-ORG-00,0,1118,24,2.15%,
31-03-2024,CMP-META-01,623.96,45465,926,2.04%,0.67
31-03-2024,CMP-META-02,652.2,37958,1176,3.10%,0.55
31-03-2024,CMP-GOOG-01,670.16,51074,771,1.51%,0.87
31-03-2024,CMP-GOOG-02,519.8,35237,1220,3.46%,0.43
31-03-2024,CMP-EML-01,39.76,3111,116,3.73%,0.34
31-03-2024,CMP-AFF-01,138.7,0,350,0.00%,0.4
31-03-2024,CMP-ORG-00,0,809,19,2.35%,
01-04-2024,CMP-META-01,0,24263,460,1.90%,
01-04-2024,CMP-META-02,324.12,17757,419,2.36%,0.77
01-04-2024,CMP-GOOG-01,565.08,29520,575,1.95%,0.98
01-04-2024,CMP-GOOG-02,811.58,47572,1634,3.43%,0.5
01-04-2024,CMP-EML-01,38.59,1853,47,2.54%,0.82
01-04-2024,CMP-AFF-01,212.89,14086,381,2.70%,0.56
01-04-2024,CMP-ORG-00,0,1296,46,3.55%,
02-04-2024,CMP-META-01,547.05,26985,762,2.82%,0.72
02-04-2024,CMP-META-02,645.89,31925,1248,3.91%,0.52
02-04-2024,CMP-GOOG-01,529.87,28120,1116,3.97%,0.47
02-04-2024,CMP-GOOG-02,620.09,45827,726,1.58%,0.85
02-04-2024,CMP-EML-01,40.48,1976,74,3.74%,0.55
02-04-2024,CMP-AFF-01,83.9,6578,152,2.31%,0.55
02-04-2024,CMP-ORG-00,0,1457,26,1.78%,
03-04-2024,CMP-META-01,270.79,14519,555,3.82%,0.49
03-04-2024,CMP-META-02,410.21,24678,915,3.71%,0.45
03-04-2024,CMP-GOOG-01,372.86,28615,582,2.03%,0.64
03-04-2024,CMP-GOOG-02,764.66,32584,559,1.72%,1.37
03-04-2024,CMP-AFF-01,143.01,7677,131,1.71%,1.09
03-04-2024,CMP-ORG-00,0,1377,34,2.47%,
04-04-2024,CMP-META-01,288.83,12639,290,2.29%,1
04-04-2024,CMP-META-02,721.54,39834,1043,2.62%,0.69
04-04-2024,CMP-GOOG-01,689.91,41474,1313,3.17%,0.53
04-04-2024,CMP-GOOG-02,467.3,21454,471,2.20%,0.99
04-04-2024,CMP-EML-01,0,5823,176,3.02%,
04-04-2024,CMP-AFF-01,180.98,8343,323,3.87%,0.56
04-04-2024,CMP-ORG-00,0,1256,23,1.83%,
05-04-2024,CMP-META-01,618.37,32016,1205,3.76%,0.51
05-04-2024,CMP-META-02,739.89,41348,1353,3.27%,0.55
05-04-2024,CMP-GOOG-02,545.47,38918,1441,3.70%,0.38
05-04-2024,CMP-EML-01,59.52,2400,84,3.50%,0.71
05-04-2024,CMP-AFF-01,109.58,6954,124,1.78%,0.88
05-04-2024,CMP-ORG-00,0,731,27,3.69%,
06-04-2024,CMP-META-01,583.63,36749,1114,3.03%,0.52
06-04-2024,CMP-META-02,697.56,55219,1647,2.98%,0.42
06-04-2024,CMP-GOOG-01,311.82,18012,649,3.60%,0.48
06-04-2024,CMP-GOOG-02,555.15,29550,908,3.07%,0.61
06-04-2024,CMP-EML-01,32.6,1599,35,2.19%,0.93
06-04-2024,CMP-AFF-01,106.76,5812,174,2.99%,0.61
06-04-2024,CMP-ORG-00,0,1224,33,2.70%,
07-04-2024,CMP-META-01,388.67,16358,293,1.79%,1.33
07-04-2024,CMP-META-02,580.43,41295,621,1.50%,0.93
07-04-2024,CMP-GOOG-01,609.65,35116,1396,3.98%,0.44
07-04-2024,CMP-GOOG-02,432.66,23366,916,3.92%,0.47
07-04-2024,CMP-EML-01,62.16,4475,149,3.33%,0.42
07-04-2024,CMP-AFF-01,120.36,7630,235,3.08%,0.51
07-04-2024,CMP-ORG-00,0,799,17,2.13%,
08-04-2024,CMP-META-01,626.37,38973,666,1.71%,0.94
08-04-2024,CMP-META-02,443.78,22537,477,2.12%,0.93
08-04-2024,CMP-GOOG-01,784.55,38300,1170,3.05%,0.67
08-04-2024,CMP-EML-01,62.1,3873,133,3.43%,0.47
08-04-2024,CMP-AFF-01,111.16,5922,130,2.20%,0.86
08-04-2024,CMP-ORG-00,0,972,37,3.81%,
09-04-2024,CMP-META-02,334.38,14304,562,3.93%,0.59
09-04-2024,CMP-GOOG-01,319.5,20512,338,1.65%,0.95
09-04-2024,CMP-GOOG-02,568.66,26941,833,3.09%,0.68
09-04-2024,CMP-EML-01,66.94,2832,44,1.55%,1.52
09-04-2024,CMP-AFF-01,170.24,12833,466,3.63%,0.37
09-04-2024,CMP-ORG-00,0,1427,35,2.45%,
10-04-2024,CMP-META-01,553.01,37987,815,2.15%,0.68
10-04-2024,CMP-META-02,0,35803,568,1.59%,
10-04-2024,CMP-GOOG-01,729.61,41069,684,1.67%,1.07
10-04-2024,CMP-GOOG-02,0,41367,1237,2.99%,
10-04-2024,CMP-EML-01,61.55,2852,49,1.72%,1.26
10-04-2024,CMP-AFF-01,133.02,8407,231,2.75%,0.58
10-04-2024,CMP-ORG-00,0,643,11,1.71%,
11-04-2024,CMP-META-01,333.76,23765,636,2.68%,0.52
11-04-2024,CMP-META-02,580.36,42970,1705,3.97%,0.34
11-04-2024,CMP-GOOG-01,454.2,26683,1041,3.90%,0.44
11-04-2024,CMP-GOOG-02,321.97,18515,581,3.14%,0.55
11-04-2024,CMP-EML-01,31.04,2329,40,1.72%,0.78
11-04-2024,CMP-AFF-01,100.53,6167,156,2.53%,0.64
11-04-2024,CMP-ORG-00,0,1355,22,1.62%,
12-04-2024,CMP-META-01,513.28,29792,580,1.95%,0.88
12-04-2024,CMP-META-02,313.19,22987,350,1.52%,0.89
12-04-2024,CMP-GOOG-01,815.62,0,795,0.00%,1.03
12-04-2024,CMP-GOOG-02,557.95,39571,1364,3.45%,0.41
12-04-2024,CMP-EML-01,41.12,1840,28,1.52%,1.47
12-04-2024,CMP-AFF-01,175.57,10584,175,1.65%,1
12-04-2024,CMP-ORG-00,0,1125,39,3.47%,
13-04-2024,CMP-META-02,652.11,39410,1013,2.57%,0.64
13-04-2024,CMP-GOOG-01,599.98,27814,1030,3.70%,0.58
13-04-2024,CMP-GOOG-02,696.52,46550,1196,2.57%,0.58
13-04-2024,CMP-EML-01,49.53,2880,113,3.92%,0.44
13-04-2024,CMP-AFF-01,113.95,5378,176,3.27%,0.65
13-04-2024,CMP-ORG-00,0,1158,24,2.07%,
14-04-2024,CMP-META-01,575.43,26306,476,1.81%,1.21
14-04-2024,CMP-META-02,457.99,36329,662,1.82%,0.69
14-04-2024,CMP-GOOG-01,545.88,31976,1268,3.97%,0.43
14-04-2024,CMP-GOOG-02,641.07,40910,1283,3.14%,0.5
14-04-2024,CMP-EML-01,72.36,5281,170,3.22%,0.43
14-04-2024,CMP-AFF-01,206.92,12182,446,3.66%,0.46
14-04-2024,CMP-ORG-00,0,812,24,2.96%,
15-04-2024,CMP-META-01,364.87,15474,390,2.52%,0.94
15-04-2024,CMP-META-02,302.57,21110,827,3.92%,0.37
15-04-2024,CMP-GOOG-01,680.81,46880,1057,2.25%,0.64
15-04-2024,CMP-EML-01,37.5,1976,35,1.77%,1.07
15-04-2024,CMP-AFF-01,216.28,9058,348,3.84%,0.62
15-04-2024,CMP-ORG-00,0,1220,40,3.28%,
16-04-2024,CMP-META-01,0,33686,875,2.60%,
16-04-2024,CMP-META-02,396.21,19433,567,2.92%,0.7
16-04-2024,CMP-GOOG-01,577.37,39150,645,1.65%,0.9
16-04-2024,CMP-GOOG-02,576.59,33609,1233,3.67%,0.47
16-04-2024,CMP-EML-01,43.68,3432,115,3.35%,0.38
16-04-2024,CMP-AFF-01,98.9,4412,107,2.43%,0.92
16-04-2024,CMP-ORG-00,0,1246,37,2.97%,
17-04-2024,CMP-META-01,463.7,32210,551,1.71%,0.84
17-04-2024,CMP-META-02,0,13481,328,2.43%,
17-04-2024,CMP-GOOG-01,347.84,15676,619,3.95%,0.56
17-04-2024,CMP-GOOG-02,624.1,27931,1008,3.61%,0.62
17-04-2024,CMP-EML-01,52.72,3333,70,2.10%,0.75
17-04-2024,CMP-AFF-01,123.73,5550,174,3.14%,0.71
17-04-2024,CMP-ORG-00,0,953,32,3.36%,
18-04-2024,CMP-META-01,641.03,36802,1350,3.67%,0.47
18-04-2024,CMP-META-02,263.49,11835,350,2.96%,0.75
18-04-2024,CMP-GOOG-01,301.34,16962,290,1.71%,1.04
18-04-2024,CMP-EML-01,47.79,2104,68,3.23%,0.7
18-04-2024,CMP-AFF-01,158.96,11457,348,3.04%,0.46
18-04-2024,CMP-ORG-00,0,1175,39,3.32%,
19-04-2024,CMP-META-01,410.24,25653,413,1.61%,0.99
19-04-2024,CMP-GOOG-01,547.84,32287,1074,3.33%,0.51
19-04-2024,CMP-GOOG-02,539.86,33674,620,1.84%,0.87
19-04-2024,CMP-EML-01,34.56,1593,24,1.51%,1.44
19-04-2024,CMP-AFF-01,185.91,12961,228,1.76%,0.82
19-04-2024,CMP-ORG-00,0,1290,41,3.18%,
20-04-2024,CMP-META-01,0,27695,465,1.68%,
20-04-2024,CMP-META-02,297.84,20746,668,3.22%,0.45
20-04-2024,CMP-GOOG-01,649.8,43162,1606,3.72%,0.4
20-04-2024,CMP-GOOG-02,472.21,29263,672,2.30%,0.7
20-04-2024,CMP-EML-01,50.24,2650,83,3.13%,0.61
20-04-2024,CMP-AFF-01,183.19,11183,323,2.89%,0.57
20-04-2024,CMP-ORG-00,0,1407,24,1.71%,
21-04-2024,CMP-META-02,716.77,35388,711,2.01%,1.01
21-04-2024,CMP-GOOG-01,797.5,55638,1967,3.54%,0.41
21-04-2024,CMP-GOOG-02,332.91,14938,388,2.60%,0.86
21-04-2024,CMP-EML-01,52.38,2635,89,3.38%,0.59
21-04-2024,CMP-AFF-01,129.48,7324,213,2.91%,0.61
21-04-2024,CMP-ORG-00,0,1094,30,2.74%,
22-04-2024,CMP-META-01,462.5,32842,957,2.91%,0.48
22-04-2024,CMP-META-02,689.75,47436,1341,2.83%,0.51
22-04-2024,CMP-GOOG-01,709.25,37485,1260,3.36%,0.56
22-04-2024,CMP-GOOG-02,392.42,27930,480,1.72%,0.82
22-04-2024,CMP-EML-01,30.03,1221,32,2.62%,0.94
22-04-2024,CMP-AFF-01,161.87,9140,296,3.24%,0.55
22-04-2024,CMP-ORG-00,0,1333,36,2.70%,
23-04-2024,CMP-META-01,737.36,47734,1404,2.94%,0.53
23-04-2024,CMP-META-02,253.11,17461,602,3.45%,0.42
23-04-2024,CMP-GOOG-01,735.61,36725,1452,3.95%,0.51
23-04-2024,CMP-GOOG-02,702.71,52432,1665,3.18%,0.42
23-04-2024,CMP-EML-01,77.58,3214,110,3.42%,0.71
23-04-2024,CMP-AFF-01,191.1,8861,193,2.18%,0.99
23-04-2024,CMP-ORG-00,0,1134,42,3.70%,
24-04-2024,CMP-META-01,583.59,39838,1561,3.92%,0.37
24-04-2024,CMP-META-02,294.23,12270,195,1.59%,1.51
24-04-2024,CMP-GOOG-01,552.27,38729,1255,3.24%,0.44
24-04-2024,CMP-GOOG-02,327.1,22937,477,2.08%,0.69
24-04-2024,CMP-EML-01,70.79,5503,86,1.56%,0.82
24-04-2024,CMP-AFF-01,91.12,5622,170,3.02%,0.54
24-04-2024,CMP-ORG-00,0,892,30,3.36%,
25-04-2024,CMP-META-01,567.01,42271,1141,2.70%,0.5
25-04-2024,CMP-META-02,352.92,24291,605,2.49%,0.58
25-04-2024,CMP-GOOG-01,558.23,30786,540,1.75%,1.03
25-04-2024,CMP-GOOG-02,623.43,41095,1303,3.17%,0.48
25-04-2024,CMP-EML-01,39.31,2858,62,2.17%,0.63
25-04-2024,CMP-AFF-01,217.86,14356,266,1.85%,0.82
25-04-2024,CMP-ORG-00,0,1255,46,3.67%,
26-04-2024,CMP-META-01,731.57,41159,1485,3.61%,0.49
26-04-2024,CMP-META-02,347.13,14433,231,1.60%,1.5
26-04-2024,CMP-GOOG-01,404.33,17077,673,3.94%,0.6
26-04-2024,CMP-GOOG-02,483.39,25662,993,3.87%,0.49
26-04-2024,CMP-EML-01,38.31,1657,37,2.23%,1.04
26-04-2024,CMP-AFF-01,104.94,7668,267,3.48%,0.39
26-04-2024,CMP-ORG-00,0,511,7,1.37%,
27-04-2024,CMP-META-01,719.72,34946,926,2.65%,0.78
27-04-2024,CMP-META-02,696.45,34615,815,2.35%,0.85
27-04-2024,CMP-GOOG-01,642.47,38730,1218,3.14%,0.53
27-04-2024,CMP-GOOG-02,356.59,24968,592,2.37%,0.6
27-04-2024,CMP-EML-01,64.32,3843,77,2.00%,0.84
27-04-2024,CMP-AFF-01,203.5,10670,289,2.71%,0.7
27-04-2024,CMP-ORG-00,0,1414,37,2.62%,
28-04-2024,CMP-META-01,279.57,19544,614,3.14%,0.46
28-04-2024,CMP-META-02,277.04,16282,273,1.68%,1.01
28-04-2024,CMP-GOOG-01,741.49,39176,1014,2.59%,0.73
28-04-2024,CMP-GOOG-02,357.47,21502,610,2.84%,0.59
28-04-2024,CMP-EML-01,79.76,0,63,0.00%,1.27
28-04-2024,CMP-AFF-01,147.51,7369,125,1.70%,1.18
29-04-2024,CMP-META-01,566.82,37280,927,2.49%,0.61
29-04-2024,CMP-META-02,561.23,28310,759,2.68%,0.74
29-04-2024,CMP-GOOG-01,579.38,35942,815,2.27%,0.71
29-04-2024,CMP-GOOG-02,395.35,23603,650,2.75%,0.61
29-04-2024,CMP-EML-01,46.18,2316,67,2.89%,0.69
29-04-2024,CMP-AFF-01,129.41,7039,128,1.82%,1.01
29-04-2024,CMP-ORG-00,0,1115,41,3.68%,
30-04-2024,CMP-META-01,553.82,34536,1054,3.05%,0.53
30-04-2024,CMP-META-02,736.76,42564,1203,2.83%,0.61
30-04-2024,CMP-GOOG-01,616,26238,976,3.72%,0.63
30-04-2024,CMP-GOOG-02,357.45,22211,501,2.26%,0.71
30-04-2024,CMP-EML-01,75.6,5844,143,2.45%,0.53
30-04-2024,CMP-AFF-01,193,13914,234,1.68%,0.82
30-04-2024,CMP-ORG-00,0,950,18,1.89%,
01-05-2024,CMP-META-01,336.58,20004,519,2.59%,0.65
01-05-2024,CMP-META-02,0,26107,625,2.39%,
01-05-2024,CMP-GOOG-01,751.3,49366,1259,2.55%,0.6
01-05-2024,CMP-GOOG-02,690.74,41373,797,1.93%,0.87
01-05-2024,CMP-EML-01,52.79,2929,62,2.12%,0.85
01-05-2024,CMP-AFF-01,168.4,8941,181,2.02%,0.93
01-05-2024,CMP-ORG-00,0,1082,29,2.68%,
02-05-2024,CMP-META-01,572.22,24488,387,1.58%,1.48
02-05-2024,CMP-META-02,558.85,41708,944,2.26%,0.59
02-05-2024,CMP-GOOG-01,467.23,35715,1043,2.92%,0.45
02-05-2024,CMP-GOOG-02,735.78,53998,1148,2.13%,0.64
02-05-2024,CMP-EML-01,42.99,2971,50,1.68%,0.86
02-05-2024,CMP-AFF-01,0,11477,337,2.94%,
02-05-2024,CMP-ORG-00,0,1337,26,1.94%,
03-05-2024,CMP-META-01,258.24,12434,322,2.59%,0.8
03-05-2024,CMP-META-02,552.57,38499,1254,3.26%,0.44
03-05-2024,CMP-GOOG-01,760.71,42147,1546,3.67%,0.49
03-05-2024,CMP-GOOG-02,415.05,22095,811,3.67%,0.51
03-05-2024,CMP-EML-01,75.06,4377,93,2.12%,0.81
03-05-2024,CMP-AFF-01,142.14,9358,228,2.44%,0.62
03-05-2024,CMP-ORG-00,0,1416,40,2.82%,
04-05-2024,CMP-META-01,424.36,25008,510,2.04%,0.83
04-05-2024,CMP-META-02,429.23,32401,901,2.78%,0.48
04-05-2024,CMP-GOOG-01,367.11,28143,581,2.06%,0.63
04-05-2024,CMP-GOOG-02,566.05,38052,634,1.67%,0.89
04-05-2024,CMP-EML-01,31.69,1958,72,3.68%,0.44
04-05-2024,CMP-AFF-01,138.4,6470,192,2.97%,0.72
04-05-2024,CMP-ORG-00,0,1446,22,1.52%,
05-05-2024,CMP-META-01,557.9,27107,904,3.33%,0.62
05-05-2024,CMP-META-02,578.32,43143,1489,3.45%,0.39
05-05-2024,CMP-GOOG-01,733.76,57436,1110,1.93%,0.66
05-05-2024,CMP-AFF-01,198.98,13277,285,2.15%,0.7
05-05-2024,CMP-ORG-00,0,1315,32,2.43%,
06-05-2024,CMP-META-01,325.8,18023,435,2.41%,0.75
06-05-2024,CMP-META-02,729.93,39651,1004,2.53%,0.73
06-05-2024,CMP-GOOG-01,315.29,22483,841,3.74%,0.37
06-05-2024,CMP-GOOG-02,300.69,23911,573,2.40%,0.52
06-05-2024,CMP-EML-01,37.94,2699,47,1.74%,0.81
06-05-2024,CMP-AFF-01,212.08,15174,559,3.68%,0.38
06-05-2024,CMP-ORG-00,0,1446,28,1.94%,
07-05-2024,CMP-META-01,452.17,35130,614,1.75%,0.74
07-05-2024,CMP-META-02,575.81,32768,1124,3.43%,0.51
07-05-2024,CMP-GOOG-01,308.9,24267,700,2.88%,0.44
07-05-2024,CMP-GOOG-02,758.26,51502,1540,2.99%,0.49
07-05-2024,CMP-AFF-01,190.32,9950,355,3.57%,0.54
07-05-2024,CMP-ORG-00,0,687,26,3.78%,
08-05-2024,CMP-META-01,376.82,25007,515,2.06%,0.73
08-05-2024,CMP-META-02,601.01,27747,476,1.72%,1.26
08-05-2024,CMP-GOOG-01,724.69,49604,1560,3.14%,0.46
08-05-2024,CMP-GOOG-02,554.63,33770,977,2.89%,0.57
08-05-2024,CMP-EML-01,71.78,4827,132,2.73%,0.54
08-05-2024,CMP-AFF-01,161.95,10246,371,3.62%,0.44
09-05-2024,CMP-META-02,436.98,24999,588,2.35%,0.74
09-05-2024,CMP-GOOG-01,0,19777,628,3.18%,
09-05-2024,CMP-GOOG-02,0,23388,652,2.79%,
09-05-2024,CMP-EML-01,59.06,2721,103,3.79%,0.57
09-05-2024,CMP-AFF-01,126.25,9315,344,3.69%,0.37
10-05-2024,CMP-META-01,706.73,54567,896,1.64%,0.79
10-05-2024,CMP-META-02,740.03,54582,1162,2.13%,0.64
10-05-2024,CMP-GOOG-01,494.17,34791,1095,3.15%,0.45
10-05-2024,CMP-GOOG-02,780.05,37045,1134,3.06%,0.69
10-05-2024,CMP-EML-01,63.61,4217,127,3.01%,0.5
10-05-2024,CMP-AFF-01,0,7221,199,2.76%,
10-05-2024,CMP-ORG-00,0,1052,37,3.52%,
11-05-2024,CMP-META-01,561.02,30102,534,1.77%,1.05
11-05-2024,CMP-META-02,746.35,43897,1651,3.76%,0.45
11-05-2024,CMP-GOOG-01,458.86,27091,785,2.90%,0.58
11-05-2024,CMP-GOOG-02,600.03,44558,899,2.02%,0.67
11-05-2024,CMP-EML-01,0,2855,56,1.96%,
11-05-2024,CMP-AFF-01,189.59,9071,186,2.05%,1.02
11-05-2024,CMP-ORG-00,0,1153,31,2.69%,
12-05-2024,CMP-META-01,429.45,31629,1022,3.23%,0.42
12-05-2024,CMP-META-02,530.59,24673,464,1.88%,1.14
12-05-2024,CMP-GOOG-01,581.71,44071,1276,2.90%,0.46
12-05-2024,CMP-GOOG-02,0,57797,877,1.52%,
12-05-2024,CMP-EML-01,77.19,5785,166,2.87%,0.47
12-05-2024,CMP-AFF-01,149.62,7384,290,3.93%,0.52
12-05-2024,CMP-ORG-00,0,843,15,1.78%,
13-05-2024,CMP-META-01,651.87,44780,693,1.55%,0.94
13-05-2024,CMP-META-02,451.32,18375,541,2.94%,0.83
13-05-2024,CMP-GOOG-01,0,27222,1012,3.72%,
13-05-2024,CMP-GOOG-02,437.65,25939,1004,3.87%,0.44
13-05-2024,CMP-EML-01,0,3063,51,1.67%,
13-05-2024,CMP-AFF-01,149.02,10558,376,3.56%,0.4
13-05-2024,CMP-ORG-00,0,915,29,3.17%,
14-05-2024,CMP-META-01,542.22,30199,932,3.09%,0.58
14-05-2024,CMP-META-02,255.16,10672,371,3.48%,0.69
14-05-2024,CMP-GOOG-01,310.01,19264,451,2.34%,0.69
14-05-2024,CMP-GOOG-02,0,37719,608,1.61%,
14-05-2024,CMP-EML-01,78.41,4181,81,1.94%,0.97
14-05-2024,CMP-AFF-01,83.26,5120,195,3.81%,0.43
14-05-2024,CMP-ORG-00,0,739,15,2.03%,
15-05-2024,CMP-META-01,644.42,40989,1345,3.28%,0.48
15-05-2024,CMP-META-02,489.6,22964,445,1.94%,1.1
15-05-2024,CMP-GOOG-01,402.1,31499,969,3.08%,0.41
15-05-2024,CMP-GOOG-02,576.03,27607,605,2.19%,0.95
15-05-2024,CMP-EML-01,63.49,4565,143,3.13%,0.44
15-05-2024,CMP-AFF-01,102.98,6262,234,3.74%,0.44
15-05-2024,CMP-ORG-00,0,1186,44,3.71%,
16-05-2024,CMP-META-01,286.8,15801,501,3.17%,0.57
16-05-2024,CMP-META-02,726.17,0,997,0.00%,0.73
16-05-2024,CMP-GOOG-01,698.8,30618,785,2.56%,0.89
16-05-2024,CMP-GOOG-02,654.96,30542,540,1.77%,1.21
16-05-2024,CMP-EML-01,75.47,3757,64,1.70%,1.18
16-05-2024,CMP-AFF-01,93.56,7029,158,2.25%,0.59
16-05-2024,CMP-ORG-00,0,799,20,2.50%,
17-05-2024,CMP-META-01,427.14,20227,604,2.99%,0.71
17-05-2024,CMP-META-02,635.96,28450,454,1.60%,1.4
17-05-2024,CMP-GOOG-01,806.22,0,1461,0.00%,0.55
17-05-2024,CMP-GOOG-02,501.92,38457,1098,2.86%,0.46
17-05-2024,CMP-EML-01,79.99,3951,121,3.06%,0.66
17-05-2024,CMP-AFF-01,99.33,6011,96,1.60%,1.03
17-05-2024,CMP-ORG-00,0,1250,33,2.64%,
18-05-2024,CMP-META-01,386.55,17854,659,3.69%,0.59
18-05-2024,CMP-META-02,665.02,37841,1335,3.53%,0.5
18-05-2024,CMP-GOOG-01,777.62,34540,1348,3.90%,0.58
18-05-2024,CMP-GOOG-02,396.05,17124,650,3.80%,0.61
18-05-2024,CMP-EML-01,43.42,2914,89,3.05%,0.49
18-05-2024,CMP-AFF-01,103.44,4878,135,2.77%,0.77
18-05-2024,CMP-ORG-00,0,1305,35,2.68%,
19-05-2024,CMP-META-01,637.21,44001,1408,3.20%,0.45
19-05-2024,CMP-META-02,309.62,23190,405,1.75%,0.76
19-05-2024,CMP-GOOG-01,364.1,27879,573,2.06%,0.64
19-05-2024,CMP-GOOG-02,724.08,34516,1056,3.06%,0.69
19-05-2024,CMP-EML-01,35.39,2490,66,2.65%,0.54
19-05-2024,CMP-AFF-01,174.55,7607,210,2.76%,0.83
19-05-2024,CMP-ORG-00,0,862,26,3.02%,
20-05-2024,CMP-META-01,400.08,0,714,0.00%,0.56
20-05-2024,CMP-META-02,371.49,27377,885,3.23%,0.42
20-05-2024,CMP-GOOG-01,429.63,18351,584,3.18%,0.74
20-05-2024,CMP-GOOG-02,777.76,43435,1200,2.76%,0.65
20-05-2024,CMP-EML-01,78.5,3375,56,1.66%,1.4
20-05-2024,CMP-AFF-01,149.94,10896,373,3.42%,0.4
20-05-2024,CMP-ORG-00,0,633,14,2.21%,
21-05-2024,CMP-META-01,0,36582,1257,3.44%,
21-05-2024,CMP-META-02,393.96,28134,845,3.00%,0.47
21-05-2024,CMP-GOOG-01,782.09,35474,799,2.25%,0.98
21-05-2024,CMP-GOOG-02,310.4,0,421,0.00%,0.74
21-05-2024,CMP-EML-01,71.96,5023,129,2.57%,0.56
21-05-2024,CMP-AFF-01,134,9060,278,3.07%,0.48
21-05-2024,CMP-ORG-00,0,955,14,1.47%,
22-05-2024,CMP-META-01,671.58,28735,784,2.73%,0.86
22-05-2024,CMP-META-02,654.38,30628,954,3.11%,0.69
22-05-2024,CMP-GOOG-01,381.38,28550,627,2.20%,0.61
22-05-2024,CMP-GOOG-02,430.15,29864,1083,3.63%,0.4
22-05-2024,CMP-EML-01,75.98,5684,154,2.71%,0.49
22-05-2024,CMP-AFF-01,177.11,12036,218,1.81%,0.81
22-05-2024,CMP-ORG-00,0,896,25,2.79%,
23-05-2024,CMP-META-01,443.9,30752,723,2.35%,0.61
23-05-2024,CMP-META-02,278.14,12770,268,2.10%,1.04
23-05-2024,CMP-GOOG-01,693.33,36643,1394,3.80%,0.5
23-05-2024,CMP-GOOG-02,707.92,32253,902,2.80%,0.78
23-05-2024,CMP-EML-01,0,4113,71,1.73%,
23-05-2024,CMP-AFF-01,144.19,10551,370,3.51%,0.39
23-05-2024,CMP-ORG-00,0,1096,26,2.37%,
24-05-2024,CMP-META-01,625.46,42000,790,1.88%,0.79
24-05-2024,CMP-META-02,554.97,43146,1268,2.94%,0.44
24-05-2024,CMP-GOOG-01,826,53826,961,1.79%,0.86
24-05-2024,CMP-GOOG-02,402.5,25347,730,2.88%,0.55
24-05-2024,CMP-EML-01,38.86,2056,56,2.72%,0.69
24-05-2024,CMP-AFF-01,161.96,6735,235,3.49%,0.69
24-05-2024,CMP-ORG-00,0,772,20,2.59%,
25-05-2024,CMP-META-01,325.29,24746,684,2.76%,0.48
25-05-2024,CMP-META-02,0,38893,1248,3.21%,
25-05-2024,CMP-GOOG-01,803.74,54732,1371,2.50%,0.59
25-05-2024,CMP-GOOG-02,756.03,0,1340,0.00%,0.56
25-05-2024,CMP-EML-01,36.51,2024,41,2.03%,0.89
25-05-2024,CMP-AFF-01,219.58,16189,440,2.72%,0.5
26-05-2024,CMP-META-01,747.81,37749,1126,2.98%,0.66
26-05-2024,CMP-META-02,397.75,26065,509,1.95%,0.78
26-05-2024,CMP-GOOG-01,442.81,24746,434,1.75%,1.02
26-05-2024,CMP-GOOG-02,530.18,0,631,0.00%,0.84
26-05-2024,CMP-EML-01,59.82,4628,126,2.72%,0.47
26-05-2024,CMP-AFF-01,170.16,9127,229,2.51%,0.74
26-05-2024,CMP-ORG-00,0,1350,36,2.67%,
27-05-2024,CMP-META-01,332.87,21660,385,1.78%,0.86
27-05-2024,CMP-META-02,482.32,38267,1081,2.82%,0.45
27-05-2024,CMP-GOOG-01,509.53,37038,1084,2.93%,0.47
27-05-2024,CMP-GOOG-02,305.43,23651,936,3.96%,0.33
27-05-2024,CMP-EML-01,37.65,2150,39,1.81%,0.97
27-05-2024,CMP-AFF-01,91.95,0,134,0.00%,0.69
27-05-2024,CMP-ORG-00,0,856,18,2.10%,
28-05-2024,CMP-META-01,432.57,26088,1014,3.89%,0.43
28-05-2024,CMP-META-02,331.53,16797,376,2.24%,0.88
28-05-2024,CMP-GOOG-01,583.56,36884,1323,3.59%,0.44
28-05-2024,CMP-GOOG-02,660.38,51516,1833,3.56%,0.36
28-05-2024,CMP-EML-01,32.06,1579,54,3.42%,0.59
28-05-2024,CMP-AFF-01,121.71,8453,321,3.80%,0.38
28-05-2024,CMP-ORG-00,0,1255,39,3.11%,
29-05-2024,CMP-META-01,496.67,25679,429,1.67%,1.16
29-05-2024,CMP-META-02,735.2,44606,1266,2.84%,0.58
29-05-2024,CMP-GOOG-01,356.05,24405,771,3.16%,0.46
29-05-2024,CMP-GOOG-02,545.21,22284,353,1.58%,1.54
29-05-2024,CMP-EML-01,37.99,2550,46,1.80%,0.83
29-05-2024,CMP-AFF-01,80.08,6376,210,3.29%,0.38
29-05-2024,CMP-ORG-00,0,602,11,1.83%,
30-05-2024,CMP-META-01,395.9,29295,652,2.23%,0.61
30-05-2024,CMP-META-02,322.09,16778,419,2.50%,0.77
30-05-2024,CMP-GOOG-01,587.85,45606,1651,3.62%,0.36
30-05-2024,CMP-GOOG-02,374.46,15061,271,1.80%,1.38
30-05-2024,CMP-EML-01,54.46,3252,109,3.35%,0.5
30-05-2024,CMP-AFF-01,163.74,9788,291,2.97%,0.56
30-05-2024,CMP-ORG-00,0,651,19,2.92%,
31-05-2024,CMP-META-01,510.51,26152,803,3.07%,0.64
31-05-2024,CMP-META-02,287.59,21345,366,1.71%,0.79
31-05-2024,CMP-GOOG-01,0,26688,848,3.18%,
31-05-2024,CMP-GOOG-02,734.69,46597,1485,3.19%,0.49
31-05-2024,CMP-EML-01,42.68,1997,37,1.85%,1.15
31-05-2024,CMP-AFF-01,147.25,9338,355,3.80%,0.41
31-05-2024,CMP-ORG-00,0,961,30,3.12%,
01-06-2024,CMP-META-01,609.13,35089,758,2.16%,0.8
01-06-2024,CMP-META-02,583.71,40241,790,1.96%,0.74
01-06-2024,CMP-GOOG-01,490.81,38840,923,2.38%,0.53
01-06-2024,CMP-GOOG-02,327.99,0,570,0.00%,0.58
01-06-2024,CMP-EML-01,30.23,1647,38,2.31%,0.8
01-06-2024,CMP-AFF-01,127.36,8787,136,1.55%,0.94
01-06-2024,CMP-ORG-00,0,1456,35,2.40%,
02-06-2024,CMP-META-01,379.6,21889,393,1.80%,0.97
02-06-2024,CMP-META-02,449.06,30001,969,3.23%,0.46
02-06-2024,CMP-GOOG-01,478.22,21306,718,3.37%,0.67
02-06-2024,CMP-GOOG-02,847.03,34759,1303,3.75%,0.65
02-06-2024,CMP-EML-01,79.02,3562,117,3.28%,0.68
02-06-2024,CMP-AFF-01,174.91,11938,292,2.45%,0.6
02-06-2024,CMP-ORG-00,0,1116,32,2.87%,
03-06-2024,CMP-META-01,414.68,26557,1030,3.88%,0.4
03-06-2024,CMP-META-02,586.37,43626,1415,3.24%,0.41
03-06-2024,CMP-GOOG-01,769.2,35997,824,2.29%,0.93
03-06-2024,CMP-EML-01,0,4154,144,3.47%,
03-06-2024,CMP-AFF-01,100.89,5672,175,3.09%,0.58
03-06-2024,CMP-ORG-00,0,1035,26,2.51%,
04-06-2024,CMP-META-01,745.08,30964,713,2.30%,1.04
04-06-2024,CMP-META-02,748.12,35264,902,2.56%,0.83
04-06-2024,CMP-GOOG-01,303.92,17959,671,3.74%,0.45
04-06-2024,CMP-GOOG-02,369.98,20541,700,3.41%,0.53
04-06-2024,CMP-EML-01,35.53,1748,28,1.60%,1.27
04-06-2024,CMP-AFF-01,215.47,16855,490,2.91%,0.44
04-06-2024,CMP-ORG-00,0,1351,31,2.29%,
05-06-2024,CMP-META-01,253.13,17439,661,3.79%,0.38
05-06-2024,CMP-META-02,473.87,23083,787,3.41%,0.6
05-06-2024,CMP-GOOG-01,743.82,56291,2138,3.80%,0.35
05-06-2024,CMP-GOOG-02,340.71,14259,252,1.77%,1.35
05-06-2024,CMP-EML-01,79.71,3692,132,3.58%,0.6
05-06-2024,CMP-ORG-00,0,833,30,3.60%,
06-06-2024,CMP-META-01,504.18,34708,796,2.29%,0.63
06-06-2024,CMP-META-02,649.2,0,1278,0.00%,0.51
06-06-2024,CMP-GOOG-01,323.76,18929,535,2.83%,0.61
06-06-2024,CMP-GOOG-02,655.01,32139,1022,3.18%,0.64
06-06-2024,CMP-EML-01,34.14,1748,67,3.83%,0.51
06-06-2024,CMP-AFF-01,201.46,9010,201,2.23%,1
06-06-2024,CMP-ORG-00,0,904,33,3.65%,
07-06-2024,CMP-META-01,527.87,36484,617,1.69%,0.86
07-06-2024,CMP-META-02,0,24283,591,2.43%,
07-06-2024,CMP-GOOG-01,849.49,67869,1933,2.85%,0.44
07-06-2024,CMP-GOOG-02,485.18,0,928,0.00%,0.52
07-06-2024,CMP-EML-01,68.17,4836,168,3.47%,0.41
07-06-2024,CMP-AFF-01,130.59,9071,155,1.71%,0.84
07-06-2024,CMP-ORG-00,0,1359,42,3.09%,
08-06-2024,CMP-META-01,638.49,44077,885,2.01%,0.72
08-06-2024,CMP-META-02,555.08,42221,1096,2.60%,0.51
08-06-2024,CMP-GOOG-02,553.99,29770,945,3.17%,0.59
08-06-2024,CMP-EML-01,47.98,2478,91,3.67%,0.53
08-06-2024,CMP-AFF-01,149.41,10511,221,2.10%,0.68
08-06-2024,CMP-ORG-00,0,1436,38,2.65%,
09-06-2024,CMP-META-01,640.57,26963,657,2.44%,0.97
09-06-2024,CMP-META-02,554.49,38325,736,1.92%,0.75
09-06-2024,CMP-GOOG-01,365.42,15667,327,2.09%,1.12
09-06-2024,CMP-GOOG-02,839.64,53417,1755,3.29%,0.48
09-06-2024,CMP-EML-01,73.6,5690,107,1.88%,0.69
09-06-2024,CMP-AFF-01,151.15,9258,231,2.50%,0.65
09-06-2024,CMP-ORG-00,0,1385,22,1.59%,
10-06-2024,CMP-META-01,293.85,15155,248,1.64%,1.18
10-06-2024,CMP-META-02,749.47,51407,1496,2.91%,0.5
10-06-2024,CMP-GOOG-01,420.66,0,704,0.00%,0.6
10-06-2024,CMP-GOOG-02,817.3,0,1132,0.00%,0.72
10-06-2024,CMP-EML-01,48.78,3788,114,3.01%,0.43
10-06-2024,CMP-AFF-01,194.24,13202,350,2.65%,0.55
10-06-2024,CMP-ORG-00,0,801,15,1.87%,
11-06-2024,CMP-META-01,331.62,18008,522,2.90%,0.64
11-06-2024,CMP-META-02,266.53,14754,389,2.64%,0.69
11-06-2024,CMP-GOOG-01,630.4,46070,1202,2.61%,0.52
11-06-2024,CMP-GOOG-02,623.11,35637,950,2.67%,0.66
11-06-2024,CMP-EML-01,76.6,3325,60,1.80%,1.28
11-06-2024,CMP-AFF-01,154.42,11172,412,3.69%,0.37
11-06-2024,CMP-ORG-00,0,1454,36,2.48%,
12-06-2024,CMP-META-01,380.29,30168,939,3.11%,0.4
12-06-2024,CMP-META-02,587.36,27724,1086,3.92%,0.54
12-06-2024,CMP-GOOG-01,326.9,17560,653,3.72%,0.5
12-06-2024,CMP-GOOG-02,801.62,47184,1563,3.31%,0.51
12-06-2024,CMP-EML-01,77.65,5357,131,2.45%,0.59
12-06-2024,CMP-AFF-01,132.59,10450,308,2.95%,0.43
12-06-2024,CMP-ORG-00,0,677,13,1.92%,
13-06-2024,CMP-META-01,644.74,39521,1457,3.69%,0.44
13-06-2024,CMP-META-02,653.19,44301,1194,2.70%,0.55
13-06-2024,CMP-GOOG-01,542.26,26358,790,3.00%,0.69
13-06-2024,CMP-GOOG-02,651.94,39105,1545,3.95%,0.42
13-06-2024,CMP-EML-01,56.73,4086,152,3.72%,0.37
13-06-2024,CMP-AFF-01,143.39,6826,195,2.86%,0.74
13-06-2024,CMP-ORG-00,0,1283,41,3.20%,
14-06-2024,CMP-META-01,653.43,39299,1336,3.40%,0.49
14-06-2024,CMP-META-02,319.03,19838,622,3.14%,0.51
14-06-2024,CMP-GOOG-01,557.75,33687,1331,3.95%,0.42
14-06-2024,CMP-GOOG-02,764.05,60347,2321,3.85%,0.33
14-06-2024,CMP-EML-01,78.45,5057,102,2.02%,0.77
14-06-2024,CMP-AFF-01,92.89,5460,185,3.39%,0.5
14-06-2024,CMP-ORG-00,0,686,12,1.75%,
15-06-2024,CMP-META-01,685.08,27449,982,3.58%,0.7
15-06-2024,CMP-META-02,352.26,23280,616,2.65%,0.57
15-06-2024,CMP-GOOG-01,754.45,38127,1284,3.37%,0.59
15-06-2024,CMP-GOOG-02,690.91,33925,1049,3.09%,0.66
15-06-2024,CMP-EML-01,79.62,6172,213,3.45%,0.37
15-06-2024,CMP-AFF-01,152.17,11802,465,3.94%,0.33
15-06-2024,CMP-ORG-00,0,674,13,1.93%,
16-06-2024,CMP-META-01,401.18,20512,498,2.43%,0.81
16-06-2024,CMP-META-02,0,41823,1648,3.94%,
16-06-2024,CMP-GOOG-01,832.89,63544,1744,2.74%,0.48
16-06-2024,CMP-GOOG-02,558.63,26102,430,1.65%,1.3
16-06-2024,CMP-EML-01,76.8,5485,151,2.75%,0.51
16-06-2024,CMP-AFF-01,87.78,6744,202,3.00%,0.43
16-06-2024,CMP-ORG-00,0,1346,48,3.57%,
17-06-2024,CMP-META-01,343.73,16313,627,3.84%,0.55
17-06-2024,CMP-META-02,684.4,52655,2022,3.84%,0.34
17-06-2024,CMP-GOOG-01,740.36,42492,1686,3.97%,0.44
17-06-2024,CMP-GOOG-02,601.2,33868,591,1.75%,1.02
17-06-2024,CMP-EML-01,79.94,5163,147,2.85%,0.54
17-06-2024,CMP-AFF-01,127.16,7107,219,3.08%,0.58
17-06-2024,CMP-ORG-00,0,1485,58,3.91%,
18-06-2024,CMP-META-01,0,34676,1200,3.46%,
18-06-2024,CMP-META-02,0,22097,874,3.96%,
18-06-2024,CMP-GOOG-01,796.87,58244,2005,3.44%,0.4
18-06-2024,CMP-GOOG-02,401.92,21461,849,3.96%,0.47
18-06-2024,CMP-EML-01,33.67,2502,39,1.56%,0.86
18-06-2024,CMP-AFF-01,220,9189,336,3.66%,0.65
18-06-2024,CMP-ORG-00,0,887,28,3.16%,
19-06-2024,CMP-META-01,382.51,16615,641,3.86%,0.6
19-06-2024,CMP-META-02,450.15,35899,1139,3.17%,0.4
19-06-2024,CMP-GOOG-01,0,33560,1083,3.23%,
19-06-2024,CMP-GOOG-02,0,33205,824,2.48%,
19-06-2024,CMP-EML-01,77.09,4470,109,2.44%,0.71
19-06-2024,CMP-AFF-01,155.78,11088,298,2.69%,0.52
19-06-2024,CMP-ORG-00,0,974,37,3.80%,
20-06-2024,CMP-META-01,441.05,19588,558,2.85%,0.79
20-06-2024,CMP-META-02,288.93,21500,573,2.67%,0.5
20-06-2024,CMP-GOOG-01,380.24,17780,367,2.06%,1.04
20-06-2024,CMP-GOOG-02,765.49,49491,1505,3.04%,0.51
20-06-2024,CMP-EML-01,50.91,3853,77,2.00%,0.66
20-06-2024,CMP-AFF-01,105.71,6053,201,3.32%,0.53
20-06-2024,CMP-ORG-00,0,982,15,1.53%,
21-06-2024,CMP-META-02,499.15,38726,1086,2.80%,0.46
21-06-2024,CMP-GOOG-01,750.02,41118,1366,3.32%,0.55
21-06-2024,CMP-GOOG-02,799.66,43045,702,1.63%,1.14
21-06-2024,CMP-EML-01,78.43,4701,72,1.53%,1.09
21-06-2024,CMP-AFF-01,127.54,9182,317,3.45%,0.4
21-06-2024,CMP-ORG-00,0,1192,46,3.86%,
22-06-2024,CMP-META-01,701.46,43662,688,1.58%,1.02
22-06-2024,CMP-META-02,703.2,30236,579,1.91%,1.21
22-06-2024,CMP-GOOG-01,311.85,13159,276,2.10%,1.13
22-06-2024,CMP-GOOG-02,408.31,20473,749,3.66%,0.55
22-06-2024,CMP-EML-01,72.18,4996,123,2.46%,0.59
22-06-2024,CMP-AFF-01,200.02,15168,496,3.27%,0.4
22-06-2024,CMP-ORG-00,0,548,10,1.82%,
23-06-2024,CMP-META-01,372.64,25490,654,2.57%,0.57
23-06-2024,CMP-META-02,530.72,22298,527,2.36%,1.01
23-06-2024,CMP-GOOG-01,439.55,19609,750,3.82%,0.59
23-06-2024,CMP-GOOG-02,585.17,33954,961,2.83%,0.61
23-06-2024,CMP-EML-01,43.26,3139,98,3.12%,0.44
23-06-2024,CMP-AFF-01,219.52,15596,413,2.65%,0.53
24-06-2024,CMP-META-01,706.67,35984,1114,3.10%,0.63
24-06-2024,CMP-META-02,695.39,45352,1619,3.57%,0.43
24-06-2024,CMP-GOOG-01,747.47,43833,978,2.23%,0.76
24-06-2024,CMP-GOOG-02,812.14,37608,916,2.44%,0.89
24-06-2024,CMP-EML-01,79.83,5583,179,3.21%,0.45
24-06-2024,CMP-AFF-01,169.33,8065,307,3.81%,0.55
24-06-2024,CMP-ORG-00,0,973,33,3.39%,
25-06-2024,CMP-META-01,413.95,27608,555,2.01%,0.75
25-06-2024,CMP-META-02,331.63,21805,531,2.44%,0.62
25-06-2024,CMP-GOOG-01,730.48,44302,1309,2.95%,0.56
25-06-2024,CMP-GOOG-02,610.09,38771,1315,3.39%,0.46
25-06-2024,CMP-EML-01,52.85,2702,95,3.52%,0.56
25-06-2024,CMP-AFF-01,158.55,8894,142,1.60%,1.12
25-06-2024,CMP-ORG-00,0,814,25,3.07%,
26-06-2024,CMP-META-01,256.99,13338,501,3.76%,0.51
26-06-2024,CMP-META-02,388.12,24229,887,3.66%,0.44
26-06-2024,CMP-GOOG-01,503.18,33784,977,2.89%,0.52
26-06-2024,CMP-GOOG-02,480.01,25037,727,2.90%,0.66
26-06-2024,CMP-EML-01,41.64,2008,64,3.19%,0.65
26-06-2024,CMP-AFF-01,129.56,8053,193,2.40%,0.67
26-06-2024,CMP-ORG-00,0,971,33,3.40%,
27-06-2024,CMP-META-02,365.92,24554,499,2.03%,0.73
27-06-2024,CMP-GOOG-01,686.19,54715,876,1.60%,0.78
27-06-2024,CMP-GOOG-02,636.63,43097,859,1.99%,0.74
27-06-2024,CMP-EML-01,53.54,2857,101,3.54%,0.53
27-06-2024,CMP-AFF-01,109.88,8295,329,3.97%,0.33
27-06-2024,CMP-ORG-00,0,1418,26,1.83%,
28-06-2024,CMP-META-01,649.89,28192,431,1.53%,1.51
28-06-2024,CMP-META-02,499.34,26394,792,3.00%,0.63
28-06-2024,CMP-GOOG-01,740.76,36016,808,2.24%,0.92
28-06-2024,CMP-GOOG-02,773.78,39350,1185,3.01%,0.65
28-06-2024,CMP-EML-01,50.09,2613,46,1.76%,1.09
28-06-2024,CMP-AFF-01,193.07,14830,389,2.62%,0.5
28-06-2024,CMP-ORG-00,0,1227,23,1.87%,
29-06-2024,CMP-META-01,456.17,35406,1269,3.58%,0.36
29-06-2024,CMP-META-02,450.05,18074,552,3.05%,0.82
29-06-2024,CMP-GOOG-01,533.89,38836,1333,3.43%,0.4
29-06-2024,CMP-GOOG-02,548.63,32905,874,2.66%,0.63
29-06-2024,CMP-EML-01,57.52,4427,151,3.41%,0.38
29-06-2024,CMP-AFF-01,89.66,5012,77,1.54%,1.16
29-06-2024,CMP-ORG-00,0,548,11,2.01%,
30-06-2024,CMP-META-01,621.17,35445,575,1.62%,1.08
30-06-2024,CMP-META-02,0,32797,1118,3.41%,
30-06-2024,CMP-GOOG-01,309.44,15961,415,2.60%,0.75
30-06-2024,CMP-GOOG-02,525.3,29241,1061,3.63%,0.5
30-06-2024,CMP-EML-01,42.43,2944,65,2.21%,0.65
30-06-2024,CMP-AFF-01,141.92,10430,391,3.75%,0.36
30-06-2024,CMP-ORG-00,0,552,13,2.36%,
01-07-2024,CMP-META-01,0,40222,1035,2.57%,
01-07-2024,CMP-META-02,604.18,33526,832,2.48%,0.73
01-07-2024,CMP-GOOG-01,551.45,28605,802,2.80%,0.69
01-07-2024,CMP-GOOG-02,340.78,14584,256,1.76%,1.33
01-07-2024,CMP-EML-01,75.08,5751,199,3.46%,0.38
01-07-2024,CMP-ORG-00,0,753,23,3.05%,
02-07-2024,CMP-META-01,644.2,37279,1290,3.46%,0.5
02-07-2024,CMP-META-02,379.86,28105,481,1.71%,0.79
02-07-2024,CMP-GOOG-01,461.9,32872,1202,3.66%,0.38
02-07-2024,CMP-GOOG-02,592.72,24667,500,2.03%,1.19
02-07-2024,CMP-EML-01,32.04,0,47,0.00%,0.68
02-07-2024,CMP-AFF-01,147.61,9728,316,3.25%,0.47
02-07-2024,CMP-ORG-00,0,0,39,0.00%,
03-07-2024,CMP-META-01,531.91,22690,551,2.43%,0.97
03-07-2024,CMP-GOOG-01,370.07,27555,615,2.23%,0.6
03-07-2024,CMP-GOOG-02,778.33,42695,1555,3.64%,0.5
03-07-2024,CMP-EML-01,79.6,4841,129,2.66%,0.62
03-07-2024,CMP-AFF-01,128.44,7473,262,3.51%,0.49
03-07-2024,CMP-ORG-00,0,1233,39,3.16%,
04-07-2024,CMP-META-01,525.35,26210,441,1.68%,1.19
04-07-2024,CMP-META-02,313.98,19324,632,3.27%,0.5
04-07-2024,CMP-GOOG-01,483.3,22931,353,1.54%,1.37
04-07-2024,CMP-GOOG-02,367.77,25455,596,2.34%,0.62
04-07-2024,CMP-EML-01,30.01,2254,64,2.84%,0.47
04-07-2024,CMP-AFF-01,85.93,6196,158,2.55%,0.54
04-07-2024,CMP-ORG-00,0,544,21,3.86%,
05-07-2024,CMP-META-01,344.33,13777,312,2.26%,1.1
05-07-2024,CMP-META-02,619.16,42094,1529,3.63%,0.4
05-07-2024,CMP-GOOG-01,823.88,48321,1238,2.56%,0.67
05-07-2024,CMP-GOOG-02,473.05,32292,1086,3.36%,0.44
05-07-2024,CMP-EML-01,54.98,2377,89,3.74%,0.62
05-07-2024,CMP-AFF-01,176.81,13531,371,2.74%,0.48
05-07-2024,CMP-ORG-00,0,1492,53,3.55%,
06-07-2024,CMP-META-02,539.73,42838,1583,3.70%,0.34
06-07-2024,CMP-GOOG-01,558.83,26483,1010,3.81%,0.55
06-07-2024,CMP-GOOG-02,677.18,27956,1077,3.85%,0.63
06-07-2024,CMP-EML-01,33.11,2211,66,2.99%,0.5
06-07-2024,CMP-AFF-01,177.76,13620,451,3.31%,0.39
06-07-2024,CMP-ORG-00,0,1020,32,3.14%,
07-07-2024,CMP-META-01,710.59,55935,2158,3.86%,0.33
07-07-2024,CMP-META-02,678.59,27606,904,3.27%,0.75
07-07-2024,CMP-GOOG-01,386.36,25733,1025,3.98%,0.38
07-07-2024,CMP-GOOG-02,332.97,20098,770,3.83%,0.43
07-07-2024,CMP-EML-01,58.91,3440,129,3.75%,0.46
07-07-2024,CMP-AFF-01,138.64,5629,215,3.82%,0.64
07-07-2024,CMP-ORG-00,0,1172,29,2.47%,
08-07-2024,CMP-META-01,366.94,24198,531,2.19%,0.69
08-07-2024,CMP-META-02,450.84,19810,315,1.59%,1.43
08-07-2024,CMP-GOOG-01,317.95,23678,729,3.08%,0.44
08-07-2024,CMP-GOOG-02,558.3,32993,886,2.69%,0.63
08-07-2024,CMP-EML-01,47.58,2165,41,1.89%,1.16
08-07-2024,CMP-AFF-01,151.39,8845,341,3.86%,0.44
08-07-2024,CMP-ORG-00,0,1355,53,3.91%,
09-07-2024,CMP-META-01,541.09,26632,593,2.23%,0.91
09-07-2024,CMP-META-02,724.24,43809,915,2.09%,0.79
09-07-2024,CMP-GOOG-01,464.35,25128,426,1.70%,1.09
09-07-2024,CMP-GOOG-02,341.75,16885,279,1.65%,1.22
09-07-2024,CMP-EML-01,73.73,2985,48,1.61%,1.54
09-07-2024,CMP-AFF-01,128.3,7347,273,3.72%,0.47
09-07-2024,CMP-ORG-00,0,1005,27,2.69%,
10-07-2024,CMP-META-01,384.64,20215,353,1.75%,1.09
10-07-2024,CMP-META-02,653.25,50594,1772,3.50%,0.37
10-07-2024,CMP-GOOG-01,0,34058,730,2.14%,
10-07-2024,CMP-GOOG-02,629.95,44419,1565,3.52%,0.4
10-07-2024,CMP-EML-01,76.91,4203,103,2.45%,0.75
10-07-2024,CMP-AFF-01,100.47,7105,151,2.13%,0.67
10-07-2024,CMP-ORG-00,0,837,20,2.39%,
11-07-2024,CMP-META-01,602.1,34434,758,2.20%,0.79
11-07-2024,CMP-META-02,304.67,23032,349,1.52%,0.87
11-07-2024,CMP-GOOG-01,696.59,35032,687,1.96%,1.01
11-07-2024,CMP-GOOG-02,0,22671,824,3.63%,
11-07-2024,CMP-EML-01,60.09,2663,47,1.76%,1.28
11-07-2024,CMP-AFF-01,90.22,6586,217,3.29%,0.42
11-07-2024,CMP-ORG-00,0,1406,40,2.84%,
12-07-2024,CMP-META-01,613.52,27770,430,1.55%,1.43
12-07-2024,CMP-META-02,410.2,22391,559,2.50%,0.73
12-07-2024,CMP-GOOG-01,779.43,35714,1271,3.56%,0.61
12-07-2024,CMP-GOOG-02,404.27,28329,1122,3.96%,0.36
12-07-2024,CMP-EML-01,79.75,0,63,0.00%,1.27
12-07-2024,CMP-AFF-01,157.24,11491,450,3.92%,0.35
12-07-2024,CMP-ORG-00,0,936,21,2.24%,
13-07-2024,CMP-META-01,584.11,40680,1533,3.77%,0.38
13-07-2024,CMP-META-02,340.79,27140,702,2.59%,0.49
13-07-2024,CMP-GOOG-01,722.18,33993,707,2.08%,1.02
13-07-2024,CMP-GOOG-02,611.4,0,1046,0.00%,0.58
13-07-2024,CMP-EML-01,72.89,4635,85,1.83%,0.86
13-07-2024,CMP-AFF-01,166.54,12399,217,1.75%,0.77
13-07-2024,CMP-ORG-00,0,1283,44,3.43%,
14-07-2024,CMP-META-01,0,41944,1577,3.76%,
14-07-2024,CMP-META-02,337.92,22686,449,1.98%,0.75
14-07-2024,CMP-GOOG-01,385.4,29348,725,2.47%,0.53
14-07-2024,CMP-GOOG-02,636.55,42395,1664,3.92%,0.38
14-07-2024,CMP-EML-01,47.51,2227,71,3.19%,0.67
14-07-2024,CMP-AFF-01,156.19,12408,217,1.75%,0.72
14-07-2024,CMP-ORG-00,0,1302,22,1.69%,
15-07-2024,CMP-META-01,423.72,24801,432,1.74%,0.98
15-07-2024,CMP-META-02,458.36,24443,733,3.00%,0.63
15-07-2024,CMP-GOOG-01,662.04,31656,1173,3.71%,0.56
15-07-2024,CMP-GOOG-02,409.77,21290,325,1.53%,1.26
15-07-2024,CMP-EML-01,40.01,2824,60,2.12%,0.67
15-07-2024,CMP-AFF-01,207.9,11351,191,1.68%,1.09
15-07-2024,CMP-ORG-00,0,839,26,3.10%,
16-07-2024,CMP-META-01,503.51,30539,749,2.45%,0.67
16-07-2024,CMP-META-02,280.08,19526,334,1.71%,0.84
16-07-2024,CMP-GOOG-01,750.17,45975,1689,3.67%,0.44
16-07-2024,CMP-GOOG-02,357.57,23173,733,3.16%,0.49
16-07-2024,CMP-EML-01,67.07,5217,188,3.60%,0.36
16-07-2024,CMP-AFF-01,100.69,4951,98,1.98%,1.03
16-07-2024,CMP-ORG-00,0,1098,36,3.28%,
17-07-2024,CMP-META-01,613.76,32089,1128,3.52%,0.54
17-07-2024,CMP-META-02,520.01,40790,792,1.94%,0.66
17-07-2024,CMP-GOOG-01,412.51,19416,365,1.88%,1.13
17-07-2024,CMP-GOOG-02,332.21,24429,859,3.52%,0.39
17-07-2024,CMP-EML-01,43.75,2571,58,2.26%,0.75
17-07-2024,CMP-AFF-01,197.97,11687,336,2.87%,0.59
17-07-2024,CMP-ORG-00,0,859,33,3.84%,
18-07-2024,CMP-META-01,345.69,26647,569,2.14%,0.61
18-07-2024,CMP-META-02,672.15,30231,1094,3.62%,0.61
18-07-2024,CMP-GOOG-01,633.01,47253,1117,2.36%,0.57
18-07-2024,CMP-GOOG-02,447.33,0,571,0.00%,0.78
18-07-2024,CMP-EML-01,78.26,3552,129,3.63%,0.61
18-07-2024,CMP-AFF-01,183.33,9691,175,1.81%,1.05
18-07-2024,CMP-ORG-00,0,623,12,1.93%,
19-07-2024,CMP-META-01,661.95,41323,1402,3.39%,0.47
19-07-2024,CMP-META-02,530.33,22166,735,3.32%,0.72
19-07-2024,CMP-GOOG-01,301.11,18832,374,1.99%,0.81
19-07-2024,CMP-GOOG-02,607.34,48249,1928,4.00%,0.32
19-07-2024,CMP-EML-01,43.42,3201,96,3.00%,0.45
19-07-2024,CMP-AFF-01,125.43,6422,176,2.74%,0.71
19-07-2024,CMP-ORG-00,0,1406,55,3.91%,
20-07-2024,CMP-META-01,285.38,11598,349,3.01%,0.82
20-07-2024,CMP-META-02,346.84,23719,484,2.04%,0.72
20-07-2024,CMP-GOOG-01,523.72,40126,646,1.61%,0.81
20-07-2024,CMP-GOOG-02,761.52,47044,1846,3.92%,0.41
20-07-2024,CMP-EML-01,79.45,6310,189,3.00%,0.42
20-07-2024,CMP-AFF-01,151.27,11045,223,2.02%,0.68
20-07-2024,CMP-ORG-00,0,1183,36,3.04%,
21-07-2024,CMP-META-01,692.41,44814,723,1.61%,0.96
21-07-2024,CMP-META-02,364.36,20321,774,3.81%,0.47
21-07-2024,CMP-GOOG-01,691.02,53592,1801,3.36%,0.38
21-07-2024,CMP-GOOG-02,337.84,14201,250,1.76%,1.35
21-07-2024,CMP-EML-01,0,2448,69,2.82%,
21-07-2024,CMP-AFF-01,141.59,5836,142,2.43%,1
21-07-2024,CMP-ORG-00,0,690,24,3.48%,
22-07-2024,CMP-META-01,374.92,27074,861,3.18%,0.44
22-07-2024,CMP-META-02,587.16,30357,486,1.60%,1.21
22-07-2024,CMP-GOOG-01,0,19305,372,1.93%,
22-07-2024,CMP-GOOG-02,808.4,39878,824,2.07%,0.98
22-07-2024,CMP-EML-01,45.94,2785,100,3.59%,0.46
22-07-2024,CMP-AFF-01,206.1,8955,171,1.91%,1.21
22-07-2024,CMP-ORG-00,0,1284,40,3.12%,
23-07-2024,CMP-META-01,709.96,49573,1093,2.20%,0.65
23-07-2024,CMP-META-02,485.45,25596,861,3.36%,0.56
23-07-2024,CMP-GOOG-01,348.96,14293,244,1.71%,1.43
23-07-2024,CMP-GOOG-02,384.2,25422,540,2.12%,0.71
23-07-2024,CMP-EML-01,42.55,1970,29,1.47%,1.47
23-07-2024,CMP-AFF-01,156.66,12050,355,2.95%,0.44
23-07-2024,CMP-ORG-00,0,696,23,3.30%,
24-07-2024,CMP-META-01,378.07,19189,504,2.63%,0.75
24-07-2024,CMP-META-02,408.65,16465,343,2.08%,1.19
24-07-2024,CMP-GOOG-01,809.72,57310,911,1.59%,0.89
24-07-2024,CMP-GOOG-02,341.63,20945,404,1.93%,0.85
24-07-2024,CMP-EML-01,0,3980,123,3.09%,
24-07-2024,CMP-ORG-00,0,528,11,2.08%,
25-07-2024,CMP-META-01,472.43,23776,526,2.21%,0.9
25-07-2024,CMP-META-02,313.31,14895,326,2.19%,0.96
25-07-2024,CMP-GOOG-01,733.57,36448,594,1.63%,1.23
25-07-2024,CMP-EML-01,30.19,1679,51,3.04%,0.59
25-07-2024,CMP-AFF-01,95.15,6031,155,2.57%,0.61
25-07-2024,CMP-ORG-00,0,1113,35,3.14%,
26-07-2024,CMP-META-01,563.75,26701,979,3.67%,0.58
26-07-2024,CMP-META-02,313.7,15577,612,3.93%,0.51
26-07-2024,CMP-GOOG-01,422.72,25543,522,2.04%,0.81
26-07-2024,CMP-GOOG-02,731.01,40739,703,1.73%,1.04
26-07-2024,CMP-EML-01,70.71,2926,91,3.11%,0.78
26-07-2024,CMP-AFF-01,202.88,11274,325,2.88%,0.62
26-07-2024,CMP-ORG-00,0,547,18,3.29%,
27-07-2024,CMP-META-01,286.88,20511,496,2.42%,0.58
27-07-2024,CMP-META-02,275.39,14162,263,1.86%,1.05
27-07-2024,CMP-GOOG-01,669.2,35909,577,1.61%,1.16
27-07-2024,CMP-GOOG-02,770.97,54596,1894,3.47%,0.41
27-07-2024,CMP-EML-01,53.83,2393,46,1.92%,1.17
27-07-2024,CMP-AFF-01,146.88,7961,122,1.53%,1.2
27-07-2024,CMP-ORG-00,0,595,14,2.35%,
28-07-2024,CMP-META-01,393.67,19789,691,3.49%,0.57
28-07-2024,CMP-META-02,345.74,21814,765,3.51%,0.45
28-07-2024,CMP-GOOG-01,568.15,34755,1096,3.15%,0.52
28-07-2024,CMP-GOOG-02,380.88,21109,630,2.98%,0.6
28-07-2024,CMP-EML-01,39.7,2721,46,1.69%,0.86
28-07-2024,CMP-AFF-01,124.43,5856,138,2.36%,0.9
28-07-2024,CMP-ORG-00,0,0,30,0.00%,
29-07-2024,CMP-META-01,0,19836,524,2.64%,
29-07-2024,CMP-META-02,496.38,20139,735,3.65%,0.68
29-07-2024,CMP-GOOG-01,652.58,49160,1281,2.61%,0.51
29-07-2024,CMP-GOOG-02,465.99,33589,546,1.63%,0.85
29-07-2024,CMP-EML-01,76.7,4230,167,3.95%,0.46
29-07-2024,CMP-AFF-01,107.8,6404,154,2.40%,0.7
29-07-2024,CMP-ORG-00,0,783,21,2.68%,
30-07-2024,CMP-META-01,456.13,36027,936,2.60%,0.49
30-07-2024,CMP-META-02,368.97,18271,710,3.89%,0.52
30-07-2024,CMP-GOOG-01,394.45,30248,1183,3.91%,0.33
30-07-2024,CMP-GOOG-02,678.36,52009,1011,1.94%,0.67
30-07-2024,CMP-EML-01,43.94,1900,66,3.47%,0.67
30-07-2024,CMP-ORG-00,0,705,18,2.55%,
31-07-2024,CMP-META-01,431.28,33873,612,1.81%,0.7
31-07-2024,CMP-META-02,624.24,46018,744,1.62%,0.84
31-07-2024,CMP-GOOG-01,532.55,22511,885,3.93%,0.6
31-07-2024,CMP-GOOG-02,342.17,16535,323,1.95%,1.06
31-07-2024,CMP-EML-01,51.78,3408,125,3.67%,0.41
31-07-2024,CMP-AFF-01,173.46,7728,197,2.55%,0.88
31-07-2024,CMP-ORG-00,0,874,27,3.09%,
01-08-2024,CMP-META-01,573.42,28773,570,1.98%,1.01
01-08-2024,CMP-META-02,0,18344,296,1.61%,
01-08-2024,CMP-GOOG-01,702.29,51709,971,1.88%,0.72
01-08-2024,CMP-GOOG-02,521.47,38869,740,1.90%,0.7
01-08-2024,CMP-EML-01,56.54,3552,90,2.53%,0.63
01-08-2024,CMP-AFF-01,113.9,8173,147,1.80%,0.77
01-08-2024,CMP-ORG-00,0,689,18,2.61%,
02-08-2024,CMP-META-01,573.61,28578,1039,3.64%,0.55
02-08-2024,CMP-META-02,689.72,50501,1550,3.07%,0.44
02-08-2024,CMP-GOOG-01,0,31558,919,2.91%,
02-08-2024,CMP-GOOG-02,697.41,31952,775,2.43%,0.9
02-08-2024,CMP-EML-01,73.65,0,97,0.00%,0.76
02-08-2024,CMP-AFF-01,161.05,9253,176,1.90%,0.92
02-08-2024,CMP-ORG-00,0,740,26,3.51%,
03-08-2024,CMP-META-01,396.08,26996,634,2.35%,0.62
03-08-2024,CMP-META-02,510.23,32500,856,2.63%,0.6
03-08-2024,CMP-GOOG-01,521.34,0,1089,0.00%,0.48
03-08-2024,CMP-GOOG-02,711.84,31956,710,2.22%,1
03-08-2024,CMP-EML-01,64.3,3700,56,1.51%,1.15
03-08-2024,CMP-AFF-01,141.99,8158,268,3.29%,0.53
03-08-2024,CMP-ORG-00,0,1055,24,2.27%,
04-08-2024,CMP-META-01,0,41061,1619,3.94%,
04-08-2024,CMP-META-02,632.63,46603,1149,2.47%,0.55
04-08-2024,CMP-GOOG-01,529.13,37909,1235,3.26%,0.43
04-08-2024,CMP-GOOG-02,300.63,12139,449,3.70%,0.67
04-08-2024,CMP-EML-01,74.51,3912,66,1.69%,1.13
04-08-2024,CMP-AFF-01,187.07,13959,444,3.18%,0.42
04-08-2024,CMP-ORG-00,0,635,11,1.73%,
05-08-2024,CMP-META-01,462.37,33072,589,1.78%,0.79
05-08-2024,CMP-META-02,641.37,44438,1181,2.66%,0.54
05-08-2024,CMP-GOOG-01,347.41,24603,540,2.19%,0.64
05-08-2024,CMP-GOOG-02,358.91,15751,462,2.93%,0.78
05-08-2024,CMP-EML-01,78.31,5860,220,3.75%,0.36
05-08-2024,CMP-AFF-01,173.84,9451,195,2.06%,0.89
05-08-2024,CMP-ORG-00,0,746,28,3.75%,
06-08-2024,CMP-META-01,524.14,23118,733,3.17%,0.72
06-08-2024,CMP-META-02,578.96,25104,998,3.98%,0.58
06-08-2024,CMP-GOOG-01,522.16,29357,1159,3.95%,0.45
06-08-2024,CMP-GOOG-02,428.25,21020,687,3.27%,0.62
06-08-2024,CMP-EML-01,46.24,2299,36,1.57%,1.28
06-08-2024,CMP-AFF-01,170.87,8232,177,2.15%,0.97
06-08-2024,CMP-ORG-00,0,946,35,3.70%,
07-08-2024,CMP-META-01,275.41,14440,481,3.33%,0.57
07-08-2024,CMP-META-02,250.81,0,429,0.00%,0.58
07-08-2024,CMP-GOOG-01,812.81,39103,1272,3.25%,0.64
07-08-2024,CMP-GOOG-02,731.38,45521,1430,3.14%,0.51
07-08-2024,CMP-EML-01,52.74,2963,83,2.80%,0.64
07-08-2024,CMP-AFF-01,176.3,7159,145,2.03%,1.22
07-08-2024,CMP-ORG-00,0,1325,22,1.66%,
08-08-2024,CMP-META-01,273.09,18939,594,3.14%,0.46
08-08-2024,CMP-META-02,0,22151,756,3.41%,
08-08-2024,CMP-GOOG-01,514.05,34596,593,1.71%,0.87
08-08-2024,CMP-GOOG-02,505.25,30055,956,3.18%,0.53
08-08-2024,CMP-EML-01,43.17,3214,84,2.61%,0.51
08-08-2024,CMP-AFF-01,147.13,7665,231,3.01%,0.64
08-08-2024,CMP-ORG-00,0,1138,41,3.60%,
09-08-2024,CMP-META-01,576.01,34286,1076,3.14%,0.54
09-08-2024,CMP-META-02,351.09,23717,414,1.75%,0.85
09-08-2024,CMP-GOOG-01,617.05,31037,1167,3.76%,0.53
09-08-2024,CMP-GOOG-02,539.65,35322,908,2.57%,0.59
09-08-2024,CMP-EML-01,65.64,5032,130,2.58%,0.5
09-08-2024,CMP-AFF-01,157.51,9051,259,2.86%,0.61
09-08-2024,CMP-ORG-00,0,873,34,3.89%,
10-08-2024,CMP-META-01,576.18,36298,1376,3.79%,0.42
10-08-2024,CMP-META-02,632.59,44574,1392,3.12%,0.45
10-08-2024,CMP-GOOG-01,0,39511,1361,3.44%,
10-08-2024,CMP-GOOG-02,422.17,0,473,0.00%,0.89
10-08-2024,CMP-EML-01,42.55,2369,64,2.70%,0.66
10-08-2024,CMP-AFF-01,192.91,14842,412,2.78%,0.47
10-08-2024,CMP-ORG-00,0,671,13,1.94%,
11-08-2024,CMP-META-01,613.37,33628,577,1.72%,1.06
11-08-2024,CMP-META-02,711.82,50017,1862,3.72%,0.38
11-08-2024,CMP-GOOG-01,561.34,24545,902,3.67%,0.62
11-08-2024,CMP-GOOG-02,634.44,27365,873,3.19%,0.73
11-08-2024,CMP-EML-01,60.04,3655,115,3.15%,0.52
11-08-2024,CMP-AFF-01,173.54,7005,144,2.06%,1.21
11-08-2024,CMP-ORG-00,0,1432,27,1.89%,
12-08-2024,CMP-META-01,285.72,17561,476,2.71%,0.6
12-08-2024,CMP-META-02,505.8,29459,1048,3.56%,0.48
12-08-2024,CMP-GOOG-01,653.31,51149,1515,2.96%,0.43
12-08-2024,CMP-GOOG-02,647.5,49251,1142,2.32%,0.57
12-08-2024,CMP-EML-01,77.45,5545,182,3.28%,0.43
12-08-2024,CMP-AFF-01,115.6,7156,115,1.61%,1.01
12-08-2024,CMP-ORG-00,0,1456,45,3.09%,
13-08-2024,CMP-META-01,306.66,24129,893,3.70%,0.34
13-08-2024,CMP-META-02,543.81,31996,1157,3.62%,0.47
13-08-2024,CMP-GOOG-01,604.03,40019,1510,3.77%,0.4
13-08-2024,CMP-GOOG-02,587.31,23911,367,1.53%,1.6
13-08-2024,CMP-EML-01,49.57,2837,83,2.93%,0.6
13-08-2024,CMP-AFF-01,145.35,8333,132,1.58%,1.1
13-08-2024,CMP-ORG-00,0,774,28,3.62%,
14-08-2024,CMP-META-01,310.32,19869,441,2.22%,0.7
14-08-2024,CMP-META-02,515.69,24198,794,3.28%,0.65
14-08-2024,CMP-GOOG-01,320,22459,785,3.50%,0.41
14-08-2024,CMP-GOOG-02,711.37,29819,1068,3.58%,0.67
14-08-2024,CMP-EML-01,32.58,2495,86,3.45%,0.38
14-08-2024,CMP-AFF-01,150.36,11130,416,3.74%,0.36
14-08-2024,CMP-ORG-00,0,1177,28,2.38%,
15-08-2024,CMP-META-01,327.25,0,378,0.00%,0.87
15-08-2024,CMP-META-02,643.43,38937,952,2.44%,0.68
15-08-2024,CMP-GOOG-01,691.92,38951,1130,2.90%,0.61
15-08-2024,CMP-GOOG-02,784.23,47581,1517,3.19%,0.52
15-08-2024,CMP-EML-01,45.83,3391,132,3.89%,0.35
15-08-2024,CMP-AFF-01,0,7383,242,3.28%,
15-08-2024,CMP-ORG-00,0,851,29,3.41%,
16-08-2024,CMP-META-01,534.99,36226,1063,2.93%,0.5
16-08-2024,CMP-META-02,284.29,13705,383,2.79%,0.74
16-08-2024,CMP-GOOG-01,346.42,24281,513,2.11%,0.68
16-08-2024,CMP-GOOG-02,530.87,36087,1334,3.70%,0.4
16-08-2024,CMP-EML-01,40.39,1873,33,1.76%,1.22
16-08-2024,CMP-AFF-01,156.98,7920,294,3.71%,0.53
16-08-2024,CMP-ORG-00,0,961,20,2.08%,
17-08-2024,CMP-META-02,586.87,37707,1219,3.23%,0.48
17-08-2024,CMP-GOOG-01,606.22,36915,1351,3.66%,0.45
17-08-2024,CMP-GOOG-02,694.33,27986,1002,3.58%,0.69
17-08-2024,CMP-EML-01,55.77,4225,128,3.03%,0.44
17-08-2024,CMP-AFF-01,92.26,4996,80,1.60%,1.15
17-08-2024,CMP-ORG-00,0,1125,42,3.73%,
18-08-2024,CMP-META-01,331.93,15337,403,2.63%,0.82
18-08-2024,CMP-META-02,677.81,51763,2006,3.88%,0.34
18-08-2024,CMP-GOOG-01,328.04,25343,538,2.12%,0.61
18-08-2024,CMP-GOOG-02,491.57,34927,608,1.74%,0.81
18-08-2024,CMP-EML-01,65.12,4225,147,3.48%,0.44
18-08-2024,CMP-AFF-01,124.36,7649,243,3.18%,0.51
18-08-2024,CMP-ORG-00,0,1397,55,3.94%,
19-08-2024,CMP-META-01,437.4,19230,435,2.26%,1.01
19-08-2024,CMP-META-02,548.16,23242,893,3.84%,0.61
19-08-2024,CMP-GOOG-01,815.22,58590,1357,2.32%,0.6
19-08-2024,CMP-GOOG-02,842.84,52103,2016,3.87%,0.42
19-08-2024,CMP-EML-01,41.18,3242,106,3.27%,0.39
19-08-2024,CMP-AFF-01,0,5712,206,3.61%,
19-08-2024,CMP-ORG-00,0,1146,30,2.62%,
20-08-2024,CMP-META-01,728.02,48726,1188,2.44%,0.61
20-08-2024,CMP-META-02,425.23,24910,577,2.32%,0.74
20-08-2024,CMP-GOOG-01,506.91,35711,1376,3.85%,0.37
20-08-2024,CMP-GOOG-02,731.72,55499,1724,3.11%,0.42
20-08-2024,CMP-EML-01,41.08,1773,58,3.27%,0.71
20-08-2024,CMP-AFF-01,219.66,14967,299,2.00%,0.73
20-08-2024,CMP-ORG-00,0,1401,56,4.00%,
21-08-2024,CMP-META-01,705.14,54552,2035,3.73%,0.35
21-08-2024,CMP-META-02,569.94,23698,822,3.47%,0.69
21-08-2024,CMP-GOOG-01,750.49,35446,833,2.35%,0.9
21-08-2024,CMP-GOOG-02,787.86,60451,1652,2.73%,0.48
21-08-2024,CMP-EML-01,38.03,2539,67,2.64%,0.57
21-08-2024,CMP-AFF-01,81.58,4202,91,2.17%,0.9
21-08-2024,CMP-ORG-00,0,693,17,2.45%,
22-08-2024,CMP-META-01,603.09,45700,1679,3.67%,0.36
22-08-2024,CMP-META-02,254.76,16812,559,3.33%,0.46
22-08-2024,CMP-GOOG-01,841.26,41379,686,1.66%,1.23
22-08-2024,CMP-GOOG-02,525.87,26942,628,2.33%,0.84
22-08-2024,CMP-EML-01,32.21,2120,59,2.78%,0.55
22-08-2024,CMP-AFF-01,159.3,12475,346,2.77%,0.46
22-08-2024,CMP-ORG-00,0,620,22,3.55%,
23-08-2024,CMP-META-01,521.69,28495,874,3.07%,0.6
23-08-2024,CMP-META-02,0,49172,994,2.02%,
23-08-2024,CMP-GOOG-01,328.67,13294,271,2.04%,1.21
23-08-2024,CMP-EML-01,30.5,1287,22,1.71%,1.39
23-08-2024,CMP-AFF-01,93.64,4552,130,2.86%,0.72
23-08-2024,CMP-ORG-00,0,1414,41,2.90%,
24-08-2024,CMP-META-01,458.76,18706,601,3.21%,0.76
24-08-2024,CMP-META-02,0,31722,1225,3.86%,
24-08-2024,CMP-GOOG-01,318.28,20681,752,3.64%,0.42
24-08-2024,CMP-GOOG-02,591.55,38044,988,2.60%,0.6
24-08-2024,CMP-EML-01,50.31,3907,60,1.54%,0.84
24-08-2024,CMP-AFF-01,108.17,7901,252,3.19%,0.43
24-08-2024,CMP-ORG-00,0,769,13,1.69%,
25-08-2024,CMP-META-02,259.62,13033,379,2.91%,0.69
25-08-2024,CMP-GOOG-01,797.93,41183,643,1.56%,1.24
25-08-2024,CMP-GOOG-02,371.09,17883,323,1.81%,1.15
25-08-2024,CMP-EML-01,52.32,3568,64,1.79%,0.82
25-08-2024,CMP-ORG-00,0,0,28,0.00%,
26-08-2024,CMP-META-01,691.48,53508,1928,3.60%,0.36
26-08-2024,CMP-META-02,552.88,31793,801,2.52%,0.69
26-08-2024,CMP-GOOG-01,770.28,43110,1146,2.66%,0.67
26-08-2024,CMP-GOOG-02,418.69,30956,705,2.28%,0.59
26-08-2024,CMP-EML-01,0,2683,50,1.86%,
26-08-2024,CMP-AFF-01,89.51,3590,71,1.98%,1.26
26-08-2024,CMP-ORG-00,0,914,24,2.63%,
27-08-2024,CMP-META-01,644.65,32082,1164,3.63%,0.55
27-08-2024,CMP-META-02,505.03,23908,729,3.05%,0.69
27-08-2024,CMP-GOOG-01,561.26,34360,961,2.80%,0.58
27-08-2024,CMP-GOOG-02,362.83,22016,479,2.18%,0.76
27-08-2024,CMP-EML-01,45.93,2317,49,2.11%,0.94
27-08-2024,CMP-AFF-01,203.06,8126,263,3.24%,0.77
27-08-2024,CMP-ORG-00,0,1085,18,1.66%,
28-08-2024,CMP-META-01,265.92,17347,299,1.72%,0.89
28-08-2024,CMP-META-02,257.25,12970,313,2.41%,0.82
28-08-2024,CMP-GOOG-01,0,29135,1009,3.46%,
28-08-2024,CMP-GOOG-02,498.56,31946,539,1.69%,0.92
28-08-2024,CMP-EML-01,78.15,3409,90,2.64%,0.87
28-08-2024,CMP-AFF-01,137.26,7043,222,3.15%,0.62
28-08-2024,CMP-ORG-00,0,579,16,2.76%,
29-08-2024,CMP-META-01,507.2,20592,609,2.96%,0.83
29-08-2024,CMP-META-02,532.12,25624,975,3.81%,0.55
29-08-2024,CMP-GOOG-01,369.89,17291,632,3.66%,0.59
29-08-2024,CMP-GOOG-02,485.51,37588,877,2.33%,0.55
29-08-2024,CMP-EML-01,55.35,4236,150,3.54%,0.37
29-08-2024,CMP-AFF-01,213.75,16783,295,1.76%,0.72
29-08-2024,CMP-ORG-00,0,817,23,2.82%,
30-08-2024,CMP-META-01,602.34,47813,1217,2.55%,0.49
30-08-2024,CMP-META-02,543.32,36836,916,2.49%,0.59
30-08-2024,CMP-GOOG-01,804.33,50928,1353,2.66%,0.59
30-08-2024,CMP-GOOG-02,647.51,48884,1151,2.35%,0.56
30-08-2024,CMP-EML-01,73.26,4474,103,2.30%,0.71
30-08-2024,CMP-AFF-01,190.35,14382,285,1.98%,0.67
30-08-2024,CMP-ORG-00,0,1453,33,2.27%,
31-08-2024,CMP-META-01,648.75,40934,1286,3.14%,0.5
31-08-2024,CMP-META-02,572.98,36443,692,1.90%,0.83
31-08-2024,CMP-GOOG-01,306.81,15228,461,3.03%,0.67
31-08-2024,CMP-GOOG-02,313.41,23896,580,2.43%,0.54
31-08-2024,CMP-EML-01,0,5163,125,2.42%,
31-08-2024,CMP-AFF-01,217.89,13476,273,2.03%,0.8
31-08-2024,CMP-ORG-00,0,1133,45,3.97%,
01-09-2024,CMP-META-01,689.79,37064,587,1.58%,1.18
01-09-2024,CMP-META-02,635.65,50116,1274,2.54%,0.5
01-09-2024,CMP-GOOG-01,697.31,45827,1515,3.31%,0.46
01-09-2024,CMP-EML-01,36.23,2749,45,1.64%,0.81
01-09-2024,CMP-AFF-01,127.52,5786,131,2.26%,0.97
01-09-2024,CMP-ORG-00,0,1416,38,2.68%,
02-09-2024,CMP-META-01,450.95,34868,1347,3.86%,0.33
02-09-2024,CMP-META-02,544.01,34307,645,1.88%,0.84
02-09-2024,CMP-GOOG-01,548.45,26623,668,2.51%,0.82
02-09-2024,CMP-GOOG-02,441.45,22446,395,1.76%,1.12
02-09-2024,CMP-EML-01,48.4,3561,116,3.26%,0.42
02-09-2024,CMP-AFF-01,187,8938,356,3.98%,0.53
02-09-2024,CMP-ORG-00,0,1060,17,1.60%,
03-09-2024,CMP-META-01,644.53,27181,442,1.63%,1.46
03-09-2024,CMP-META-02,486.07,20486,328,1.60%,1.48
03-09-2024,CMP-GOOG-01,482.49,28936,1031,3.56%,0.47
03-09-2024,CMP-GOOG-02,624.43,42671,1641,3.85%,0.38
03-09-2024,CMP-EML-01,0,3145,105,3.34%,
03-09-2024,CMP-AFF-01,0,5903,183,3.10%,
03-09-2024,CMP-ORG-00,0,885,30,3.39%,
04-09-2024,CMP-META-01,649.61,38030,1093,2.87%,0.59
04-09-2024,CMP-META-02,374.8,19001,399,2.10%,0.94
04-09-2024,CMP-GOOG-01,547.94,42132,1520,3.61%,0.36
04-09-2024,CMP-GOOG-02,603.31,47210,870,1.84%,0.69
04-09-2024,CMP-EML-01,62,4510,161,3.57%,0.39
04-09-2024,CMP-AFF-01,176.21,7160,123,1.72%,1.43
04-09-2024,CMP-ORG-00,0,801,19,2.37%,
05-09-2024,CMP-META-01,721.77,42801,1201,2.81%,0.6
05-09-2024,CMP-META-02,668.69,43286,1550,3.58%,0.43
05-09-2024,CMP-GOOG-01,617.09,29587,452,1.53%,1.37
05-09-2024,CMP-GOOG-02,381.65,20656,716,3.47%,0.53
05-09-2024,CMP-EML-01,39.44,2897,50,1.73%,0.79
05-09-2024,CMP-AFF-01,0,8541,310,3.63%,
05-09-2024,CMP-ORG-00,0,658,18,2.74%,
06-09-2024,CMP-META-01,612.5,41651,698,1.68%,0.88
06-09-2024,CMP-META-02,301.11,15577,518,3.33%,0.58
06-09-2024,CMP-GOOG-01,0,49918,926,1.86%,
06-09-2024,CMP-GOOG-02,683.66,48357,1214,2.51%,0.56
06-09-2024,CMP-EML-01,45.35,1839,30,1.63%,1.51
06-09-2024,CMP-AFF-01,139.96,7032,139,1.98%,1.01
06-09-2024,CMP-ORG-00,0,838,24,2.86%,
07-09-2024,CMP-META-01,436.06,24174,492,2.04%,0.89
07-09-2024,CMP-META-02,592.53,34951,782,2.24%,0.76
07-09-2024,CMP-GOOG-01,361.41,24629,371,1.51%,0.97
07-09-2024,CMP-GOOG-02,848.54,60608,1460,2.41%,0.58
07-09-2024,CMP-EML-01,58.07,4134,66,1.60%,0.88
07-09-2024,CMP-AFF-01,183.83,13565,286,2.11%,0.64
07-09-2024,CMP-ORG-00,0,820,32,3.90%,
08-09-2024,CMP-META-01,410.46,26967,964,3.57%,0.43
08-09-2024,CMP-META-02,685.45,40605,1211,2.98%,0.57
08-09-2024,CMP-GOOG-01,630.92,48271,813,1.68%,0.78
08-09-2024,CMP-GOOG-02,832.92,64483,1395,2.16%,0.6
08-09-2024,CMP-EML-01,56.54,3893,87,2.23%,0.65
08-09-2024,CMP-AFF-01,115.92,6928,245,3.54%,0.47
08-09-2024,CMP-ORG-00,0,748,24,3.21%,
09-09-2024,CMP-META-01,375.93,21653,522,2.41%,0.72
09-09-2024,CMP-META-02,570.04,27327,916,3.35%,0.62
09-09-2024,CMP-GOOG-01,798.1,56766,1112,1.96%,0.72
09-09-2024,CMP-GOOG-02,394.83,29114,672,2.31%,0.59
09-09-2024,CMP-EML-01,51.14,3179,52,1.64%,0.98
09-09-2024,CMP-AFF-01,137.74,10022,352,3.51%,0.39
09-09-2024,CMP-ORG-00,0,1316,38,2.89%,
10-09-2024,CMP-META-01,434.37,18761,489,2.61%,0.89
10-09-2024,CMP-META-02,560.08,28680,463,1.61%,1.21
10-09-2024,CMP-GOOG-01,621.92,40951,1026,2.51%,0.61
10-09-2024,CMP-GOOG-02,362.04,23028,909,3.95%,0.4
10-09-2024,CMP-EML-01,54.26,4012,130,3.24%,0.42
10-09-2024,CMP-AFF-01,107.02,6244,167,2.67%,0.64
10-09-2024,CMP-ORG-00,0,1473,27,1.83%,
11-09-2024,CMP-META-01,284.38,17433,358,2.05%,0.79
11-09-2024,CMP-META-02,659.44,33299,781,2.35%,0.84
11-09-2024,CMP-GOOG-01,806.22,54514,1174,2.15%,0.69
11-09-2024,CMP-GOOG-02,453.48,20491,337,1.64%,1.35
11-09-2024,CMP-EML-01,71.74,5076,162,3.19%,0.44
11-09-2024,CMP-AFF-01,126.65,9346,147,1.57%,0.86
11-09-2024,CMP-ORG-00,0,717,26,3.63%,
12-09-2024,CMP-META-01,628.07,49466,944,1.91%,0.67
12-09-2024,CMP-META-02,579.99,38937,1162,2.98%,0.5
12-09-2024,CMP-GOOG-02,492.48,25777,573,2.22%,0.86
12-09-2024,CMP-EML-01,55.45,2436,55,2.26%,1.01
12-09-2024,CMP-ORG-00,0,1128,32,2.84%,
13-09-2024,CMP-META-01,320.87,25309,649,2.56%,0.49
13-09-2024,CMP-META-02,603.31,39270,957,2.44%,0.63
13-09-2024,CMP-GOOG-01,339.59,18862,441,2.34%,0.77
13-09-2024,CMP-GOOG-02,451.05,35219,1124,3.19%,0.4
13-09-2024,CMP-EML-01,68.51,4998,154,3.08%,0.44
13-09-2024,CMP-AFF-01,189.88,13764,278,2.02%,0.68
13-09-2024,CMP-ORG-00,0,1471,29,1.97%,
14-09-2024,CMP-META-01,670.72,27049,407,1.50%,1.65
14-09-2024,CMP-META-02,306.43,16050,485,3.02%,0.63
14-09-2024,CMP-GOOG-01,654.68,49525,1056,2.13%,0.62
14-09-2024,CMP-GOOG-02,0,17978,272,1.51%,
14-09-2024,CMP-EML-01,78.47,3486,137,3.93%,0.57
14-09-2024,CMP-AFF-01,0,7237,125,1.73%,
14-09-2024,CMP-ORG-00,0,567,10,1.76%,
15-09-2024,CMP-META-01,367.7,26477,827,3.12%,0.44
15-09-2024,CMP-META-02,638.92,50790,1477,2.91%,0.43
15-09-2024,CMP-GOOG-01,686.61,35482,829,2.34%,0.83
15-09-2024,CMP-GOOG-02,685.76,48123,1481,3.08%,0.46
15-09-2024,CMP-EML-01,47.69,2239,79,3.53%,0.6
15-09-2024,CMP-AFF-01,171.91,10238,244,2.38%,0.7
15-09-2024,CMP-ORG-00,0,518,9,1.74%,
16-09-2024,CMP-META-01,339.81,18847,437,2.32%,0.78
16-09-2024,CMP-META-02,702.11,42300,1091,2.58%,0.64
16-09-2024,CMP-GOOG-01,480.25,35836,706,1.97%,0.68
16-09-2024,CMP-GOOG-02,440.49,19520,374,1.92%,1.18
16-09-2024,CMP-EML-01,36,2210,59,2.67%,0.61
16-09-2024,CMP-AFF-01,210,9662,241,2.49%,0.87
16-09-2024,CMP-ORG-00,0,936,25,2.67%,
17-09-2024,CMP-META-01,681.55,51321,1896,3.69%,0.36
17-09-2024,CMP-GOOG-01,687.46,46225,1203,2.60%,0.57
17-09-2024,CMP-GOOG-02,831.8,53598,1207,2.25%,0.69
17-09-2024,CMP-AFF-01,112.36,7811,209,2.68%,0.54
17-09-2024,CMP-ORG-00,0,627,12,1.91%,
18-09-2024,CMP-META-01,691.89,43956,1565,3.56%,0.44
18-09-2024,CMP-META-02,290.17,20180,781,3.87%,0.37
18-09-2024,CMP-GOOG-01,338.5,20191,319,1.58%,1.06
18-09-2024,CMP-GOOG-02,747.51,30810,866,2.81%,0.86
18-09-2024,CMP-EML-01,77.9,4558,174,3.82%,0.45
18-09-2024,CMP-AFF-01,154.56,7982,301,3.77%,0.51
18-09-2024,CMP-ORG-00,0,1322,31,2.34%,
19-09-2024,CMP-META-01,730.92,54413,1350,2.48%,0.54
19-09-2024,CMP-META-02,0,44828,877,1.96%,
19-09-2024,CMP-GOOG-01,574.27,29509,1085,3.68%,0.53
19-09-2024,CMP-GOOG-02,572.74,39968,1244,3.11%,0.46
19-09-2024,CMP-EML-01,71.1,4458,129,2.89%,0.55
19-09-2024,CMP-AFF-01,108.48,5329,136,2.55%,0.8
19-09-2024,CMP-ORG-00,0,1416,26,1.84%,
20-09-2024,CMP-META-01,362.07,0,1032,0.00%,0.35
20-09-2024,CMP-META-02,633.75,28694,766,2.67%,0.83
20-09-2024,CMP-GOOG-01,620.7,36017,574,1.59%,1.08
20-09-2024,CMP-GOOG-02,815.64,35364,1058,2.99%,0.77
20-09-2024,CMP-EML-01,51.64,2634,52,1.97%,0.99
20-09-2024,CMP-AFF-01,139.15,5755,161,2.80%,0.86
20-09-2024,CMP-ORG-00,0,509,16,3.14%,
21-09-2024,CMP-META-01,430.49,33169,1229,3.71%,0.35
21-09-2024,CMP-META-02,631.67,48330,1669,3.45%,0.38
21-09-2024,CMP-GOOG-01,618.08,41650,731,1.76%,0.85
21-09-2024,CMP-GOOG-02,378.88,21352,676,3.17%,0.56
21-09-2024,CMP-EML-01,59.88,2823,48,1.70%,1.25
21-09-2024,CMP-AFF-01,150.44,10096,207,2.05%,0.73
21-09-2024,CMP-ORG-00,0,737,21,2.85%,
22-09-2024,CMP-META-02,559.99,37080,705,1.90%,0.79
22-09-2024,CMP-GOOG-01,700.91,0,1110,0.00%,0.63
22-09-2024,CMP-GOOG-02,535.32,36631,1175,3.21%,0.46
22-09-2024,CMP-EML-01,71.19,4661,169,3.63%,0.42
22-09-2024,CMP-AFF-01,114.76,8800,325,3.69%,0.35
22-09-2024,CMP-ORG-00,0,1348,53,3.93%,
23-09-2024,CMP-META-01,619.25,30361,772,2.54%,0.8
23-09-2024,CMP-META-02,524.69,29823,965,3.24%,0.54
23-09-2024,CMP-GOOG-01,665.13,33397,778,2.33%,0.85
23-09-2024,CMP-GOOG-02,827.92,50399,1304,2.59%,0.63
23-09-2024,CMP-EML-01,0,2181,56,2.57%,
23-09-2024,CMP-AFF-01,120.86,8121,237,2.92%,0.51
23-09-2024,CMP-ORG-00,0,1105,31,2.81%,
24-09-2024,CMP-META-01,732.27,29747,1149,3.86%,0.64
24-09-2024,CMP-META-02,310.22,24127,367,1.52%,0.85
24-09-2024,CMP-GOOG-01,824.78,36716,1291,3.52%,0.64
24-09-2024,CMP-GOOG-02,383.11,28355,459,1.62%,0.83
24-09-2024,CMP-EML-01,46.25,3244,65,2.00%,0.71
24-09-2024,CMP-AFF-01,93.7,4547,162,3.56%,0.58
24-09-2024,CMP-ORG-00,0,1499,38,2.54%,
25-09-2024,CMP-META-01,421.14,25140,809,3.22%,0.52
25-09-2024,CMP-META-02,603.37,29211,778,2.66%,0.78
25-09-2024,CMP-GOOG-01,534.04,38777,1218,3.14%,0.44
25-09-2024,CMP-GOOG-02,303.06,13991,511,3.65%,0.59
25-09-2024,CMP-EML-01,42.51,2400,59,2.46%,0.72
25-09-2024,CMP-AFF-01,142.14,8885,244,2.75%,0.58
25-09-2024,CMP-ORG-00,0,1235,24,1.94%,
26-09-2024,CMP-META-01,547.69,29147,685,2.35%,0.8
26-09-2024,CMP-META-02,306.06,21302,555,2.61%,0.55
26-09-2024,CMP-GOOG-01,424.47,19791,595,3.01%,0.71
26-09-2024,CMP-GOOG-02,405.7,31232,1211,3.88%,0.34
26-09-2024,CMP-EML-01,53.31,3842,145,3.77%,0.37
26-09-2024,CMP-AFF-01,150,8143,223,2.74%,0.67
26-09-2024,CMP-ORG-00,0,1284,23,1.79%,
27-09-2024,CMP-META-01,347.53,0,525,0.00%,0.66
27-09-2024,CMP-META-02,479.3,21948,612,2.79%,0.78
27-09-2024,CMP-GOOG-01,725.51,35809,1294,3.61%,0.56
27-09-2024,CMP-GOOG-02,0,31582,700,2.22%,
27-09-2024,CMP-EML-01,46.69,2540,67,2.64%,0.7
27-09-2024,CMP-AFF-01,117.79,5353,167,3.12%,0.71
27-09-2024,CMP-ORG-00,0,1061,19,1.79%,
28-09-2024,CMP-META-01,476.08,36901,802,2.17%,0.59
28-09-2024,CMP-META-02,386.8,15957,540,3.38%,0.72
28-09-2024,CMP-GOOG-01,587.39,40773,1389,3.41%,0.42
28-09-2024,CMP-GOOG-02,811.69,49832,1420,2.85%,0.57
28-09-2024,CMP-EML-01,34.24,2212,65,2.94%,0.53
28-09-2024,CMP-AFF-01,115.66,4684,178,3.80%,0.65
28-09-2024,CMP-ORG-00,0,949,24,2.53%,
29-09-2024,CMP-META-01,0,23132,643,2.78%,
29-09-2024,CMP-META-02,649.42,37899,1393,3.68%,0.47
29-09-2024,CMP-GOOG-01,0,15757,281,1.78%,
29-09-2024,CMP-GOOG-02,768.45,53064,1783,3.36%,0.43
29-09-2024,CMP-EML-01,37.41,2238,86,3.84%,0.44
29-09-2024,CMP-AFF-01,147.01,8046,146,1.81%,1.01
29-09-2024,CMP-ORG-00,0,1224,46,3.76%,
30-09-2024,CMP-META-01,714.04,42902,1316,3.07%,0.54
30-09-2024,CMP-META-02,692.42,28356,443,1.56%,1.56
30-09-2024,CMP-GOOG-01,739.84,51640,1543,2.99%,0.48
30-09-2024,CMP-GOOG-02,611.44,32976,926,2.81%,0.66
30-09-2024,CMP-EML-01,51.8,2234,67,3.00%,0.77
30-09-2024,CMP-AFF-01,213.62,9891,313,3.16%,0.68
30-09-2024,CMP-ORG-00,0,1037,15,1.45%,
01-10-2024,CMP-META-01,728.03,46736,1323,2.83%,0.55
01-10-2024,CMP-META-02,399.81,28496,917,3.22%,0.44
01-10-2024,CMP-GOOG-01,616.93,40681,1053,2.59%,0.59
01-10-2024,CMP-EML-01,31.7,2156,79,3.66%,0.4
01-10-2024,CMP-AFF-01,130.14,5952,198,3.33%,0.66
01-10-2024,CMP-ORG-00,0,1034,20,1.93%,
02-10-2024,CMP-META-01,321.02,12898,252,1.95%,1.27
02-10-2024,CMP-META-02,373.14,27757,885,3.19%,0.42
02-10-2024,CMP-GOOG-01,495.58,23212,800,3.45%,0.62
02-10-2024,CMP-GOOG-02,604.09,29918,660,2.21%,0.92
02-10-2024,CMP-EML-01,62.88,4770,85,1.78%,0.74
02-10-2024,CMP-AFF-01,125.56,7572,245,3.24%,0.51
02-10-2024,CMP-ORG-00,0,1010,33,3.27%,
03-10-2024,CMP-META-01,551.04,33234,532,1.60%,1.04
03-10-2024,CMP-META-02,374.49,21601,754,3.49%,0.5
03-10-2024,CMP-GOOG-01,599.6,29044,752,2.59%,0.8
03-10-2024,CMP-GOOG-02,345.21,24229,511,2.11%,0.68
03-10-2024,CMP-EML-01,62.82,4523,126,2.79%,0.5
03-10-2024,CMP-AFF-01,161.01,6839,159,2.32%,1.01
03-10-2024,CMP-ORG-00,0,952,35,3.68%,
04-10-2024,CMP-META-01,396.89,19259,675,3.50%,0.59
04-10-2024,CMP-META-02,715.24,29553,934,3.16%,0.77
04-10-2024,CMP-GOOG-01,336.27,15847,608,3.84%,0.55
04-10-2024,CMP-GOOG-02,586.67,40714,767,1.88%,0.76
04-10-2024,CMP-EML-01,66.6,4461,114,2.56%,0.58
04-10-2024,CMP-AFF-01,131.5,9811,155,1.58%,0.85
04-10-2024,CMP-ORG-00,0,1199,34,2.84%,
05-10-2024,CMP-META-01,622.08,33179,804,2.42%,0.77
05-10-2024,CMP-META-02,485.72,20475,320,1.56%,1.52
05-10-2024,CMP-GOOG-01,840.76,48356,1488,3.08%,0.57
05-10-2024,CMP-GOOG-02,826.57,38547,729,1.89%,1.13
05-10-2024,CMP-EML-01,0,3042,82,2.70%,
05-10-2024,CMP-AFF-01,133.5,10163,214,2.11%,0.62
05-10-2024,CMP-ORG-00,0,1388,51,3.67%,
06-10-2024,CMP-META-01,708.79,33504,1194,3.56%,0.59
06-10-2024,CMP-META-02,385.4,24772,529,2.14%,0.73
06-10-2024,CMP-GOOG-01,840.64,36312,1305,3.59%,0.64
06-10-2024,CMP-GOOG-02,483.24,23138,513,2.22%,0.94
06-10-2024,CMP-EML-01,33.8,2111,32,1.52%,1.06
06-10-2024,CMP-AFF-01,200.33,14258,458,3.21%,0.44
06-10-2024,CMP-ORG-00,0,1211,31,2.56%,
07-10-2024,CMP-META-01,731.16,57669,1450,2.51%,0.5
07-10-2024,CMP-META-02,409.85,23071,641,2.78%,0.64
07-10-2024,CMP-GOOG-01,519.2,25086,916,3.65%,0.57
07-10-2024,CMP-GOOG-02,0,30301,565,1.86%,
07-10-2024,CMP-EML-01,41.69,2692,103,3.83%,0.4
07-10-2024,CMP-AFF-01,85.05,6254,130,2.08%,0.65
07-10-2024,CMP-ORG-00,0,1312,49,3.73%,
08-10-2024,CMP-META-01,565.54,33838,765,2.26%,0.74
08-10-2024,CMP-META-02,430.85,33728,1220,3.62%,0.35
08-10-2024,CMP-GOOG-01,821.74,40783,820,2.01%,1
08-10-2024,CMP-GOOG-02,623.31,47121,906,1.92%,0.69
08-10-2024,CMP-EML-01,77.44,3602,67,1.86%,1.16
08-10-2024,CMP-AFF-01,163.54,12683,372,2.93%,0.44
08-10-2024,CMP-ORG-00,0,568,21,3.70%,
09-10-2024,CMP-META-01,721.17,37561,1161,3.09%,0.62
09-10-2024,CMP-META-02,410.26,32204,1074,3.33%,0.38
09-10-2024,CMP-GOOG-01,599.89,38609,1053,2.73%,0.57
09-10-2024,CMP-GOOG-02,691.37,51345,899,1.75%,0.77
09-10-2024,CMP-EML-01,69.41,4455,172,3.86%,0.4
09-10-2024,CMP-AFF-01,86.29,4773,90,1.89%,0.96
09-10-2024,CMP-ORG-00,0,1296,25,1.93%,
10-10-2024,CMP-META-01,308.06,19605,369,1.88%,0.83
10-10-2024,CMP-META-02,336.02,23818,805,3.38%,0.42
10-10-2024,CMP-GOOG-01,333.16,24580,418,1.70%,0.8
10-10-2024,CMP-EML-01,36.39,2006,40,1.99%,0.91
10-10-2024,CMP-AFF-01,176,8885,230,2.59%,0.77
10-10-2024,CMP-ORG-00,0,1127,22,1.95%,
11-10-2024,CMP-META-01,0,21293,537,2.52%,
11-10-2024,CMP-META-02,554.8,22722,391,1.72%,1.42
11-10-2024,CMP-GOOG-01,790.68,51959,1256,2.42%,0.63
11-10-2024,CMP-GOOG-02,0,38389,795,2.07%,
11-10-2024,CMP-EML-01,68.08,4290,141,3.29%,0.48
11-10-2024,CMP-AFF-01,111.97,8734,197,2.26%,0.57
11-10-2024,CMP-ORG-00,0,1142,21,1.84%,
12-10-2024,CMP-META-01,511.77,30816,921,2.99%,0.56
12-10-2024,CMP-META-02,405.34,23095,668,2.89%,0.61
12-10-2024,CMP-GOOG-01,628.63,38930,755,1.94%,0.83
12-10-2024,CMP-GOOG-02,724.98,39790,885,2.22%,0.82
12-10-2024,CMP-EML-01,0,4355,80,1.84%,
12-10-2024,CMP-AFF-01,188.69,12285,431,3.51%,0.44
12-10-2024,CMP-ORG-00,0,1075,40,3.72%,
13-10-2024,CMP-META-01,651.67,49243,1963,3.99%,0.33
13-10-2024,CMP-META-02,547.9,29197,1164,3.99%,0.47
13-10-2024,CMP-GOOG-01,331.65,0,481,0.00%,0.69
13-10-2024,CMP-GOOG-02,651.11,26491,612,2.31%,1.06
13-10-2024,CMP-EML-01,40.41,2695,73,2.71%,0.55
13-10-2024,CMP-AFF-01,184.66,12146,479,3.94%,0.39
13-10-2024,CMP-ORG-00,0,677,13,1.92%,
14-10-2024,CMP-META-01,480.34,37640,1463,3.89%,0.33
14-10-2024,CMP-META-02,427.64,24151,621,2.57%,0.69
14-10-2024,CMP-GOOG-01,729.07,38586,1229,3.19%,0.59
14-10-2024,CMP-GOOG-02,407.58,25333,876,3.46%,0.47
14-10-2024,CMP-EML-01,74.3,5027,198,3.94%,0.38
14-10-2024,CMP-AFF-01,168.82,9752,345,3.54%,0.49
14-10-2024,CMP-ORG-00,0,1261,48,3.81%,
15-10-2024,CMP-META-01,381.88,25437,823,3.24%,0.46
15-10-2024,CMP-META-02,725.47,40152,827,2.06%,0.88
15-10-2024,CMP-GOOG-01,750.49,57830,1622,2.80%,0.46
15-10-2024,CMP-GOOG-02,430.6,25521,943,3.69%,0.46
15-10-2024,CMP-EML-01,46.95,2120,60,2.83%,0.78
15-10-2024,CMP-AFF-01,133.99,8159,148,1.81%,0.91
15-10-2024,CMP-ORG-00,0,611,13,2.13%,
16-10-2024,CMP-META-01,593.28,38581,1487,3.85%,0.4
16-10-2024,CMP-META-02,484.65,34943,656,1.88%,0.74
16-10-2024,CMP-GOOG-01,336.55,26654,933,3.50%,0.36
16-10-2024,CMP-GOOG-02,814.64,47606,894,1.88%,0.91
16-10-2024,CMP-EML-01,61.91,3746,65,1.74%,0.95
16-10-2024,CMP-AFF-01,181.9,10813,327,3.02%,0.56
16-10-2024,CMP-ORG-00,0,1399,27,1.93%,
17-10-2024,CMP-META-01,409.16,29705,1112,3.74%,0.37
17-10-2024,CMP-META-02,666.1,27213,446,1.64%,1.49
17-10-2024,CMP-GOOG-01,613.26,25376,589,2.32%,1.04
17-10-2024,CMP-EML-01,42.56,3287,102,3.10%,0.42
17-10-2024,CMP-AFF-01,215.1,10715,297,2.77%,0.72
17-10-2024,CMP-ORG-00,0,1427,32,2.24%,
18-10-2024,CMP-META-01,385.94,19011,501,2.64%,0.77
18-10-2024,CMP-META-02,501.68,28269,1030,3.64%,0.49
18-10-2024,CMP-GOOG-01,599.42,30567,522,1.71%,1.15
18-10-2024,CMP-GOOG-02,383.76,17089,452,2.64%,0.85
18-10-2024,CMP-EML-01,79.98,4783,166,3.47%,0.48
18-10-2024,CMP-AFF-01,190.19,8944,227,2.54%,0.84
18-10-2024,CMP-ORG-00,0,1439,42,2.92%,
19-10-2024,CMP-META-01,666.54,0,1495,0.00%,0.45
19-10-2024,CMP-META-02,0,50517,1172,2.32%,
19-10-2024,CMP-GOOG-01,496.57,25490,383,1.50%,1.3
19-10-2024,CMP-GOOG-02,697.38,33187,929,2.80%,0.75
19-10-2024,CMP-EML-01,52.55,3607,76,2.11%,0.69
19-10-2024,CMP-AFF-01,104.99,5369,102,1.90%,1.03
19-10-2024,CMP-ORG-00,0,839,21,2.50%,
20-10-2024,CMP-META-01,539.64,31741,532,1.68%,1.01
20-10-2024,CMP-META-02,740.73,47990,1322,2.75%,0.56
20-10-2024,CMP-GOOG-01,453.13,25373,810,3.19%,0.56
20-10-2024,CMP-GOOG-02,540.3,28415,871,3.07%,0.62
20-10-2024,CMP-EML-01,67.57,4941,79,1.60%,0.86
20-10-2024,CMP-AFF-01,179.16,7618,124,1.63%,1.44
20-10-2024,CMP-ORG-00,0,1192,42,3.52%,
21-10-2024,CMP-META-01,257.14,13705,275,2.01%,0.94
21-10-2024,CMP-META-02,658.59,32846,875,2.66%,0.75
21-10-2024,CMP-GOOG-01,495.57,21146,616,2.91%,0.8
21-10-2024,CMP-GOOG-02,768.94,32507,1267,3.90%,0.61
21-10-2024,CMP-EML-01,69.84,4922,105,2.13%,0.67
21-10-2024,CMP-AFF-01,112.96,6948,159,2.29%,0.71
21-10-2024,CMP-ORG-00,0,540,17,3.15%,
22-10-2024,CMP-META-01,301.14,16081,599,3.72%,0.5
22-10-2024,CMP-META-02,653.59,32884,563,1.71%,1.16
22-10-2024,CMP-GOOG-01,434.6,25481,1000,3.92%,0.43
22-10-2024,CMP-GOOG-02,418.41,32427,1286,3.97%,0.33
22-10-2024,CMP-EML-01,60.52,4165,134,3.22%,0.45
22-10-2024,CMP-AFF-01,219.68,12161,372,3.06%,0.59
22-10-2024,CMP-ORG-00,0,1306,48,3.68%,
23-10-2024,CMP-META-01,659.99,27990,933,3.33%,0.71
23-10-2024,CMP-META-02,367.98,16893,408,2.42%,0.9
23-10-2024,CMP-GOOG-01,404.28,22494,391,1.74%,1.03
23-10-2024,CMP-GOOG-02,481.46,35714,620,1.74%,0.78
23-10-2024,CMP-EML-01,56.05,2419,76,3.14%,0.74
23-10-2024,CMP-AFF-01,174.76,12466,365,2.93%,0.48
23-10-2024,CMP-ORG-00,0,716,10,1.40%,
24-10-2024,CMP-META-01,485.03,22550,710,3.15%,0.68
24-10-2024,CMP-META-02,728.9,42558,1208,2.84%,0.6
24-10-2024,CMP-GOOG-01,656.55,37580,579,1.54%,1.13
24-10-2024,CMP-GOOG-02,588.48,43165,1038,2.40%,0.57
24-10-2024,CMP-EML-01,61.4,4341,163,3.75%,0.38
24-10-2024,CMP-AFF-01,198.57,10359,169,1.63%,1.17
24-10-2024,CMP-ORG-00,0,682,14,2.05%,
25-10-2024,CMP-META-01,723.19,45912,1473,3.21%,0.49
25-10-2024,CMP-META-02,610.99,24538,539,2.20%,1.13
25-10-2024,CMP-GOOG-01,815.57,0,668,0.00%,1.22
25-10-2024,CMP-GOOG-02,633.93,28262,693,2.45%,0.91
25-10-2024,CMP-EML-01,41.03,2532,49,1.94%,0.84
25-10-2024,CMP-AFF-01,187.94,12101,301,2.49%,0.62
25-10-2024,CMP-ORG-00,0,1066,39,3.66%,
26-10-2024,CMP-META-01,0,47584,1594,3.35%,
26-10-2024,CMP-META-02,379.01,21107,510,2.42%,0.74
26-10-2024,CMP-GOOG-01,669.16,43242,958,2.22%,0.7
26-10-2024,CMP-GOOG-02,423.81,27622,1041,3.77%,0.41
26-10-2024,CMP-EML-01,60.07,3457,105,3.04%,0.57
26-10-2024,CMP-AFF-01,149.73,10250,291,2.84%,0.51
26-10-2024,CMP-ORG-00,0,699,13,1.86%,
27-10-2024,CMP-META-01,0,30101,772,2.56%,
27-10-2024,CMP-META-02,261.97,10850,291,2.68%,0.9
27-10-2024,CMP-GOOG-01,725.68,37710,1369,3.63%,0.53
27-10-2024,CMP-GOOG-02,775.48,45831,958,2.09%,0.81
27-10-2024,CMP-EML-01,49.37,3279,84,2.56%,0.59
27-10-2024,CMP-AFF-01,0,6423,166,2.58%,
27-10-2024,CMP-ORG-00,0,842,22,2.61%,
28-10-2024,CMP-META-01,307.83,14022,549,3.92%,0.56
28-10-2024,CMP-META-02,349.11,23394,889,3.80%,0.39
28-10-2024,CMP-GOOG-01,408.9,16486,262,1.59%,1.56
28-10-2024,CMP-GOOG-02,599.93,29965,1046,3.49%,0.57
28-10-2024,CMP-EML-01,54.4,2954,67,2.27%,0.81
28-10-2024,CMP-AFF-01,152.55,8011,128,1.60%,1.19
28-10-2024,CMP-ORG-00,0,737,28,3.80%,
29-10-2024,CMP-META-01,315.33,23931,800,3.34%,0.39
29-10-2024,CMP-META-02,499.25,25100,460,1.83%,1.09
29-10-2024,CMP-GOOG-01,736.54,50171,1805,3.60%,0.41
29-10-2024,CMP-GOOG-02,0,25042,931,3.72%,
29-10-2024,CMP-EML-01,37.83,2623,86,3.28%,0.44
29-10-2024,CMP-AFF-01,191.86,10508,341,3.25%,0.56
29-10-2024,CMP-ORG-00,0,1436,55,3.83%,
30-10-2024,CMP-META-01,381.07,26375,907,3.44%,0.42
30-10-2024,CMP-META-02,352.31,25512,807,3.16%,0.44
30-10-2024,CMP-GOOG-01,366.4,16856,284,1.68%,1.29
30-10-2024,CMP-GOOG-02,304.87,24162,698,2.89%,0.44
30-10-2024,CMP-EML-01,48.15,2563,97,3.78%,0.5
30-10-2024,CMP-AFF-01,168.33,11834,469,3.96%,0.36
30-10-2024,CMP-ORG-00,0,1305,50,3.83%,
31-10-2024,CMP-META-01,267.41,12258,273,2.23%,0.98
31-10-2024,CMP-META-02,280.57,13740,297,2.16%,0.94
31-10-2024,CMP-GOOG-01,688.85,52557,2085,3.97%,0.33
31-10-2024,CMP-GOOG-02,479.9,37401,1337,3.57%,0.36
31-10-2024,CMP-EML-01,36.75,2479,59,2.38%,0.62
31-10-2024,CMP-AFF-01,186.02,13533,505,3.73%,0.37
31-10-2024,CMP-ORG-00,0,823,22,2.67%,
01-11-2024,CMP-META-01,523.27,21332,746,3.50%,0.7
01-11-2024,CMP-META-02,0,26949,739,2.74%,
01-11-2024,CMP-GOOG-01,718.6,36795,1369,3.72%,0.52
01-11-2024,CMP-GOOG-02,608.69,34477,1329,3.85%,0.46
01-11-2024,CMP-AFF-01,184.47,13714,249,1.82%,0.74
01-11-2024,CMP-ORG-00,0,878,33,3.76%,
02-11-2024,CMP-META-02,436.78,29909,871,2.91%,0.5
02-11-2024,CMP-GOOG-01,725.72,43810,1276,2.91%,0.57
02-11-2024,CMP-GOOG-02,651.46,27977,617,2.21%,1.06
02-11-2024,CMP-EML-01,74.62,4309,149,3.46%,0.5
02-11-2024,CMP-AFF-01,156.86,12386,376,3.04%,0.42
03-11-2024,CMP-META-01,732.75,43779,1072,2.45%,0.68
03-11-2024,CMP-META-02,533.93,0,688,0.00%,0.78
03-11-2024,CMP-GOOG-01,653.28,37689,777,2.06%,0.84
03-11-2024,CMP-GOOG-02,616.32,41638,790,1.90%,0.78
03-11-2024,CMP-EML-01,78.8,4611,110,2.39%,0.72
03-11-2024,CMP-AFF-01,82.82,3774,85,2.25%,0.97
03-11-2024,CMP-ORG-00,0,1386,39,2.81%,
04-11-2024,CMP-META-01,287.48,18965,470,2.48%,0.61
04-11-2024,CMP-META-02,541.3,0,584,0.00%,0.93
04-11-2024,CMP-GOOG-01,711.51,35047,997,2.84%,0.71
04-11-2024,CMP-EML-01,67.2,3941,74,1.88%,0.91
04-11-2024,CMP-AFF-01,154.94,8022,145,1.81%,1.07
04-11-2024,CMP-ORG-00,0,887,24,2.71%,
05-11-2024,CMP-META-01,716.79,38072,1116,2.93%,0.64
05-11-2024,CMP-META-02,649.73,44926,1332,2.96%,0.49
05-11-2024,CMP-GOOG-01,413.67,19865,744,3.75%,0.56
05-11-2024,CMP-GOOG-02,0,48425,1760,3.63%,
05-11-2024,CMP-EML-01,45.4,2648,64,2.42%,0.71
05-11-2024,CMP-AFF-01,209.97,11845,377,3.18%,0.56
05-11-2024,CMP-ORG-00,0,623,22,3.53%,
06-11-2024,CMP-META-01,299.79,16021,487,3.04%,0.62
06-11-2024,CMP-META-02,471.04,20733,671,3.24%,0.7
06-11-2024,CMP-GOOG-02,632.15,41102,708,1.72%,0.89
06-11-2024,CMP-EML-01,65.42,3673,71,1.93%,0.92
06-11-2024,CMP-AFF-01,147.15,11022,266,2.41%,0.55
07-11-2024,CMP-META-01,362.01,26511,1050,3.96%,0.34
07-11-2024,CMP-META-02,726.17,41707,844,2.02%,0.86
07-11-2024,CMP-GOOG-01,660.39,35164,1042,2.96%,0.63
07-11-2024,CMP-GOOG-02,717.94,32589,763,2.34%,0.94
07-11-2024,CMP-EML-01,62.87,4762,117,2.46%,0.54
07-11-2024,CMP-AFF-01,0,10923,317,2.90%,
07-11-2024,CMP-ORG-00,0,673,23,3.42%,
08-11-2024,CMP-META-02,423.27,31087,1075,3.46%,0.39
08-11-2024,CMP-GOOG-01,339.31,22848,617,2.70%,0.55
08-11-2024,CMP-GOOG-02,315.24,0,440,0.00%,0.72
08-11-2024,CMP-EML-01,41.27,3093,85,2.75%,0.49
08-11-2024,CMP-AFF-01,167.96,7765,306,3.94%,0.55
08-11-2024,CMP-ORG-00,0,1474,24,1.63%,
09-11-2024,CMP-META-01,589.38,43902,1031,2.35%,0.57
09-11-2024,CMP-META-02,308.69,16709,567,3.39%,0.54
09-11-2024,CMP-GOOG-01,589.29,32377,812,2.51%,0.73
09-11-2024,CMP-GOOG-02,457.36,33683,705,2.09%,0.65
09-11-2024,CMP-EML-01,35.05,2730,68,2.49%,0.52
09-11-2024,CMP-ORG-00,0,1335,38,2.85%,
10-11-2024,CMP-META-01,649.55,36164,843,2.33%,0.77
10-11-2024,CMP-META-02,449.56,22546,482,2.14%,0.93
10-11-2024,CMP-GOOG-01,577.23,27961,1025,3.67%,0.56
10-11-2024,CMP-GOOG-02,562.5,27772,506,1.82%,1.11
10-11-2024,CMP-EML-01,49.78,3168,78,2.46%,0.64
10-11-2024,CMP-AFF-01,193.57,13146,291,2.21%,0.67
10-11-2024,CMP-ORG-00,0,767,13,1.69%,
11-11-2024,CMP-META-01,715.61,34909,1071,3.07%,0.67
11-11-2024,CMP-META-02,0,39379,1430,3.63%,
11-11-2024,CMP-GOOG-01,752.17,49743,1708,3.43%,0.44
11-11-2024,CMP-GOOG-02,339.97,17155,481,2.80%,0.71
11-11-2024,CMP-AFF-01,182.39,11554,181,1.57%,1.01
11-11-2024,CMP-ORG-00,0,683,23,3.37%,
12-11-2024,CMP-META-01,456.54,25557,939,3.67%,0.49
12-11-2024,CMP-META-02,436.71,18988,563,2.97%,0.78
12-11-2024,CMP-GOOG-01,399.87,19292,530,2.75%,0.75
12-11-2024,CMP-GOOG-02,787.44,50717,984,1.94%,0.8
12-11-2024,CMP-EML-01,53.35,3449,123,3.57%,0.43
12-11-2024,CMP-AFF-01,201.76,12003,402,3.35%,0.5
12-11-2024,CMP-ORG-00,0,1308,36,2.75%,
13-11-2024,CMP-META-01,611.06,37489,906,2.42%,0.67
13-11-2024,CMP-META-02,0,30957,1226,3.96%,
13-11-2024,CMP-GOOG-01,525.52,34553,1169,3.38%,0.45
13-11-2024,CMP-GOOG-02,847.81,49097,1814,3.69%,0.47
13-11-2024,CMP-EML-01,57.89,3169,96,3.03%,0.6
13-11-2024,CMP-AFF-01,139.57,6281,192,3.06%,0.73
13-11-2024,CMP-ORG-00,0,907,29,3.20%,
14-11-2024,CMP-META-01,588.33,44909,1326,2.95%,0.44
14-11-2024,CMP-META-02,528.93,30337,847,2.79%,0.62
14-11-2024,CMP-GOOG-01,524.59,0,439,0.00%,1.19
14-11-2024,CMP-GOOG-02,590.02,45692,1104,2.42%,0.53
14-11-2024,CMP-EML-01,69.41,3495,70,2.00%,0.99
14-11-2024,CMP-AFF-01,83.89,4211,94,2.23%,0.89
14-11-2024,CMP-ORG-00,0,627,24,3.83%,
15-11-2024,CMP-META-01,700.96,46851,1107,2.36%,0.63
15-11-2024,CMP-META-02,594.49,45450,1529,3.36%,0.39
15-11-2024,CMP-GOOG-01,528.01,24478,660,2.70%,0.8
15-11-2024,CMP-GOOG-02,845.02,60032,1909,3.18%,0.44
15-11-2024,CMP-EML-01,43.99,2428,79,3.25%,0.56
15-11-2024,CMP-AFF-01,0,11547,410,3.55%,
15-11-2024,CMP-ORG-00,0,1490,56,3.76%,
16-11-2024,CMP-META-01,725.24,49611,1953,3.94%,0.37
16-11-2024,CMP-META-02,267.23,10911,170,1.56%,1.57
16-11-2024,CMP-GOOG-01,437.43,31623,976,3.09%,0.45
16-11-2024,CMP-GOOG-02,657.67,31562,1198,3.80%,0.55
16-11-2024,CMP-EML-01,38.49,2393,92,3.84%,0.42
16-11-2024,CMP-AFF-01,167.16,8880,166,1.87%,1.01
16-11-2024,CMP-ORG-00,0,1191,34,2.85%,
17-11-2024,CMP-META-01,709.26,39017,980,2.51%,0.72
17-11-2024,CMP-META-02,570.32,36206,1169,3.23%,0.49
17-11-2024,CMP-GOOG-01,0,16145,330,2.04%,
17-11-2024,CMP-GOOG-02,804.28,43302,1568,3.62%,0.51
17-11-2024,CMP-EML-01,74.42,4657,130,2.79%,0.57
17-11-2024,CMP-AFF-01,196.91,13360,352,2.63%,0.56
17-11-2024,CMP-ORG-00,0,973,31,3.19%,
18-11-2024,CMP-META-01,743.91,41979,1122,2.67%,0.66
18-11-2024,CMP-META-02,613.36,39684,721,1.82%,0.85
18-11-2024,CMP-GOOG-01,628.39,43612,974,2.23%,0.65
18-11-2024,CMP-GOOG-02,659.46,44148,1103,2.50%,0.6
18-11-2024,CMP-EML-01,42.46,2950,72,2.44%,0.59
18-11-2024,CMP-AFF-01,115.86,7567,191,2.52%,0.61
18-11-2024,CMP-ORG-00,0,1210,37,3.06%,
19-11-2024,CMP-META-01,282.49,13734,335,2.44%,0.84
19-11-2024,CMP-META-02,265.31,17905,538,3.00%,0.49
19-11-2024,CMP-GOOG-01,698.27,47437,1225,2.58%,0.57
19-11-2024,CMP-GOOG-02,355.81,23236,576,2.48%,0.62
19-11-2024,CMP-EML-01,42.86,2977,57,1.91%,0.75
19-11-2024,CMP-AFF-01,218.3,17195,364,2.12%,0.6
19-11-2024,CMP-ORG-00,0,825,16,1.94%,
20-11-2024,CMP-META-01,589.4,45083,1620,3.59%,0.36
20-11-2024,CMP-META-02,613.84,30373,754,2.48%,0.81
20-11-2024,CMP-GOOG-01,374,24736,733,2.96%,0.51
20-11-2024,CMP-GOOG-02,729.13,35550,767,2.16%,0.95
20-11-2024,CMP-EML-01,34.42,2204,52,2.36%,0.66
20-11-2024,CMP-AFF-01,84.31,3787,69,1.82%,1.22
20-11-2024,CMP-ORG-00,0,1439,25,1.74%,
21-11-2024,CMP-META-01,517.03,0,896,0.00%,0.58
21-11-2024,CMP-META-02,374.23,27133,1021,3.76%,0.37
21-11-2024,CMP-GOOG-01,381.48,19879,673,3.39%,0.57
21-11-2024,CMP-GOOG-02,713.79,49373,815,1.65%,0.88
21-11-2024,CMP-EML-01,0,5257,166,3.16%,
21-11-2024,CMP-AFF-01,141.2,8984,224,2.49%,0.63
21-11-2024,CMP-ORG-00,0,1093,38,3.48%,
22-11-2024,CMP-META-01,269.98,10953,328,2.99%,0.82
22-11-2024,CMP-META-02,421.24,27806,425,1.53%,0.99
22-11-2024,CMP-GOOG-01,406.25,20696,548,2.65%,0.74
22-11-2024,CMP-GOOG-02,567.13,23689,888,3.75%,0.64
22-11-2024,CMP-EML-01,70.53,5347,93,1.74%,0.76
22-11-2024,CMP-AFF-01,189.1,11612,305,2.63%,0.62
22-11-2024,CMP-ORG-00,0,666,10,1.50%,
23-11-2024,CMP-META-01,0,17372,523,3.01%,
23-11-2024,CMP-META-02,422.73,20953,363,1.73%,1.16
23-11-2024,CMP-GOOG-01,807.24,40512,1495,3.69%,0.54
23-11-2024,CMP-GOOG-02,805.59,60393,1795,2.97%,0.45
23-11-2024,CMP-EML-01,72.73,4360,83,1.90%,0.88
23-11-2024,CMP-AFF-01,119.54,0,103,0.00%,1.16
23-11-2024,CMP-ORG-00,0,1291,42,3.25%,
24-11-2024,CMP-META-01,630.37,45469,1690,3.72%,0.37
24-11-2024,CMP-META-02,259.54,10787,335,3.11%,0.77
24-11-2024,CMP-GOOG-01,765.72,43748,1390,3.18%,0.55
24-11-2024,CMP-GOOG-02,735.62,54841,1755,3.20%,0.42
24-11-2024,CMP-EML-01,38.39,2187,33,1.51%,1.16
24-11-2024,CMP-AFF-01,122.54,9506,196,2.06%,0.63
24-11-2024,CMP-ORG-00,0,1004,19,1.89%,
25-11-2024,CMP-META-01,0,25994,687,2.64%,
25-11-2024,CMP-META-02,554.79,29338,805,2.74%,0.69
25-11-2024,CMP-GOOG-01,591.56,38535,1377,3.57%,0.43
25-11-2024,CMP-GOOG-02,723.33,43165,1602,3.71%,0.45
25-11-2024,CMP-EML-01,55.19,3179,99,3.11%,0.56
25-11-2024,CMP-AFF-01,132.85,8740,231,2.64%,0.58
25-11-2024,CMP-ORG-00,0,677,21,3.10%,
26-11-2024,CMP-META-01,707.86,49378,1002,2.03%,0.71
26-11-2024,CMP-META-02,280.68,20181,405,2.01%,0.69
26-11-2024,CMP-GOOG-01,436.34,33512,1289,3.85%,0.34
26-11-2024,CMP-GOOG-02,794.28,48445,750,1.55%,1.06
26-11-2024,CMP-EML-01,0,5030,85,1.69%,
26-11-2024,CMP-AFF-01,201.91,13152,306,2.33%,0.66
26-11-2024,CMP-ORG-00,0,1039,19,1.83%,
27-11-2024,CMP-META-01,437.95,30966,595,1.92%,0.74
27-11-2024,CMP-META-02,681.7,34317,820,2.39%,0.83
27-11-2024,CMP-GOOG-01,440.94,17985,515,2.86%,0.86
27-11-2024,CMP-GOOG-02,739.92,45827,1027,2.24%,0.72
27-11-2024,CMP-EML-01,51.81,3752,84,2.24%,0.62
27-11-2024,CMP-AFF-01,146.08,9599,285,2.97%,0.51
27-11-2024,CMP-ORG-00,0,1368,29,2.12%,
28-11-2024,CMP-META-01,703.46,51477,1256,2.44%,0.56
28-11-2024,CMP-META-02,348.81,27490,678,2.47%,0.51
28-11-2024,CMP-GOOG-01,310.3,22380,586,2.62%,0.53
28-11-2024,CMP-GOOG-02,482.33,38276,1327,3.47%,0.36
28-11-2024,CMP-EML-01,39.36,1975,75,3.80%,0.52
28-11-2024,CMP-AFF-01,167.13,11217,172,1.53%,0.97
28-11-2024,CMP-ORG-00,0,503,10,1.99%,
29-11-2024,CMP-META-01,257.63,12969,205,1.58%,1.26
29-11-2024,CMP-META-02,564.68,25951,780,3.01%,0.72
29-11-2024,CMP-GOOG-01,457.65,22352,483,2.16%,0.95
29-11-2024,CMP-GOOG-02,0,20041,567,2.83%,
29-11-2024,CMP-EML-01,38.01,1543,35,2.27%,1.09
29-11-2024,CMP-AFF-01,0,7373,159,2.16%,
29-11-2024,CMP-ORG-00,0,606,13,2.15%,
30-11-2024,CMP-META-01,590.6,37675,1384,3.67%,0.43
30-11-2024,CMP-META-02,490.89,20015,360,1.80%,1.36
30-11-2024,CMP-GOOG-01,312.76,19693,641,3.25%,0.49
30-11-2024,CMP-GOOG-02,641.73,35976,585,1.63%,1.1
30-11-2024,CMP-EML-01,37.16,2381,58,2.44%,0.64
30-11-2024,CMP-AFF-01,204.96,12848,484,3.77%,0.42
30-11-2024,CMP-ORG-00,0,591,12,2.03%,
01-12-2024,CMP-META-01,519.11,28761,1088,3.78%,0.48
01-12-2024,CMP-META-02,689.75,40401,1055,2.61%,0.65
01-12-2024,CMP-GOOG-01,697.65,29666,563,1.90%,1.24
01-12-2024,CMP-GOOG-02,585.82,28155,998,3.54%,0.59
01-12-2024,CMP-EML-01,77.69,4526,107,2.36%,0.73
01-12-2024,CMP-AFF-01,168.42,12207,411,3.37%,0.41
01-12-2024,CMP-ORG-00,0,1149,33,2.87%,
02-12-2024,CMP-META-01,655.11,39754,1504,3.78%,0.44
02-12-2024,CMP-META-02,716.76,32598,1250,3.83%,0.57
02-12-2024,CMP-GOOG-01,482.08,23431,443,1.89%,1.09
02-12-2024,CMP-GOOG-02,688.51,44371,1584,3.57%,0.43
02-12-2024,CMP-EML-01,50.3,3328,107,3.22%,0.47
02-12-2024,CMP-AFF-01,99.16,6513,171,2.63%,0.58
02-12-2024,CMP-ORG-00,0,1196,26,2.17%,
03-12-2024,CMP-META-01,527.88,24406,586,2.40%,0.9
03-12-2024,CMP-META-02,695.5,31375,1036,3.30%,0.67
03-12-2024,CMP-GOOG-01,427.71,32543,969,2.98%,0.44
03-12-2024,CMP-GOOG-02,447.48,26759,410,1.53%,1.09
03-12-2024,CMP-EML-01,72.84,4036,82,2.03%,0.89
03-12-2024,CMP-AFF-01,177.28,8252,129,1.56%,1.37
03-12-2024,CMP-ORG-00,0,1356,32,2.36%,
04-12-2024,CMP-META-01,741.32,42756,1060,2.48%,0.7
04-12-2024,CMP-META-02,717.48,51631,895,1.73%,0.8
04-12-2024,CMP-GOOG-01,841.21,38148,611,1.60%,1.38
04-12-2024,CMP-GOOG-02,751.72,48906,1162,2.38%,0.65
04-12-2024,CMP-EML-01,65.97,2892,94,3.25%,0.7
04-12-2024,CMP-AFF-01,203.72,12789,462,3.61%,0.44
04-12-2024,CMP-ORG-00,0,675,19,2.81%,
05-12-2024,CMP-META-01,568.29,44290,1237,2.79%,0.46
05-12-2024,CMP-META-02,453.46,27811,935,3.36%,0.48
05-12-2024,CMP-GOOG-01,542.3,34509,581,1.68%,0.93
05-12-2024,CMP-GOOG-02,849.7,36950,911,2.47%,0.93
05-12-2024,CMP-EML-01,47.83,3090,56,1.81%,0.85
05-12-2024,CMP-AFF-01,213.62,16054,304,1.89%,0.7
05-12-2024,CMP-ORG-00,0,654,10,1.53%,
06-12-2024,CMP-META-01,426.91,19835,348,1.75%,1.23
06-12-2024,CMP-META-02,731.01,42336,918,2.17%,0.8
06-12-2024,CMP-GOOG-01,687.66,47749,1845,3.86%,0.37
06-12-2024,CMP-GOOG-02,486.57,33590,677,2.02%,0.72
06-12-2024,CMP-EML-01,56.21,3183,86,2.70%,0.65
06-12-2024,CMP-AFF-01,0,6581,170,2.58%,
06-12-2024,CMP-ORG-00,0,1423,34,2.39%,
07-12-2024,CMP-META-01,637.12,44013,970,2.20%,0.66
07-12-2024,CMP-META-02,690.73,43215,1655,3.83%,0.42
07-12-2024,CMP-GOOG-01,337.11,21670,344,1.59%,0.98
07-12-2024,CMP-GOOG-02,751.2,53994,2076,3.84%,0.36
07-12-2024,CMP-EML-01,34.54,1672,52,3.11%,0.66
07-12-2024,CMP-AFF-01,168.41,10394,368,3.54%,0.46
07-12-2024,CMP-ORG-00,0,1168,26,2.23%,
08-12-2024,CMP-META-01,519.66,23464,459,1.96%,1.13
08-12-2024,CMP-META-02,281.32,17872,618,3.46%,0.46
08-12-2024,CMP-GOOG-01,313.46,18190,377,2.07%,0.83
08-12-2024,CMP-GOOG-02,757.18,38358,1125,2.93%,0.67
08-12-2024,CMP-EML-01,74.9,4447,141,3.17%,0.53
08-12-2024,CMP-AFF-01,170.82,9992,172,1.72%,0.99
08-12-2024,CMP-ORG-00,0,682,12,1.76%,
09-12-2024,CMP-META-01,0,27039,595,2.20%,
09-12-2024,CMP-META-02,581.61,32859,832,2.53%,0.7
09-12-2024,CMP-GOOG-01,300.62,22762,577,2.53%,0.52
09-12-2024,CMP-GOOG-02,0,33999,995,2.93%,
09-12-2024,CMP-EML-01,69.77,4304,153,3.55%,0.46
09-12-2024,CMP-AFF-01,139.73,10875,184,1.69%,0.76
09-12-2024,CMP-ORG-00,0,1256,47,3.74%,
10-12-2024,CMP-META-01,433.92,32064,1028,3.21%,0.42
10-12-2024,CMP-META-02,629.68,39476,798,2.02%,0.79
10-12-2024,CMP-GOOG-01,0,33350,840,2.52%,
10-12-2024,CMP-GOOG-02,371.54,27629,901,3.26%,0.41
10-12-2024,CMP-EML-01,49.14,2011,78,3.88%,0.63
10-12-2024,CMP-AFF-01,205.36,15636,270,1.73%,0.76
10-12-2024,CMP-ORG-00,0,1494,47,3.15%,
11-12-2024,CMP-META-01,593.84,34992,772,2.21%,0.77
11-12-2024,CMP-META-02,0,40488,1419,3.50%,
11-12-2024,CMP-GOOG-01,466.24,32873,500,1.52%,0.93
11-12-2024,CMP-GOOG-02,826.11,37044,1219,3.29%,0.68
11-12-2024,CMP-EML-01,50.24,2426,39,1.61%,1.29
11-12-2024,CMP-AFF-01,146.57,9233,318,3.44%,0.46
11-12-2024,CMP-ORG-00,0,631,25,3.96%,
12-12-2024,CMP-META-01,0,29084,1084,3.73%,
12-12-2024,CMP-META-02,358.99,26992,811,3.00%,0.44
12-12-2024,CMP-GOOG-01,319.4,16103,519,3.22%,0.62
12-12-2024,CMP-GOOG-02,348.48,24864,533,2.14%,0.65
12-12-2024,CMP-EML-01,45.34,3279,65,1.98%,0.7
12-12-2024,CMP-AFF-01,83.06,6526,110,1.69%,0.76
12-12-2024,CMP-ORG-00,0,639,10,1.56%,
13-12-2024,CMP-META-01,0,42014,1318,3.14%,
13-12-2024,CMP-META-02,444.85,18721,453,2.42%,0.98
13-12-2024,CMP-GOOG-01,568.93,36371,1390,3.82%,0.41
13-12-2024,CMP-GOOG-02,608,45872,784,1.71%,0.78
13-12-2024,CMP-EML-01,70.92,3753,122,3.25%,0.58
13-12-2024,CMP-AFF-01,120.12,9010,340,3.77%,0.35
13-12-2024,CMP-ORG-00,0,1220,45,3.69%,
14-12-2024,CMP-META-01,414.79,29330,534,1.82%,0.78
14-12-2024,CMP-META-02,745.92,55004,2095,3.81%,0.36
14-12-2024,CMP-GOOG-01,422.46,32387,1219,3.76%,0.35
14-12-2024,CMP-GOOG-02,500.53,20598,443,2.15%,1.13
14-12-2024,CMP-EML-01,64,2900,110,3.79%,0.58
14-12-2024,CMP-AFF-01,175.89,8070,183,2.27%,0.96
14-12-2024,CMP-ORG-00,0,1358,44,3.24%,
15-12-2024,CMP-META-02,561.6,25940,990,3.82%,0.57
15-12-2024,CMP-GOOG-01,572.54,37943,580,1.53%,0.99
15-12-2024,CMP-GOOG-02,847.4,0,1971,0.00%,0.43
15-12-2024,CMP-EML-01,78.3,6053,134,2.21%,0.58
15-12-2024,CMP-AFF-01,205.28,12870,256,1.99%,0.8
15-12-2024,CMP-ORG-00,0,649,14,2.16%,
16-12-2024,CMP-META-01,628.06,36392,811,2.23%,0.77
16-12-2024,CMP-META-02,0,39680,1276,3.22%,
16-12-2024,CMP-GOOG-01,0,39622,1512,3.82%,
16-12-2024,CMP-GOOG-02,589.86,32815,809,2.47%,0.73
16-12-2024,CMP-EML-01,79.37,5188,117,2.26%,0.68
16-12-2024,CMP-AFF-01,175.28,9364,184,1.96%,0.95
16-12-2024,CMP-ORG-00,0,741,28,3.78%,
17-12-2024,CMP-META-01,333.19,14603,352,2.41%,0.95
17-12-2024,CMP-META-02,671.02,40242,1061,2.64%,0.63
17-12-2024,CMP-GOOG-01,502.09,39928,826,2.07%,0.61
17-12-2024,CMP-GOOG-02,396.41,20272,471,2.32%,0.84
17-12-2024,CMP-EML-01,65.02,4186,103,2.46%,0.63
17-12-2024,CMP-AFF-01,174.78,8465,159,1.88%,1.1
17-12-2024,CMP-ORG-00,0,1281,40,3.12%,
18-12-2024,CMP-META-01,579.65,35886,540,1.50%,1.07
18-12-2024,CMP-META-02,682.52,53965,1483,2.75%,0.46
18-12-2024,CMP-GOOG-01,383.65,21026,409,1.95%,0.94
18-12-2024,CMP-GOOG-02,410.16,22781,687,3.02%,0.6
18-12-2024,CMP-EML-01,37.53,2263,78,3.45%,0.48
18-12-2024,CMP-AFF-01,200.39,14022,310,2.21%,0.65
18-12-2024,CMP-ORG-00,0,612,22,3.59%,
19-12-2024,CMP-META-01,265.56,17544,545,3.11%,0.49
19-12-2024,CMP-META-02,292.11,20458,402,1.97%,0.73
19-12-2024,CMP-GOOG-01,332.44,19931,558,2.80%,0.6
19-12-2024,CMP-EML-01,78.24,4575,139,3.04%,0.56
19-12-2024,CMP-AFF-01,216.21,12927,459,3.55%,0.47
19-12-2024,CMP-ORG-00,0,800,28,3.50%,
20-12-2024,CMP-META-01,468.32,33641,628,1.87%,0.75
20-12-2024,CMP-META-02,447.12,30860,777,2.52%,0.58
20-12-2024,CMP-GOOG-01,731.77,36484,680,1.86%,1.08
20-12-2024,CMP-GOOG-02,644.63,36217,657,1.81%,0.98
20-12-2024,CMP-EML-01,50.76,3705,73,1.97%,0.7
20-12-2024,CMP-AFF-01,113.22,7144,207,2.90%,0.55
20-12-2024,CMP-ORG-00,0,1198,31,2.59%,
21-12-2024,CMP-META-01,290.06,12477,308,2.47%,0.94
21-12-2024,CMP-META-02,0,33450,1036,3.10%,
21-12-2024,CMP-GOOG-01,374.86,17564,401,2.28%,0.93
21-12-2024,CMP-GOOG-02,394.86,30954,1087,3.51%,0.36
21-12-2024,CMP-EML-01,73.96,5044,98,1.94%,0.75
21-12-2024,CMP-AFF-01,83.53,5440,214,3.93%,0.39
22-12-2024,CMP-META-01,675.21,37727,703,1.86%,0.96
22-12-2024,CMP-META-02,489.35,27124,660,2.43%,0.74
22-12-2024,CMP-GOOG-01,767.51,60250,1720,2.85%,0.45
22-12-2024,CMP-GOOG-02,608.07,47480,858,1.81%,0.71
22-12-2024,CMP-EML-01,45.92,2152,44,2.04%,1.04
22-12-2024,CMP-AFF-01,169.79,9522,232,2.44%,0.73
22-12-2024,CMP-ORG-00,0,0,36,0.00%,
23-12-2024,CMP-META-01,649.3,45268,1746,3.86%,0.37
23-12-2024,CMP-META-02,610.55,34790,1355,3.89%,0.45
23-12-2024,CMP-GOOG-01,644.14,50477,1524,3.02%,0.42
23-12-2024,CMP-GOOG-02,343.96,23060,763,3.31%,0.45
23-12-2024,CMP-EML-01,49.08,2456,94,3.83%,0.52
23-12-2024,CMP-AFF-01,107.64,4604,169,3.67%,0.64
23-12-2024,CMP-ORG-00,0,1235,45,3.64%,
24-12-2024,CMP-META-01,551.93,28913,867,3.00%,0.64
24-12-2024,CMP-META-02,730.97,44619,1574,3.53%,0.46
24-12-2024,CMP-GOOG-01,0,27301,529,1.94%,
24-12-2024,CMP-GOOG-02,309.54,17894,430,2.40%,0.72
24-12-2024,CMP-AFF-01,0,7668,260,3.39%,
24-12-2024,CMP-ORG-00,0,1240,21,1.69%,
25-12-2024,CMP-META-01,604.73,36102,1193,3.30%,0.51
25-12-2024,CMP-META-02,690.66,30514,1022,3.35%,0.68
25-12-2024,CMP-GOOG-01,599.67,37720,1161,3.08%,0.52
25-12-2024,CMP-GOOG-02,349.45,14823,543,3.66%,0.64
25-12-2024,CMP-EML-01,41.3,2297,59,2.57%,0.7
25-12-2024,CMP-AFF-01,158.72,10378,378,3.64%,0.42
25-12-2024,CMP-ORG-00,0,1014,23,2.27%,
26-12-2024,CMP-META-01,398.39,18046,510,2.83%,0.78
26-12-2024,CMP-META-02,289.43,22320,684,3.06%,0.42
26-12-2024,CMP-GOOG-01,738.24,49114,1869,3.81%,0.39
26-12-2024,CMP-GOOG-02,423.88,24123,894,3.71%,0.47
26-12-2024,CMP-EML-01,43.04,3176,110,3.46%,0.39
26-12-2024,CMP-AFF-01,171.01,0,235,0.00%,0.73
26-12-2024,CMP-ORG-00,0,1384,27,1.95%,
27-12-2024,CMP-META-01,450.36,32957,1031,3.13%,0.44
27-12-2024,CMP-META-02,491.49,30339,803,2.65%,0.61
27-12-2024,CMP-GOOG-01,845.82,59321,2362,3.98%,0.36
27-12-2024,CMP-GOOG-02,523.19,30342,895,2.95%,0.58
27-12-2024,CMP-EML-01,54.43,3721,119,3.20%,0.46
27-12-2024,CMP-AFF-01,97.19,6127,118,1.93%,0.82
27-12-2024,CMP-ORG-00,0,1096,39,3.56%,
28-12-2024,CMP-META-01,510.94,34600,1175,3.40%,0.43
28-12-2024,CMP-META-02,406.18,24585,386,1.57%,1.05
28-12-2024,CMP-GOOG-01,777.09,50457,1584,3.14%,0.49
28-12-2024,CMP-GOOG-02,482.15,33025,812,2.46%,0.59
28-12-2024,CMP-EML-01,61.44,3567,86,2.41%,0.71
28-12-2024,CMP-AFF-01,99.71,6895,220,3.19%,0.45
28-12-2024,CMP-ORG-00,0,1313,35,2.67%,
29-12-2024,CMP-META-01,284.48,12905,514,3.98%,0.55
29-12-2024,CMP-META-02,265.97,20192,593,2.94%,0.45
29-12-2024,CMP-GOOG-01,841.78,51080,1136,2.22%,0.74
29-12-2024,CMP-GOOG-02,580.17,24441,656,2.68%,0.88
29-12-2024,CMP-EML-01,48.78,3306,106,3.21%,0.46
29-12-2024,CMP-AFF-01,112.06,5544,102,1.84%,1.1
29-12-2024,CMP-ORG-00,0,1077,19,1.76%,
30-12-2024,CMP-META-01,262.83,16556,297,1.79%,0.88
30-12-2024,CMP-META-02,546.22,31259,813,2.60%,0.67
30-12-2024,CMP-GOOG-01,327.29,18163,658,3.62%,0.5
30-12-2024,CMP-EML-01,45.91,3315,79,2.38%,0.58
30-12-2024,CMP-AFF-01,215.59,13242,519,3.92%,0.42
30-12-2024,CMP-ORG-00,0,719,15,2.09%,
31-12-2024,CMP-META-01,682.51,40311,1100,2.73%,0.62
31-12-2024,CMP-META-02,514.55,27079,623,2.30%,0.83
31-12-2024,CMP-GOOG-02,634.75,26875,860,3.20%,0.74
31-12-2024,CMP-AFF-01,191.15,0,429,0.00%,0.45
31-12-2024,CMP-ORG-00,0,547,9,1.65%,
01-01-2025,CMP-META-02,346.18,17355,655,3.77%,0.53
01-01-2025,CMP-GOOG-01,575.3,32061,682,2.13%,0.84
01-01-2025,CMP-GOOG-02,442.18,34566,818,2.37%,0.54
01-01-2025,CMP-EML-01,58.54,0,109,0.00%,0.54
01-01-2025,CMP-AFF-01,151.28,8233,139,1.69%,1.09
01-01-2025,CMP-ORG-00,0,756,11,1.46%,
02-01-2025,CMP-META-01,306.93,18424,284,1.54%,1.08
02-01-2025,CMP-META-02,343.69,14710,408,2.77%,0.84
02-01-2025,CMP-GOOG-01,431.86,21706,539,2.48%,0.8
02-01-2025,CMP-GOOG-02,310.47,19709,663,3.36%,0.47
02-01-2025,CMP-EML-01,74.36,5865,96,1.64%,0.77
02-01-2025,CMP-AFF-01,209.19,8915,346,3.88%,0.6
02-01-2025,CMP-ORG-00,0,595,15,2.52%,
03-01-2025,CMP-META-01,278.87,12120,396,3.27%,0.7
03-01-2025,CMP-META-02,371.74,27339,935,3.42%,0.4
03-01-2025,CMP-GOOG-01,819.41,61964,1962,3.17%,0.42
03-01-2025,CMP-GOOG-02,609.89,40445,1340,3.31%,0.46
03-01-2025,CMP-EML-01,44.53,1856,40,2.16%,1.11
03-01-2025,CMP-AFF-01,123.86,7270,269,3.70%,0.46
03-01-2025,CMP-ORG-00,0,967,29,3.00%,
04-01-2025,CMP-META-01,588.27,36416,721,1.98%,0.82
04-01-2025,CMP-META-02,266.43,18095,304,1.68%,0.88
04-01-2025,CMP-GOOG-01,687.43,30728,1072,3.49%,0.64
04-01-2025,CMP-GOOG-02,359.66,26558,411,1.55%,0.88
04-01-2025,CMP-EML-01,33.19,1488,54,3.63%,0.61
04-01-2025,CMP-AFF-01,86.11,3864,59,1.53%,1.46
04-01-2025,CMP-ORG-00,0,1211,25,2.06%,
05-01-2025,CMP-META-01,257.75,15497,540,3.48%,0.48
05-01-2025,CMP-META-02,389.39,19417,316,1.63%,1.23
05-01-2025,CMP-GOOG-01,807.57,59279,1851,3.12%,0.44
05-01-2025,CMP-GOOG-02,831.75,53783,1993,3.71%,0.42
05-01-2025,CMP-EML-01,44.74,2329,36,1.55%,1.24
05-01-2025,CMP-AFF-01,173.67,12206,296,2.43%,0.59
05-01-2025,CMP-ORG-00,0,560,10,1.79%,
06-01-2025,CMP-META-01,614.57,42537,883,2.08%,0.7
06-01-2025,CMP-META-02,742.24,54538,2062,3.78%,0.36
06-01-2025,CMP-GOOG-01,694.89,51120,1807,3.53%,0.38
06-01-2025,CMP-GOOG-02,668.47,35766,804,2.25%,0.83
06-01-2025,CMP-EML-01,47.5,2645,87,3.29%,0.55
06-01-2025,CMP-AFF-01,139.68,8159,206,2.52%,0.68
06-01-2025,CMP-ORG-00,0,700,25,3.57%,
07-01-2025,CMP-META-01,264.12,14110,253,1.79%,1.04
07-01-2025,CMP-META-02,639.05,31528,675,2.14%,0.95
07-01-2025,CMP-GOOG-01,535.8,30394,833,2.74%,0.64
07-01-2025,CMP-GOOG-02,617.4,27891,419,1.50%,1.47
07-01-2025,CMP-EML-01,53.45,3392,111,3.27%,0.48
07-01-2025,CMP-AFF-01,84.91,5591,153,2.74%,0.55
07-01-2025,CMP-ORG-00,0,1386,40,2.89%,
08-01-2025,CMP-META-01,601.16,33392,1296,3.88%,0.46
08-01-2025,CMP-META-02,302.84,22821,471,2.06%,0.64
08-01-2025,CMP-GOOG-02,338.81,20870,690,3.31%,0.49
08-01-2025,CMP-EML-01,0,2508,70,2.79%,
08-01-2025,CMP-AFF-01,174.23,9669,271,2.80%,0.64
08-01-2025,CMP-ORG-00,0,1210,36,2.98%,
09-01-2025,CMP-META-01,300.59,18679,452,2.42%,0.67
09-01-2025,CMP-META-02,0,27138,634,2.34%,
09-01-2025,CMP-GOOG-01,396.35,16568,494,2.98%,0.8
09-01-2025,CMP-GOOG-02,835.73,63358,1306,2.06%,0.64
09-01-2025,CMP-EML-01,61.95,3038,103,3.39%,0.6
09-01-2025,CMP-AFF-01,132.56,6635,112,1.69%,1.18
09-01-2025,CMP-ORG-00,0,1358,26,1.91%,
10-01-2025,CMP-META-01,602.81,28469,470,1.65%,1.28
10-01-2025,CMP-META-02,489.18,32928,952,2.89%,0.51
10-01-2025,CMP-GOOG-01,325.74,22502,430,1.91%,0.76
10-01-2025,CMP-GOOG-02,826.02,40456,1222,3.02%,0.68
10-01-2025,CMP-EML-01,76.35,3819,86,2.25%,0.89
10-01-2025,CMP-AFF-01,135.34,7441,281,3.78%,0.48
10-01-2025,CMP-ORG-00,0,1280,34,2.66%,
11-01-2025,CMP-META-01,718.93,45941,843,1.83%,0.85
11-01-2025,CMP-META-02,524.85,33828,638,1.89%,0.82
11-01-2025,CMP-GOOG-01,582.47,27030,1062,3.93%,0.55
11-01-2025,CMP-GOOG-02,715.58,56124,1676,2.99%,0.43
11-01-2025,CMP-EML-01,54.65,3389,100,2.95%,0.55
11-01-2025,CMP-AFF-01,100.21,7221,141,1.95%,0.71
11-01-2025,CMP-ORG-00,0,1131,24,2.12%,
12-01-2025,CMP-META-02,645.19,32625,1035,3.17%,0.62
12-01-2025,CMP-GOOG-01,584.7,25340,457,1.80%,1.28
12-01-2025,CMP-GOOG-02,796.9,42993,1589,3.70%,0.5
12-01-2025,CMP-EML-01,53.64,3154,87,2.76%,0.62
12-01-2025,CMP-AFF-01,146.78,9297,288,3.10%,0.51
12-01-2025,CMP-ORG-00,0,1246,38,3.05%,
13-01-2025,CMP-META-01,541.13,38581,1208,3.13%,0.45
13-01-2025,CMP-META-02,638.85,34354,1029,3.00%,0.62
13-01-2025,CMP-GOOG-01,821.8,51919,1353,2.61%,0.61
13-01-2025,CMP-GOOG-02,524.78,28036,442,1.58%,1.19
13-01-2025,CMP-EML-01,48.73,2320,87,3.75%,0.56
13-01-2025,CMP-AFF-01,0,13948,217,1.56%,
13-01-2025,CMP-ORG-00,0,859,26,3.03%,
14-01-2025,CMP-META-01,433.7,30981,890,2.87%,0.49
14-01-2025,CMP-META-02,434.03,33154,996,3.00%,0.44
14-01-2025,CMP-GOOG-01,665.44,27085,1063,3.92%,0.63
14-01-2025,CMP-GOOG-02,806.95,43197,927,2.15%,0.87
14-01-2025,CMP-EML-01,71.85,3694,143,3.87%,0.5
14-01-2025,CMP-AFF-01,202.77,15771,562,3.56%,0.36
14-01-2025,CMP-ORG-00,0,635,11,1.73%,
15-01-2025,CMP-META-01,542.34,27579,910,3.30%,0.6
15-01-2025,CMP-META-02,286.02,13499,433,3.21%,0.66
15-01-2025,CMP-GOOG-01,699.34,45181,683,1.51%,1.02
15-01-2025,CMP-GOOG-02,810.6,41380,639,1.54%,1.27
15-01-2025,CMP-EML-01,73.76,4842,82,1.69%,0.9
15-01-2025,CMP-AFF-01,107.08,7863,305,3.88%,0.35
15-01-2025,CMP-ORG-00,0,804,20,2.49%,
16-01-2025,CMP-META-01,375.91,25770,984,3.82%,0.38
16-01-2025,CMP-META-02,291.79,21159,542,2.56%,0.54
16-01-2025,CMP-GOOG-01,323.87,16435,598,3.64%,0.54
16-01-2025,CMP-GOOG-02,588.86,24446,460,1.88%,1.28
16-01-2025,CMP-EML-01,58.26,3940,123,3.12%,0.47
16-01-2025,CMP-AFF-01,151.13,10802,421,3.90%,0.36
16-01-2025,CMP-ORG-00,0,1049,22,2.10%,
17-01-2025,CMP-META-01,603.86,34767,1230,3.54%,0.49
17-01-2025,CMP-META-02,321.59,13545,465,3.43%,0.69
17-01-2025,CMP-GOOG-01,587.09,41400,669,1.62%,0.88
17-01-2025,CMP-GOOG-02,555.87,24795,904,3.65%,0.61
17-01-2025,CMP-EML-01,74.14,5742,136,2.37%,0.55
17-01-2025,CMP-AFF-01,134.92,10436,218,2.09%,0.62
17-01-2025,CMP-ORG-00,0,801,22,2.75%,
18-01-2025,CMP-META-01,496.53,23383,889,3.80%,0.56
18-01-2025,CMP-META-02,426.25,33185,1172,3.53%,0.36
18-01-2025,CMP-GOOG-01,637.99,37255,1483,3.98%,0.43
18-01-2025,CMP-GOOG-02,546.08,31046,1120,3.61%,0.49
18-01-2025,CMP-EML-01,78.87,5091,84,1.65%,0.94
18-01-2025,CMP-AFF-01,214.77,10781,211,1.96%,1.02
18-01-2025,CMP-ORG-00,0,530,19,3.58%,
19-01-2025,CMP-META-01,254.54,15361,346,2.25%,0.74
19-01-2025,CMP-META-02,483.24,26062,719,2.76%,0.67
19-01-2025,CMP-GOOG-01,577.03,45997,1550,3.37%,0.37
19-01-2025,CMP-GOOG-02,338.32,15609,503,3.22%,0.67
19-01-2025,CMP-AFF-01,186.11,10347,239,2.31%,0.78
19-01-2025,CMP-ORG-00,0,681,26,3.82%,
20-01-2025,CMP-META-01,0,30037,1100,3.66%,
20-01-2025,CMP-META-02,262.25,20399,757,3.71%,0.35
20-01-2025,CMP-GOOG-01,744.03,49311,822,1.67%,0.91
20-01-2025,CMP-EML-01,56.46,3747,93,2.48%,0.61
20-01-2025,CMP-AFF-01,218.15,15402,355,2.30%,0.61
20-01-2025,CMP-ORG-00,0,705,20,2.84%,
21-01-2025,CMP-META-01,729.18,46202,1309,2.83%,0.56
21-01-2025,CMP-META-02,266.45,15862,302,1.90%,0.88
21-01-2025,CMP-GOOG-01,759.47,48253,825,1.71%,0.92
21-01-2025,CMP-GOOG-02,635.14,47427,858,1.81%,0.74
21-01-2025,CMP-EML-01,0,5468,215,3.93%,
21-01-2025,CMP-AFF-01,186.51,14226,282,1.98%,0.66
21-01-2025,CMP-ORG-00,0,1172,30,2.56%,
22-01-2025,CMP-META-01,256.96,16244,274,1.69%,0.94
22-01-2025,CMP-META-02,349.63,14784,557,3.77%,0.63
22-01-2025,CMP-GOOG-02,0,41156,1286,3.12%,
22-01-2025,CMP-EML-01,30.86,1855,67,3.61%,0.46
22-01-2025,CMP-AFF-01,175.44,7473,199,2.66%,0.88
23-01-2025,CMP-META-01,419.68,24452,816,3.34%,0.51
23-01-2025,CMP-META-02,663.88,46123,1319,2.86%,0.5
23-01-2025,CMP-GOOG-01,540.54,29966,713,2.38%,0.76
23-01-2025,CMP-GOOG-02,708.39,36698,910,2.48%,0.78
23-01-2025,CMP-EML-01,58.45,3768,129,3.42%,0.45
23-01-2025,CMP-AFF-01,209.85,11682,379,3.24%,0.55
23-01-2025,CMP-ORG-00,0,790,20,2.53%,
24-01-2025,CMP-META-01,534.48,22453,597,2.66%,0.9
24-01-2025,CMP-META-02,349.02,14965,496,3.31%,0.7
24-01-2025,CMP-GOOG-01,347.01,27609,992,3.59%,0.35
24-01-2025,CMP-GOOG-02,837.93,41661,1423,3.42%,0.59
24-01-2025,CMP-EML-01,64.65,3541,115,3.25%,0.56
24-01-2025,CMP-AFF-01,204.73,13982,484,3.46%,0.42
24-01-2025,CMP-ORG-00,0,855,31,3.63%,
25-01-2025,CMP-META-01,740.35,42004,1555,3.70%,0.48
25-01-2025,CMP-META-02,0,30761,924,3.00%,
25-01-2025,CMP-GOOG-01,526.91,34258,610,1.78%,0.86
25-01-2025,CMP-GOOG-02,385.89,26265,799,3.04%,0.48
25-01-2025,CMP-EML-01,37.74,1588,48,3.02%,0.79
25-01-2025,CMP-AFF-01,101.77,5966,123,2.06%,0.83
25-01-2025,CMP-ORG-00,0,859,16,1.86%,
26-01-2025,CMP-META-01,534.41,38235,1012,2.65%,0.53
26-01-2025,CMP-META-02,544.62,40748,940,2.31%,0.58
26-01-2025,CMP-GOOG-01,648.19,51329,1069,2.08%,0.61
26-01-2025,CMP-GOOG-02,504.42,0,455,0.00%,1.11
26-01-2025,CMP-EML-01,60.61,3840,89,2.32%,0.68
26-01-2025,CMP-AFF-01,0,11175,326,2.92%,
26-01-2025,CMP-ORG-00,0,1212,25,2.06%,
27-01-2025,CMP-META-01,477.95,38106,1511,3.97%,0.32
27-01-2025,CMP-META-02,599.76,46792,1390,2.97%,0.43
27-01-2025,CMP-GOOG-01,452,23336,415,1.78%,1.09
27-01-2025,CMP-GOOG-02,396.45,18703,572,3.06%,0.69
27-01-2025,CMP-EML-01,0,5363,207,3.86%,
27-01-2025,CMP-AFF-01,122.99,8589,256,2.98%,0.48
27-01-2025,CMP-ORG-00,0,1486,39,2.62%,
28-01-2025,CMP-META-01,316.99,16487,328,1.99%,0.97
28-01-2025,CMP-META-02,565.33,44078,1128,2.56%,0.5
28-01-2025,CMP-GOOG-01,714.66,28867,1020,3.53%,0.7
28-01-2025,CMP-GOOG-02,432.61,33050,1236,3.74%,0.35
28-01-2025,CMP-EML-01,32.57,1548,35,2.26%,0.93
28-01-2025,CMP-AFF-01,128.46,8361,230,2.75%,0.56
28-01-2025,CMP-ORG-00,0,1164,20,1.72%,
29-01-2025,CMP-META-01,273.09,16506,395,2.39%,0.69
29-01-2025,CMP-META-02,467.76,35725,983,2.75%,0.48
29-01-2025,CMP-GOOG-01,589.31,30390,764,2.51%,0.77
29-01-2025,CMP-GOOG-02,419.77,33294,1156,3.47%,0.36
29-01-2025,CMP-EML-01,41.51,1915,46,2.40%,0.9
29-01-2025,CMP-AFF-01,122.54,9682,191,1.97%,0.64
29-01-2025,CMP-ORG-00,0,644,19,2.95%,
30-01-2025,CMP-META-01,490.52,33809,1340,3.96%,0.37
30-01-2025,CMP-META-02,696.71,55668,1742,3.13%,0.4
30-01-2025,CMP-GOOG-01,584.34,23573,381,1.62%,1.53
30-01-2025,CMP-GOOG-02,563.1,28421,887,3.12%,0.63
30-01-2025,CMP-EML-01,77.23,3565,83,2.33%,0.93
30-01-2025,CMP-AFF-01,191.81,14261,431,3.02%,0.45
30-01-2025,CMP-ORG-00,0,1191,46,3.86%,
31-01-2025,CMP-META-01,467.59,30650,482,1.57%,0.97
31-01-2025,CMP-META-02,484.6,30364,1185,3.90%,0.41
31-01-2025,CMP-GOOG-01,381.22,19700,303,1.54%,1.26
31-01-2025,CMP-GOOG-02,783.39,61705,1889,3.06%,0.41
31-01-2025,CMP-EML-01,49.58,2215,50,2.26%,0.99
31-01-2025,CMP-AFF-01,113.45,8177,242,2.96%,0.47
31-01-2025,CMP-ORG-00,0,620,18,2.90%,
01-02-2025,CMP-META-01,595.39,43720,853,1.95%,0.7
01-02-2025,CMP-META-02,325.8,19904,689,3.46%,0.47
01-02-2025,CMP-GOOG-01,0,0,858,0.00%,
01-02-2025,CMP-GOOG-02,729.4,53558,1770,3.30%,0.41
01-02-2025,CMP-EML-01,0,2005,69,3.44%,
01-02-2025,CMP-AFF-01,106.63,5232,111,2.12%,0.96
01-02-2025,CMP-ORG-00,0,1491,55,3.69%,
02-02-2025,CMP-META-01,430.95,31480,1211,3.85%,0.36
02-02-2025,CMP-META-02,613.98,25161,702,2.79%,0.87
02-02-2025,CMP-GOOG-01,738.85,54229,1405,2.59%,0.53
02-02-2025,CMP-GOOG-02,317.41,21532,849,3.94%,0.37
02-02-2025,CMP-EML-01,35.09,1754,52,2.96%,0.67
02-02-2025,CMP-AFF-01,167.2,10053,177,1.76%,0.94
02-02-2025,CMP-ORG-00,0,848,29,3.42%,
03-02-2025,CMP-META-01,639.62,36993,874,2.36%,0.73
03-02-2025,CMP-GOOG-01,844.78,65242,1105,1.69%,0.76
03-02-2025,CMP-GOOG-02,307.85,19621,463,2.36%,0.66
03-02-2025,CMP-EML-01,50.61,2589,79,3.05%,0.64
03-02-2025,CMP-AFF-01,82.55,6055,223,3.68%,0.37
03-02-2025,CMP-ORG-00,0,896,34,3.79%,
04-02-2025,CMP-META-01,488.96,38530,719,1.87%,0.68
04-02-2025,CMP-META-02,465.9,28682,442,1.54%,1.05
04-02-2025,CMP-GOOG-01,494.22,30880,941,3.05%,0.53
04-02-2025,CMP-GOOG-02,714.62,48072,1190,2.48%,0.6
04-02-2025,CMP-EML-01,38.77,2293,71,3.10%,0.55
04-02-2025,CMP-AFF-01,105.96,8190,276,3.37%,0.38
04-02-2025,CMP-ORG-00,0,811,17,2.10%,
05-02-2025,CMP-META-01,386.39,16784,496,2.96%,0.78
05-02-2025,CMP-META-02,680.1,34426,1016,2.95%,0.67
05-02-2025,CMP-GOOG-01,348.28,24795,396,1.60%,0.88
05-02-2025,CMP-GOOG-02,718.07,39411,1301,3.30%,0.55
05-02-2025,CMP-EML-01,65.06,5086,159,3.13%,0.41
05-02-2025,CMP-AFF-01,163.07,6587,161,2.44%,1.01
05-02-2025,CMP-ORG-00,0,1444,46,3.19%,
06-02-2025,CMP-META-01,303.5,23230,540,2.32%,0.56
06-02-2025,CMP-GOOG-01,553.31,29178,1163,3.99%,0.48
06-02-2025,CMP-GOOG-02,783.27,33236,843,2.54%,0.93
06-02-2025,CMP-EML-01,32.65,1760,50,2.84%,0.65
06-02-2025,CMP-AFF-01,207.6,15657,581,3.71%,0.36
06-02-2025,CMP-ORG-00,0,921,14,1.52%,
07-02-2025,CMP-META-01,490.66,33298,1149,3.45%,0.43
07-02-2025,CMP-META-02,448.93,25512,959,3.76%,0.47
07-02-2025,CMP-GOOG-01,0,36119,726,2.01%,
07-02-2025,CMP-GOOG-02,690.41,0,2155,0.00%,0.32
07-02-2025,CMP-EML-01,41.67,1778,33,1.86%,1.26
07-02-2025,CMP-AFF-01,112.54,7174,134,1.87%,0.84
08-02-2025,CMP-META-01,508.5,38014,719,1.89%,0.71
08-02-2025,CMP-META-02,342.09,13926,496,3.56%,0.69
08-02-2025,CMP-GOOG-01,0,19808,733,3.70%,
08-02-2025,CMP-GOOG-02,579.82,36147,556,1.54%,1.04
08-02-2025,CMP-EML-01,65.96,3971,103,2.59%,0.64
08-02-2025,CMP-AFF-01,185.59,14201,451,3.18%,0.41
08-02-2025,CMP-ORG-00,0,654,15,2.29%,
09-02-2025,CMP-META-01,453.72,22005,376,1.71%,1.21
09-02-2025,CMP-META-02,456.61,19573,686,3.50%,0.67
09-02-2025,CMP-GOOG-01,0,28913,1003,3.47%,
09-02-2025,CMP-GOOG-02,421.03,29865,1187,3.97%,0.35
09-02-2025,CMP-EML-01,33.3,1791,58,3.24%,0.57
09-02-2025,CMP-AFF-01,158.78,10342,220,2.13%,0.72
09-02-2025,CMP-ORG-00,0,1413,28,1.98%,
10-02-2025,CMP-META-01,298.15,13972,492,3.52%,0.61
10-02-2025,CMP-META-02,619.17,33888,780,2.30%,0.79
10-02-2025,CMP-GOOG-01,570.06,36489,824,2.26%,0.69
10-02-2025,CMP-GOOG-02,768.47,36738,670,1.82%,1.15
10-02-2025,CMP-EML-01,74.24,5700,112,1.96%,0.66
10-02-2025,CMP-AFF-01,206.91,12362,477,3.86%,0.43
10-02-2025,CMP-ORG-00,0,1034,28,2.71%,
11-02-2025,CMP-META-01,360.69,18442,459,2.49%,0.79
11-02-2025,CMP-GOOG-01,0,29155,1057,3.63%,
11-02-2025,CMP-GOOG-02,529.33,26856,404,1.50%,1.31
11-02-2025,CMP-EML-01,65.24,4714,140,2.97%,0.47
11-02-2025,CMP-AFF-01,93.09,4941,98,1.98%,0.95
11-02-2025,CMP-ORG-00,0,0,28,0.00%,
12-02-2025,CMP-META-01,402.56,24570,593,2.41%,0.68
12-02-2025,CMP-GOOG-01,406.31,29075,529,1.82%,0.77
12-02-2025,CMP-GOOG-02,625.47,25219,790,3.13%,0.79
12-02-2025,CMP-EML-01,37.99,2655,51,1.92%,0.74
12-02-2025,CMP-AFF-01,143.35,7457,187,2.51%,0.77
12-02-2025,CMP-ORG-00,0,1429,44,3.08%,
13-02-2025,CMP-META-01,430.17,31059,727,2.34%,0.59
13-02-2025,CMP-META-02,295.21,12635,384,3.04%,0.77
13-02-2025,CMP-GOOG-02,743.66,32683,1080,3.30%,0.69
13-02-2025,CMP-EML-01,31.49,2313,49,2.12%,0.64
13-02-2025,CMP-AFF-01,0,6673,146,2.19%,
13-02-2025,CMP-ORG-00,0,807,18,2.23%,
14-02-2025,CMP-META-01,701.69,51328,1704,3.32%,0.41
14-02-2025,CMP-META-02,441.37,30175,1177,3.90%,0.37
14-02-2025,CMP-GOOG-01,331.12,23491,409,1.74%,0.81
14-02-2025,CMP-GOOG-02,849.77,47021,1156,2.46%,0.74
14-02-2025,CMP-EML-01,58.56,4599,107,2.33%,0.55
14-02-2025,CMP-AFF-01,114.81,8298,159,1.92%,0.72
14-02-2025,CMP-ORG-00,0,1300,50,3.85%,
15-02-2025,CMP-META-01,652.32,37566,1187,3.16%,0.55
15-02-2025,CMP-META-02,721.35,37331,934,2.50%,0.77
15-02-2025,CMP-GOOG-01,805.99,58837,999,1.70%,0.81
15-02-2025,CMP-GOOG-02,417.75,23486,635,2.70%,0.66
15-02-2025,CMP-EML-01,65.97,3732,116,3.11%,0.57
15-02-2025,CMP-AFF-01,194.63,14539,369,2.54%,0.53
15-02-2025,CMP-ORG-00,0,579,21,3.63%,
16-02-2025,CMP-META-01,398.25,16282,311,1.91%,1.28
16-02-2025,CMP-META-02,582.03,45320,1586,3.50%,0.37
16-02-2025,CMP-GOOG-01,598.09,45870,1079,2.35%,0.55
16-02-2025,CMP-GOOG-02,334.25,26560,478,1.80%,0.7
16-02-2025,CMP-EML-01,72.13,2990,46,1.54%,1.57
16-02-2025,CMP-AFF-01,148.27,6589,145,2.20%,1.02
16-02-2025,CMP-ORG-00,0,1194,21,1.76%,
17-02-2025,CMP-META-02,702.33,47922,778,1.62%,0.9
17-02-2025,CMP-GOOG-01,0,0,580,0.00%,
17-02-2025,CMP-GOOG-02,547.75,35620,547,1.54%,1
17-02-2025,CMP-EML-01,59.09,4014,152,3.79%,0.39
17-02-2025,CMP-AFF-01,161.93,8294,203,2.45%,0.8
17-02-2025,CMP-ORG-00,0,1241,44,3.55%,
18-02-2025,CMP-META-01,544.76,35650,1140,3.20%,0.48
18-02-2025,CMP-META-02,655.77,36193,1349,3.73%,0.49
18-02-2025,CMP-GOOG-01,783.08,38435,695,1.81%,1.13
18-02-2025,CMP-GOOG-02,803.26,46808,769,1.64%,1.04
18-02-2025,CMP-EML-01,50.37,4014,93,2.32%,0.54
18-02-2025,CMP-AFF-01,97.97,5256,155,2.95%,0.63
18-02-2025,CMP-ORG-00,0,668,13,1.95%,
19-02-2025,CMP-META-01,520.87,22314,589,2.64%,0.88
19-02-2025,CMP-META-02,438.59,34954,881,2.52%,0.5
19-02-2025,CMP-GOOG-01,409.41,26210,1002,3.82%,0.41
19-02-2025,CMP-GOOG-02,571.28,35499,1202,3.39%,0.48
19-02-2025,CMP-EML-01,73.07,5837,226,3.87%,0.32
19-02-2025,CMP-AFF-01,154.11,9027,206,2.28%,0.75
19-02-2025,CMP-ORG-00,0,1162,21,1.81%,
20-02-2025,CMP-META-01,0,39380,795,2.02%,
20-02-2025,CMP-META-02,728.64,53720,1591,2.96%,0.46
20-02-2025,CMP-GOOG-01,335.89,21676,794,3.66%,0.42
20-02-2025,CMP-GOOG-02,399.97,19087,633,3.32%,0.63
20-02-2025,CMP-EML-01,31.49,1606,25,1.56%,1.26
20-02-2025,CMP-AFF-01,203.94,10192,207,2.03%,0.99
20-02-2025,CMP-ORG-00,0,765,27,3.53%,
21-02-2025,CMP-META-01,421.7,23906,641,2.68%,0.66
21-02-2025,CMP-META-02,513.62,26590,941,3.54%,0.55
21-02-2025,CMP-GOOG-01,509.4,31319,732,2.34%,0.7
21-02-2025,CMP-GOOG-02,792.1,41491,1409,3.40%,0.56
21-02-2025,CMP-EML-01,52.67,2551,102,4.00%,0.52
21-02-2025,CMP-AFF-01,182.84,10897,247,2.27%,0.74
21-02-2025,CMP-ORG-00,0,1253,28,2.23%,
22-02-2025,CMP-META-01,735.17,32508,901,2.77%,0.82
22-02-2025,CMP-META-02,396.62,31304,778,2.49%,0.51
22-02-2025,CMP-GOOG-01,717.63,51432,1364,2.65%,0.53
22-02-2025,CMP-GOOG-02,526.18,30415,886,2.91%,0.59
22-02-2025,CMP-EML-01,51.29,2920,104,3.56%,0.49
22-02-2025,CMP-AFF-01,160.98,8765,274,3.13%,0.59
22-02-2025,CMP-ORG-00,0,680,20,2.94%,
23-02-2025,CMP-META-01,453.18,31786,895,2.82%,0.51
23-02-2025,CMP-META-02,311.34,17868,602,3.37%,0.52
23-02-2025,CMP-GOOG-01,759.28,41123,1379,3.35%,0.55
23-02-2025,CMP-GOOG-02,389.62,24995,682,2.73%,0.57
23-02-2025,CMP-EML-01,54.51,3165,89,2.81%,0.61
23-02-2025,CMP-AFF-01,102.55,0,266,0.00%,0.39
23-02-2025,CMP-ORG-00,0,620,12,1.94%,
24-02-2025,CMP-META-01,0,11572,433,3.74%,
24-02-2025,CMP-META-02,288.34,17935,687,3.83%,0.42
24-02-2025,CMP-GOOG-01,654.7,31416,661,2.10%,0.99
24-02-2025,CMP-GOOG-02,347.98,18617,457,2.45%,0.76
24-02-2025,CMP-EML-01,50.84,2233,50,2.24%,1.02
24-02-2025,CMP-AFF-01,134.32,9408,243,2.58%,0.55
24-02-2025,CMP-ORG-00,0,633,15,2.37%,
25-02-2025,CMP-META-02,572.55,38778,1323,3.41%,0.43
25-02-2025,CMP-GOOG-01,471.63,34419,809,2.35%,0.58
25-02-2025,CMP-GOOG-02,307.95,14808,358,2.42%,0.86
25-02-2025,CMP-EML-01,39.33,2714,104,3.83%,0.38
25-02-2025,CMP-AFF-01,87.46,3911,95,2.43%,0.92
25-02-2025,CMP-ORG-00,0,601,11,1.83%,
26-02-2025,CMP-META-01,282.39,13575,530,3.90%,0.53
26-02-2025,CMP-META-02,577.99,40705,1424,3.50%,0.41
26-02-2025,CMP-GOOG-01,458.44,32862,753,2.29%,0.61
26-02-2025,CMP-GOOG-02,746.98,52439,1611,3.07%,0.46
26-02-2025,CMP-EML-01,49.47,3612,99,2.74%,0.5
26-02-2025,CMP-AFF-01,98.06,5572,183,3.28%,0.54
26-02-2025,CMP-ORG-00,0,580,11,1.90%,
27-02-2025,CMP-META-01,716.42,38047,916,2.41%,0.78
27-02-2025,CMP-META-02,683.27,38120,1441,3.78%,0.47
27-02-2025,CMP-GOOG-01,657.98,43514,1719,3.95%,0.38
27-02-2025,CMP-GOOG-02,330.02,21180,319,1.51%,1.03
27-02-2025,CMP-EML-01,42.21,3151,121,3.84%,0.35
27-02-2025,CMP-AFF-01,208.62,15545,403,2.59%,0.52
27-02-2025,CMP-ORG-00,0,1372,30,2.19%,
28-02-2025,CMP-META-01,381.95,20646,659,3.19%,0.58
28-02-2025,CMP-META-02,0,30101,1002,3.33%,
28-02-2025,CMP-GOOG-01,614.68,26826,914,3.41%,0.67
28-02-2025,CMP-GOOG-02,370.48,19288,683,3.54%,0.54
28-02-2025,CMP-EML-01,0,1893,34,1.80%,
28-02-2025,CMP-AFF-01,185.24,11977,296,2.47%,0.63
28-02-2025,CMP-ORG-00,0,1264,46,3.64%,
01-03-2025,CMP-META-01,737.68,38368,929,2.42%,0.79
01-03-2025,CMP-META-02,292.32,13146,344,2.62%,0.85
01-03-2025,CMP-GOOG-01,637.52,48962,1557,3.18%,0.41
01-03-2025,CMP-GOOG-02,743.27,37020,1055,2.85%,0.7
01-03-2025,CMP-EML-01,49.93,2573,68,2.64%,0.73
01-03-2025,CMP-AFF-01,176.75,13474,204,1.51%,0.87
01-03-2025,CMP-ORG-00,0,1483,34,2.29%,
02-03-2025,CMP-META-01,604.25,36070,1136,3.15%,0.53
02-03-2025,CMP-META-02,268.8,14070,541,3.85%,0.5
02-03-2025,CMP-GOOG-01,431.57,31234,844,2.70%,0.51
02-03-2025,CMP-GOOG-02,617.01,45256,940,2.08%,0.66
02-03-2025,CMP-EML-01,41,2803,43,1.53%,0.95
02-03-2025,CMP-AFF-01,0,9642,353,3.66%,
02-03-2025,CMP-ORG-00,0,659,23,3.49%,
03-03-2025,CMP-META-01,271.33,18513,711,3.84%,0.38
03-03-2025,CMP-META-02,698.42,46832,824,1.76%,0.85
03-03-2025,CMP-GOOG-01,345.54,18215,574,3.15%,0.6
03-03-2025,CMP-GOOG-02,418.79,18560,536,2.89%,0.78
03-03-2025,CMP-EML-01,35.53,2394,91,3.80%,0.39
03-03-2025,CMP-AFF-01,92.79,5047,200,3.96%,0.46
03-03-2025,CMP-ORG-00,0,1171,39,3.33%,
04-03-2025,CMP-META-01,448.56,18116,328,1.81%,1.37
04-03-2025,CMP-META-02,715.17,41785,660,1.58%,1.08
04-03-2025,CMP-GOOG-01,390.33,26895,1058,3.93%,0.37
04-03-2025,CMP-GOOG-02,521.89,36011,1103,3.06%,0.47
04-03-2025,CMP-EML-01,66.97,4920,126,2.56%,0.53
04-03-2025,CMP-AFF-01,167.88,10035,259,2.58%,0.65
04-03-2025,CMP-ORG-00,0,1437,22,1.53%,
05-03-2025,CMP-META-01,356.79,22057,375,1.70%,0.95
05-03-2025,CMP-META-02,545.32,25900,775,2.99%,0.7
05-03-2025,CMP-GOOG-01,556.98,22446,343,1.53%,1.62
05-03-2025,CMP-GOOG-02,775.3,51930,1778,3.42%,0.44
05-03-2025,CMP-EML-01,46.26,2580,54,2.09%,0.86
05-03-2025,CMP-AFF-01,129.28,6372,228,3.58%,0.57
05-03-2025,CMP-ORG-00,0,1454,43,2.96%,
06-03-2025,CMP-META-01,437.96,23339,431,1.85%,1.02
06-03-2025,CMP-META-02,0,37786,785,2.08%,
06-03-2025,CMP-GOOG-01,504.31,36511,1188,3.25%,0.42
06-03-2025,CMP-GOOG-02,596.17,30227,567,1.88%,1.05
06-03-2025,CMP-EML-01,32.83,2270,75,3.30%,0.44
06-03-2025,CMP-AFF-01,215.18,9169,292,3.18%,0.74
06-03-2025,CMP-ORG-00,0,972,34,3.50%,
07-03-2025,CMP-META-01,334.85,14749,430,2.92%,0.78
07-03-2025,CMP-META-02,279.48,13196,506,3.83%,0.55
07-03-2025,CMP-GOOG-01,369.97,23061,431,1.87%,0.86
07-03-2025,CMP-GOOG-02,623.64,49449,1102,2.23%,0.57
07-03-2025,CMP-EML-01,37.55,1626,33,2.03%,1.14
07-03-2025,CMP-AFF-01,136.25,10018,374,3.73%,0.36
07-03-2025,CMP-ORG-00,0,818,15,1.83%,
08-03-2025,CMP-META-01,524.42,27412,908,3.31%,0.58
08-03-2025,CMP-META-02,0,43009,1697,3.95%,
08-03-2025,CMP-GOOG-01,701.86,52429,1050,2.00%,0.67
08-03-2025,CMP-GOOG-02,830.95,36996,608,1.64%,1.37
08-03-2025,CMP-EML-01,58.07,2929,116,3.96%,0.5
08-03-2025,CMP-AFF-01,90.75,6961,116,1.67%,0.78
08-03-2025,CMP-ORG-00,0,730,15,2.05%,
09-03-2025,CMP-META-01,612.96,33567,1307,3.89%,0.47
09-03-2025,CMP-META-02,518.68,39620,1276,3.22%,0.41
09-03-2025,CMP-GOOG-01,770.11,55369,1846,3.33%,0.42
09-03-2025,CMP-GOOG-02,650.05,49881,1622,3.25%,0.4
09-03-2025,CMP-EML-01,76.41,3122,121,3.88%,0.63
09-03-2025,CMP-AFF-01,140.45,6965,203,2.91%,0.69
09-03-2025,CMP-ORG-00,0,556,15,2.70%,
10-03-2025,CMP-META-01,269.91,0,215,0.00%,1.26
10-03-2025,CMP-META-02,373.01,22039,455,2.06%,0.82
10-03-2025,CMP-GOOG-01,666.8,39591,898,2.27%,0.74
10-03-2025,CMP-GOOG-02,353.89,24070,375,1.56%,0.94
10-03-2025,CMP-EML-01,33.14,1773,34,1.92%,0.97
10-03-2025,CMP-ORG-00,0,980,30,3.06%,
11-03-2025,CMP-META-01,655.52,32422,1105,3.41%,0.59
11-03-2025,CMP-META-02,305.23,19412,728,3.75%,0.42
11-03-2025,CMP-GOOG-01,411.77,22939,595,2.59%,0.69
11-03-2025,CMP-GOOG-02,314.17,14976,566,3.78%,0.56
11-03-2025,CMP-EML-01,52.49,3830,102,2.66%,0.51
11-03-2025,CMP-AFF-01,144.58,9880,374,3.79%,0.39
11-03-2025,CMP-ORG-00,0,675,20,2.96%,
12-03-2025,CMP-META-01,361.63,27862,1006,3.61%,0.36
12-03-2025,CMP-META-02,363.49,19412,774,3.99%,0.47
12-03-2025,CMP-GOOG-01,658.03,48132,1387,2.88%,0.47
12-03-2025,CMP-GOOG-02,367.78,19859,703,3.54%,0.52
12-03-2025,CMP-EML-01,38.22,2466,87,3.53%,0.44
12-03-2025,CMP-AFF-01,99.6,7432,239,3.22%,0.42
12-03-2025,CMP-ORG-00,0,637,12,1.88%,
13-03-2025,CMP-META-01,715.4,44977,1319,2.93%,0.54
13-03-2025,CMP-META-02,682.96,35051,596,1.70%,1.15
13-03-2025,CMP-GOOG-01,511.37,34555,837,2.42%,0.61
13-03-2025,CMP-GOOG-02,508.04,22352,431,1.93%,1.18
13-03-2025,CMP-EML-01,75.29,6002,109,1.82%,0.69
13-03-2025,CMP-AFF-01,101.63,4104,97,2.36%,1.05
13-03-2025,CMP-ORG-00,0,1179,24,2.04%,
14-03-2025,CMP-META-01,721.9,33069,990,2.99%,0.73
14-03-2025,CMP-META-02,537.62,38135,1460,3.83%,0.37
14-03-2025,CMP-GOOG-01,459.56,24737,501,2.03%,0.92
14-03-2025,CMP-GOOG-02,790.45,46507,1597,3.43%,0.49
14-03-2025,CMP-EML-01,30.65,2363,76,3.22%,0.4
14-03-2025,CMP-AFF-01,139.89,5797,93,1.60%,1.5
14-03-2025,CMP-ORG-00,0,1323,43,3.25%,
15-03-2025,CMP-META-01,354.17,26155,860,3.29%,0.41
15-03-2025,CMP-META-02,451.29,31536,949,3.01%,0.48
15-03-2025,CMP-GOOG-01,409.18,17383,454,2.61%,0.9
15-03-2025,CMP-GOOG-02,343.26,18233,394,2.16%,0.87
15-03-2025,CMP-ORG-00,0,1124,41,3.65%,
16-03-2025,CMP-META-01,0,27217,886,3.26%,
16-03-2025,CMP-META-02,321.14,17795,394,2.21%,0.82
16-03-2025,CMP-GOOG-01,329.18,15157,440,2.90%,0.75
16-03-2025,CMP-GOOG-02,330.87,0,435,0.00%,0.76
16-03-2025,CMP-EML-01,60.71,3191,56,1.75%,1.08
16-03-2025,CMP-AFF-01,217.34,17029,482,2.83%,0.45
16-03-2025,CMP-ORG-00,0,1197,22,1.84%,
17-03-2025,CMP-META-01,0,13418,383,2.85%,
17-03-2025,CMP-META-02,406.82,30416,748,2.46%,0.54
17-03-2025,CMP-GOOG-01,793.26,40596,1502,3.70%,0.53
17-03-2025,CMP-GOOG-02,716.49,55225,1515,2.74%,0.47
17-03-2025,CMP-EML-01,46.36,2943,58,1.97%,0.8
17-03-2025,CMP-AFF-01,135.18,8149,259,3.18%,0.52
17-03-2025,CMP-ORG-00,0,1140,28,2.46%,
18-03-2025,CMP-META-01,251.78,11917,357,3.00%,0.71
18-03-2025,CMP-META-02,356.67,26345,875,3.32%,0.41
18-03-2025,CMP-GOOG-01,388.75,23036,649,2.82%,0.6
18-03-2025,CMP-GOOG-02,0,27205,841,3.09%,
18-03-2025,CMP-EML-01,45.24,2606,58,2.23%,0.78
18-03-2025,CMP-AFF-01,183.9,14072,465,3.30%,0.4
18-03-2025,CMP-ORG-00,0,724,24,3.31%,
19-03-2025,CMP-META-01,279.91,0,486,0.00%,0.58
19-03-2025,CMP-META-02,525.83,30226,1044,3.45%,0.5
19-03-2025,CMP-GOOG-01,796.15,40228,1424,3.54%,0.56
19-03-2025,CMP-GOOG-02,695.21,29707,905,3.05%,0.77
19-03-2025,CMP-EML-01,39.72,2040,73,3.58%,0.54
19-03-2025,CMP-AFF-01,122.96,6136,164,2.67%,0.75
19-03-2025,CMP-ORG-00,0,1015,27,2.66%,
20-03-2025,CMP-META-01,280.04,19280,509,2.64%,0.55
20-03-2025,CMP-META-02,675.24,47449,1765,3.72%,0.38
20-03-2025,CMP-GOOG-01,806.92,54796,847,1.55%,0.95
20-03-2025,CMP-GOOG-02,377.65,28415,886,3.12%,0.43
20-03-2025,CMP-EML-01,77.35,4610,138,2.99%,0.56
20-03-2025,CMP-ORG-00,0,1053,40,3.80%,
21-03-2025,CMP-META-01,337,19443,741,3.81%,0.45
21-03-2025,CMP-META-02,549.99,40287,882,2.19%,0.62
21-03-2025,CMP-GOOG-01,402.43,23047,516,2.24%,0.78
21-03-2025,CMP-GOOG-02,777.2,46604,1453,3.12%,0.53
21-03-2025,CMP-EML-01,0,3815,146,3.83%,
21-03-2025,CMP-AFF-01,89.33,4938,96,1.94%,0.93
21-03-2025,CMP-ORG-00,0,616,24,3.90%,
22-03-2025,CMP-META-01,338.72,24713,406,1.64%,0.83
22-03-2025,CMP-META-02,584.85,43614,1515,3.47%,0.39
22-03-2025,CMP-GOOG-01,322.06,22558,722,3.20%,0.45
22-03-2025,CMP-GOOG-02,451.86,31521,940,2.98%,0.48
22-03-2025,CMP-EML-01,63.01,3441,123,3.57%,0.51
22-03-2025,CMP-AFF-01,129.78,9170,202,2.20%,0.64
22-03-2025,CMP-ORG-00,0,951,29,3.05%,
23-03-2025,CMP-META-01,577.62,29182,575,1.97%,1
23-03-2025,CMP-META-02,461.76,19197,621,3.23%,0.74
23-03-2025,CMP-GOOG-01,535.73,42647,705,1.65%,0.76
23-03-2025,CMP-GOOG-02,837.55,63519,1673,2.63%,0.5
23-03-2025,CMP-EML-01,79.28,5456,89,1.63%,0.89
23-03-2025,CMP-AFF-01,212.63,14837,397,2.68%,0.54
23-03-2025,CMP-ORG-00,0,1319,33,2.50%,
24-03-2025,CMP-META-01,278.17,13658,236,1.73%,1.18
24-03-2025,CMP-META-02,686.48,29307,996,3.40%,0.69
24-03-2025,CMP-GOOG-01,405.1,25847,803,3.11%,0.5
24-03-2025,CMP-GOOG-02,404.78,19654,692,3.52%,0.58
24-03-2025,CMP-EML-01,64.67,4950,190,3.84%,0.34
24-03-2025,CMP-AFF-01,107.35,7062,267,3.78%,0.4
24-03-2025,CMP-ORG-00,0,1301,26,2.00%,
25-03-2025,CMP-META-01,518.87,34999,676,1.93%,0.77
25-03-2025,CMP-META-02,570.48,29396,545,1.85%,1.05
25-03-2025,CMP-GOOG-01,675.35,42214,1280,3.03%,0.53
25-03-2025,CMP-GOOG-02,668.18,32317,935,2.89%,0.71
25-03-2025,CMP-EML-01,39.71,2240,54,2.41%,0.74
25-03-2025,CMP-AFF-01,164.31,7020,111,1.58%,1.48
25-03-2025,CMP-ORG-00,0,1267,34,2.68%,
26-03-2025,CMP-META-01,376.14,25644,816,3.18%,0.46
26-03-2025,CMP-META-02,493.8,32362,1235,3.82%,0.4
26-03-2025,CMP-GOOG-01,354.15,14341,542,3.78%,0.65
26-03-2025,CMP-GOOG-02,754.97,48601,1606,3.30%,0.47
26-03-2025,CMP-EML-01,0,3405,58,1.70%,
26-03-2025,CMP-AFF-01,203.3,10048,299,2.98%,0.68
26-03-2025,CMP-ORG-00,0,1370,24,1.75%,
27-03-2025,CMP-META-01,721.72,47752,1385,2.90%,0.52
27-03-2025,CMP-META-02,251.3,10997,180,1.64%,1.4
27-03-2025,CMP-GOOG-01,794.44,55561,2219,3.99%,0.36
27-03-2025,CMP-GOOG-02,411.47,20859,671,3.22%,0.61
27-03-2025,CMP-EML-01,33.12,2222,61,2.75%,0.54
27-03-2025,CMP-AFF-01,197.67,14182,234,1.65%,0.84
27-03-2025,CMP-ORG-00,0,920,26,2.83%,
28-03-2025,CMP-META-01,555.75,34537,1269,3.67%,0.44
28-03-2025,CMP-META-02,500.29,32987,1186,3.60%,0.42
28-03-2025,CMP-GOOG-01,492.74,25824,706,2.73%,0.7
28-03-2025,CMP-GOOG-02,815.82,41446,790,1.91%,1.03
28-03-2025,CMP-EML-01,45.81,2025,60,2.96%,0.76
28-03-2025,CMP-AFF-01,175.43,8565,186,2.17%,0.94
28-03-2025,CMP-ORG-00,0,1400,45,3.21%,
29-03-2025,CMP-META-01,521.24,21360,671,3.14%,0.78
29-03-2025,CMP-META-02,608.47,35770,745,2.08%,0.82
29-03-2025,CMP-GOOG-01,730.54,36606,646,1.76%,1.13
29-03-2025,CMP-GOOG-02,0,37412,1482,3.96%,
29-03-2025,CMP-EML-01,35.55,1463,48,3.28%,0.74
29-03-2025,CMP-AFF-01,191.14,12707,354,2.79%,0.54
29-03-2025,CMP-ORG-00,0,1090,39,3.58%,
30-03-2025,CMP-META-01,350.99,21832,686,3.14%,0.51
30-03-2025,CMP-META-02,348.63,26549,656,2.47%,0.53
30-03-2025,CMP-GOOG-01,575.43,28383,701,2.47%,0.82
30-03-2025,CMP-GOOG-02,829.43,34325,1236,3.60%,0.67
30-03-2025,CMP-EML-01,50.96,3381,113,3.34%,0.45
30-03-2025,CMP-AFF-01,201.71,11986,207,1.73%,0.97
30-03-2025,CMP-ORG-00,0,974,18,1.85%,
31-03-2025,CMP-META-01,557.84,30040,605,2.01%,0.92
31-03-2025,CMP-META-02,509.72,21316,586,2.75%,0.87
31-03-2025,CMP-GOOG-01,357.81,21137,712,3.37%,0.5
31-03-2025,CMP-GOOG-02,730.4,56883,1546,2.72%,0.47
31-03-2025,CMP-EML-01,33.73,1965,62,3.16%,0.54
31-03-2025,CMP-AFF-01,82.64,5937,198,3.34%,0.42
31-03-2025,CMP-ORG-00,0,1080,37,3.43%,
01-04-2025,CMP-META-01,314.92,22603,409,1.81%,0.77
01-04-2025,CMP-META-02,453.74,34912,1283,3.67%,0.35
01-04-2025,CMP-GOOG-01,710.48,42107,1564,3.71%,0.45
01-04-2025,CMP-GOOG-02,817.04,44647,928,2.08%,0.88
01-04-2025,CMP-EML-01,72.05,5505,170,3.09%,0.42
01-04-2025,CMP-AFF-01,201.54,11734,180,1.53%,1.12
01-04-2025,CMP-ORG-00,0,1060,39,3.68%,
02-04-2025,CMP-META-01,570.92,37127,921,2.48%,0.62
02-04-2025,CMP-META-02,648.2,39440,1251,3.17%,0.52
02-04-2025,CMP-GOOG-01,407.83,16618,517,3.11%,0.79
02-04-2025,CMP-GOOG-02,656.77,52174,1664,3.19%,0.39
02-04-2025,CMP-EML-01,0,3067,111,3.62%,
02-04-2025,CMP-AFF-01,0,9615,276,2.87%,
02-04-2025,CMP-ORG-00,0,1197,31,2.59%,
03-04-2025,CMP-META-01,272.15,13361,234,1.75%,1.16
03-04-2025,CMP-META-02,343.38,23947,583,2.43%,0.59
03-04-2025,CMP-GOOG-01,828.87,63848,1509,2.36%,0.55
03-04-2025,CMP-GOOG-02,666.09,36392,1010,2.78%,0.66
03-04-2025,CMP-EML-01,69.24,0,88,0.00%,0.79
03-04-2025,CMP-AFF-01,198.02,12951,248,1.91%,0.8
03-04-2025,CMP-ORG-00,0,932,27,2.90%,
04-04-2025,CMP-META-01,637.51,43777,1572,3.59%,0.41
04-04-2025,CMP-META-02,720.64,55224,2035,3.68%,0.35
04-04-2025,CMP-GOOG-01,803.07,43611,1726,3.96%,0.47
04-04-2025,CMP-GOOG-02,750.62,47813,915,1.91%,0.82
04-04-2025,CMP-AFF-01,137.96,6771,179,2.64%,0.77
04-04-2025,CMP-ORG-00,0,539,18,3.34%,
05-04-2025,CMP-META-01,622.05,26818,644,2.40%,0.97
05-04-2025,CMP-META-02,728.95,49594,1655,3.34%,0.44
05-04-2025,CMP-GOOG-01,346.22,22257,639,2.87%,0.54
05-04-2025,CMP-GOOG-02,790.63,58205,917,1.58%,0.86
05-04-2025,CMP-EML-01,0,4790,96,2.00%,
05-04-2025,CMP-AFF-01,168.61,9775,217,2.22%,0.78
05-04-2025,CMP-ORG-00,0,1442,23,1.60%,
06-04-2025,CMP-META-01,708.14,36920,1029,2.79%,0.69
06-04-2025,CMP-META-02,638.79,37530,740,1.97%,0.86
06-04-2025,CMP-GOOG-01,844.09,60463,1594,2.64%,0.53
06-04-2025,CMP-GOOG-02,667.32,47064,930,1.98%,0.72
06-04-2025,CMP-EML-01,64.13,3396,115,3.39%,0.56
06-04-2025,CMP-AFF-01,159.32,10855,227,2.09%,0.7
06-04-2025,CMP-ORG-00,0,1408,38,2.70%,
07-04-2025,CMP-META-01,443.72,29017,916,3.16%,0.48
07-04-2025,CMP-META-02,731.31,52128,1545,2.96%,0.47
07-04-2025,CMP-GOOG-01,585.64,39702,1255,3.16%,0.47
07-04-2025,CMP-GOOG-02,817.38,46082,1239,2.69%,0.66
07-04-2025,CMP-EML-01,71.15,3166,112,3.54%,0.64
07-04-2025,CMP-AFF-01,123.08,5559,144,2.59%,0.85
07-04-2025,CMP-ORG-00,0,618,15,2.43%,
08-04-2025,CMP-META-01,349.33,20598,419,2.03%,0.83
08-04-2025,CMP-META-02,0,25786,556,2.16%,
08-04-2025,CMP-GOOG-01,776.69,36318,572,1.57%,1.36
08-04-2025,CMP-GOOG-02,447.2,26012,777,2.99%,0.58
08-04-2025,CMP-EML-01,73.96,5508,100,1.82%,0.74
08-04-2025,CMP-AFF-01,83.95,6145,109,1.77%,0.77
08-04-2025,CMP-ORG-00,0,546,18,3.30%,
09-04-2025,CMP-META-01,402.18,24334,658,2.70%,0.61
09-04-2025,CMP-META-02,0,12943,347,2.68%,
09-04-2025,CMP-GOOG-01,577.41,43276,1304,3.01%,0.44
09-04-2025,CMP-GOOG-02,525.24,37662,1074,2.85%,0.49
09-04-2025,CMP-EML-01,60.43,3146,113,3.59%,0.53
09-04-2025,CMP-AFF-01,0,6797,253,3.72%,
09-04-2025,CMP-ORG-00,0,1343,52,3.87%,
10-04-2025,CMP-META-01,357.65,15649,346,2.21%,1.03
10-04-2025,CMP-META-02,388.97,24189,602,2.49%,0.65
10-04-2025,CMP-GOOG-01,817.45,55543,1706,3.07%,0.48
10-04-2025,CMP-EML-01,44.09,2224,42,1.89%,1.05
10-04-2025,CMP-AFF-01,167.81,12565,481,3.83%,0.35
10-04-2025,CMP-ORG-00,0,1376,28,2.03%,
11-04-2025,CMP-META-01,489.02,32707,1307,4.00%,0.37
11-04-2025,CMP-META-02,262.21,0,679,0.00%,0.39
11-04-2025,CMP-GOOG-02,799.57,37014,742,2.00%,1.08
11-04-2025,CMP-EML-01,58.84,4523,104,2.30%,0.57
11-04-2025,CMP-AFF-01,110.73,6097,226,3.71%,0.49
11-04-2025,CMP-ORG-00,0,522,10,1.92%,
12-04-2025,CMP-META-01,591.2,40415,964,2.39%,0.61
12-04-2025,CMP-META-02,418.78,19946,723,3.62%,0.58
12-04-2025,CMP-GOOG-01,796.45,44902,1218,2.71%,0.65
12-04-2025,CMP-GOOG-02,706.17,30560,472,1.54%,1.5
12-04-2025,CMP-EML-01,0,0,53,0.00%,
12-04-2025,CMP-AFF-01,126.36,9285,249,2.68%,0.51
12-04-2025,CMP-ORG-00,0,1490,39,2.62%,
13-04-2025,CMP-META-01,382.18,24785,726,2.93%,0.53
13-04-2025,CMP-META-02,256.74,15035,580,3.86%,0.44
13-04-2025,CMP-GOOG-02,602.67,29608,1170,3.95%,0.52
13-04-2025,CMP-EML-01,79.73,4638,89,1.92%,0.9
13-04-2025,CMP-AFF-01,94.53,4533,178,3.93%,0.53
13-04-2025,CMP-ORG-00,0,0,20,0.00%,
14-04-2025,CMP-META-01,515.36,31065,805,2.59%,0.64
14-04-2025,CMP-META-02,379.03,23464,588,2.51%,0.64
14-04-2025,CMP-GOOG-01,411,32761,1133,3.46%,0.36
14-04-2025,CMP-GOOG-02,739.19,40619,843,2.08%,0.88
14-04-2025,CMP-EML-01,30.16,2016,37,1.84%,0.82
14-04-2025,CMP-AFF-01,0,7859,300,3.82%,
14-04-2025,CMP-ORG-00,0,1234,20,1.62%,
15-04-2025,CMP-META-01,343.44,23240,696,2.99%,0.49
15-04-2025,CMP-META-02,465.94,24566,756,3.08%,0.62
15-04-2025,CMP-GOOG-01,437.5,19688,466,2.37%,0.94
15-04-2025,CMP-GOOG-02,404.58,31502,686,2.18%,0.59
15-04-2025,CMP-EML-01,56.45,3563,95,2.67%,0.59
15-04-2025,CMP-AFF-01,209.41,10265,297,2.89%,0.71
15-04-2025,CMP-ORG-00,0,820,26,3.17%,
16-04-2025,CMP-META-01,269.56,14702,294,2.00%,0.92
16-04-2025,CMP-META-02,583.98,28154,611,2.17%,0.96
16-04-2025,CMP-GOOG-01,576.97,26999,811,3.00%,0.71
16-04-2025,CMP-GOOG-02,624.49,25736,851,3.31%,0.73
16-04-2025,CMP-EML-01,68.31,4746,151,3.18%,0.45
16-04-2025,CMP-AFF-01,110.36,5944,105,1.77%,1.05
16-04-2025,CMP-ORG-00,0,836,24,2.87%,
17-04-2025,CMP-META-01,654.07,49300,1393,2.83%,0.47
17-04-2025,CMP-META-02,356.47,17199,654,3.80%,0.55
17-04-2025,CMP-GOOG-01,468.33,0,651,0.00%,0.72
17-04-2025,CMP-GOOG-02,834.82,41609,1363,3.28%,0.61
17-04-2025,CMP-EML-01,55.85,3446,56,1.63%,1
17-04-2025,CMP-AFF-01,157.51,10152,347,3.42%,0.45
17-04-2025,CMP-ORG-00,0,566,11,1.94%,
18-04-2025,CMP-META-01,450.68,35266,1180,3.35%,0.38
18-04-2025,CMP-META-02,295.35,17816,712,4.00%,0.41
18-04-2025,CMP-GOOG-01,752.6,32606,509,1.56%,1.48
18-04-2025,CMP-GOOG-02,301.27,20531,382,1.86%,0.79
18-04-2025,CMP-EML-01,49.17,3239,66,2.04%,0.75
18-04-2025,CMP-AFF-01,206.66,0,434,0.00%,0.48
18-04-2025,CMP-ORG-00,0,1349,28,2.08%,
19-04-2025,CMP-META-01,283.73,11724,364,3.10%,0.78
19-04-2025,CMP-META-02,383.14,15581,296,1.90%,1.29
19-04-2025,CMP-GOOG-01,740.89,45513,913,2.01%,0.81
19-04-2025,CMP-GOOG-02,822.39,33346,699,2.10%,1.18
19-04-2025,CMP-AFF-01,152.45,7561,249,3.29%,0.61
19-04-2025,CMP-ORG-00,0,888,23,2.59%,
20-04-2025,CMP-META-01,0,48694,856,1.76%,
20-04-2025,CMP-META-02,616.84,34219,1064,3.11%,0.58
20-04-2025,CMP-GOOG-01,760.22,53552,2108,3.94%,0.36
20-04-2025,CMP-GOOG-02,333.98,18438,505,2.74%,0.66
20-04-2025,CMP-EML-01,44.68,2568,79,3.08%,0.57
20-04-2025,CMP-AFF-01,105.15,8203,313,3.82%,0.34
20-04-2025,CMP-ORG-00,0,1127,24,2.13%,
21-04-2025,CMP-META-01,605.33,31816,657,2.06%,0.92
21-04-2025,CMP-META-02,605.45,45521,1325,2.91%,0.46
21-04-2025,CMP-GOOG-01,429.87,29640,1165,3.93%,0.37
21-04-2025,CMP-GOOG-02,635.78,50026,1569,3.14%,0.41
21-04-2025,CMP-EML-01,79.89,3395,79,2.33%,1.01
21-04-2025,CMP-AFF-01,192.24,9120,275,3.02%,0.7
21-04-2025,CMP-ORG-00,0,869,23,2.65%,
22-04-2025,CMP-META-01,472.91,32045,499,1.56%,0.95
22-04-2025,CMP-META-02,317.82,16751,298,1.78%,1.07
22-04-2025,CMP-GOOG-01,662.91,40340,1358,3.37%,0.49
22-04-2025,CMP-GOOG-02,418.38,20549,323,1.57%,1.3
22-04-2025,CMP-EML-01,50.16,2415,58,2.40%,0.86
22-04-2025,CMP-AFF-01,169.5,12820,256,2.00%,0.66
22-04-2025,CMP-ORG-00,0,580,20,3.45%,
23-04-2025,CMP-META-01,730.43,34390,1114,3.24%,0.66
23-04-2025,CMP-META-02,444.08,26548,546,2.06%,0.81
23-04-2025,CMP-GOOG-01,593.54,43924,1387,3.16%,0.43
23-04-2025,CMP-GOOG-02,578.83,44808,1548,3.45%,0.37
23-04-2025,CMP-EML-01,0,3319,111,3.34%,
23-04-2025,CMP-AFF-01,152.62,10877,335,3.08%,0.46
23-04-2025,CMP-ORG-00,0,686,10,1.46%,
24-04-2025,CMP-META-01,711.02,46839,1677,3.58%,0.42
24-04-2025,CMP-META-02,507.34,20481,348,1.70%,1.46
24-04-2025,CMP-GOOG-01,399.11,23562,930,3.95%,0.43
24-04-2025,CMP-GOOG-02,618.5,48385,1599,3.30%,0.39
24-04-2025,CMP-EML-01,67.84,4909,152,3.10%,0.45
24-04-2025,CMP-AFF-01,127.9,9552,152,1.59%,0.84
24-04-2025,CMP-ORG-00,0,1341,21,1.57%,
25-04-2025,CMP-META-01,0,11966,237,1.98%,
25-04-2025,CMP-META-02,376.61,23508,613,2.61%,0.61
25-04-2025,CMP-GOOG-01,443.89,29680,1031,3.47%,0.43
25-04-2025,CMP-GOOG-02,473.24,24073,448,1.86%,1.06
25-04-2025,CMP-EML-01,50.06,3436,67,1.95%,0.75
25-04-2025,CMP-AFF-01,0,10286,173,1.68%,
25-04-2025,CMP-ORG-00,0,889,14,1.57%,
26-04-2025,CMP-META-01,391.8,25291,393,1.55%,1
26-04-2025,CMP-META-02,536.73,39540,1008,2.55%,0.53
26-04-2025,CMP-GOOG-01,324.65,13136,266,2.02%,1.22
26-04-2025,CMP-GOOG-02,526.52,31447,1172,3.73%,0.45
26-04-2025,CMP-EML-01,60.18,4784,187,3.91%,0.32
26-04-2025,CMP-AFF-01,172.11,12942,386,2.98%,0.45
26-04-2025,CMP-ORG-00,0,1413,42,2.97%,
27-04-2025,CMP-META-01,381.92,16140,416,2.58%,0.92
27-04-2025,CMP-META-02,0,43909,1542,3.51%,
27-04-2025,CMP-GOOG-01,746.61,47634,937,1.97%,0.8
27-04-2025,CMP-GOOG-02,418.51,26452,961,3.63%,0.44
27-04-2025,CMP-EML-01,36.59,2784,70,2.51%,0.52
27-04-2025,CMP-AFF-01,174.78,11295,269,2.38%,0.65
27-04-2025,CMP-ORG-00,0,783,24,3.07%,
28-04-2025,CMP-META-01,569.12,22787,871,3.82%,0.65
28-04-2025,CMP-META-02,728.52,43803,1376,3.14%,0.53
28-04-2025,CMP-GOOG-01,336.23,15869,405,2.55%,0.83
28-04-2025,CMP-GOOG-02,617.77,29631,949,3.20%,0.65
28-04-2025,CMP-EML-01,46.98,2534,60,2.37%,0.78
28-04-2025,CMP-AFF-01,124.65,8903,197,2.21%,0.63
28-04-2025,CMP-ORG-00,0,1174,45,3.83%,
29-04-2025,CMP-META-01,561,28653,711,2.48%,0.79
29-04-2025,CMP-META-02,319.22,12907,366,2.84%,0.87
29-04-2025,CMP-GOOG-01,796.05,54023,1750,3.24%,0.45
29-04-2025,CMP-GOOG-02,392.58,20337,576,2.83%,0.68
29-04-2025,CMP-EML-01,54.52,3124,61,1.95%,0.89
29-04-2025,CMP-AFF-01,114.15,7341,130,1.77%,0.88
29-04-2025,CMP-ORG-00,0,608,11,1.81%,
30-04-2025,CMP-META-01,617.5,43203,738,1.71%,0.84
30-04-2025,CMP-GOOG-01,519.25,23237,745,3.21%,0.7
30-04-2025,CMP-GOOG-02,495.87,31858,1162,3.65%,0.43
30-04-2025,CMP-EML-01,49.36,3311,70,2.11%,0.71
30-04-2025,CMP-AFF-01,88.89,4836,92,1.90%,0.97
30-04-2025,CMP-ORG-00,0,1428,23,1.61%,
01-05-2025,CMP-META-01,403.83,21526,363,1.69%,1.11
01-05-2025,CMP-META-02,672.62,45039,1095,2.43%,0.61
01-05-2025,CMP-GOOG-01,383.34,28194,500,1.77%,0.77
01-05-2025,CMP-GOOG-02,0,28949,509,1.76%,
01-05-2025,CMP-EML-01,74.75,3325,53,1.59%,1.41
01-05-2025,CMP-AFF-01,117.85,8679,286,3.30%,0.41
01-05-2025,CMP-ORG-00,0,942,33,3.50%,
02-05-2025,CMP-META-01,403.07,29101,1061,3.65%,0.38
02-05-2025,CMP-META-02,0,14399,451,3.13%,
02-05-2025,CMP-GOOG-01,425.87,23176,406,1.75%,1.05
02-05-2025,CMP-GOOG-02,757.98,38512,933,2.42%,0.81
02-05-2025,CMP-EML-01,72.23,3495,123,3.52%,0.59
02-05-2025,CMP-AFF-01,167.86,12805,482,3.76%,0.35
02-05-2025,CMP-ORG-00,0,1331,35,2.63%,
03-05-2025,CMP-META-01,520.34,31411,560,1.78%,0.93
03-05-2025,CMP-META-02,636.38,44163,855,1.94%,0.74
03-05-2025,CMP-GOOG-01,713.5,49983,912,1.82%,0.78
03-05-2025,CMP-GOOG-02,535.81,42712,1683,3.94%,0.32
03-05-2025,CMP-EML-01,41.26,2744,98,3.57%,0.42
03-05-2025,CMP-AFF-01,81.5,3448,52,1.51%,1.57
03-05-2025,CMP-ORG-00,0,1481,36,2.43%,
04-05-2025,CMP-META-01,467.39,28352,805,2.84%,0.58
04-05-2025,CMP-META-02,701.93,48009,1016,2.12%,0.69
04-05-2025,CMP-GOOG-01,779.31,34951,678,1.94%,1.15
04-05-2025,CMP-GOOG-02,463.87,23125,416,1.80%,1.12
04-05-2025,CMP-EML-01,39.36,3076,120,3.90%,0.33
04-05-2025,CMP-AFF-01,150.83,8764,190,2.17%,0.79
04-05-2025,CMP-ORG-00,0,621,12,1.93%,
05-05-2025,CMP-META-01,627.1,43540,1132,2.60%,0.55
05-05-2025,CMP-META-02,714.76,29516,730,2.47%,0.98
05-05-2025,CMP-GOOG-01,360.22,15903,261,1.64%,1.38
05-05-2025,CMP-GOOG-02,671.16,36267,847,2.34%,0.79
05-05-2025,CMP-EML-01,77.29,5945,99,1.67%,0.78
05-05-2025,CMP-AFF-01,155.9,6898,114,1.65%,1.37
05-05-2025,CMP-ORG-00,0,1242,20,1.61%,
06-05-2025,CMP-META-01,691.44,38774,1098,2.83%,0.63
06-05-2025,CMP-GOOG-02,658.14,44998,720,1.60%,0.91
06-05-2025,CMP-EML-01,0,5649,147,2.60%,
06-05-2025,CMP-AFF-01,168.31,7811,226,2.89%,0.74
06-05-2025,CMP-ORG-00,0,783,13,1.66%,
07-05-2025,CMP-META-01,304.09,15981,508,3.18%,0.6
07-05-2025,CMP-META-02,254.78,14245,510,3.58%,0.5
07-05-2025,CMP-GOOG-01,632.4,32390,1049,3.24%,0.6
07-05-2025,CMP-GOOG-02,721.05,40528,1131,2.79%,0.64
07-05-2025,CMP-EML-01,30.39,1435,35,2.44%,0.87
07-05-2025,CMP-AFF-01,87.09,6024,140,2.32%,0.62
07-05-2025,CMP-ORG-00,0,632,21,3.32%,
08-05-2025,CMP-META-01,674.03,53775,981,1.82%,0.69
08-05-2025,CMP-META-02,358.79,17183,605,3.52%,0.59
08-05-2025,CMP-GOOG-01,0,27028,564,2.09%,
08-05-2025,CMP-GOOG-02,603.37,42837,1272,2.97%,0.47
08-05-2025,CMP-EML-01,49.52,3013,61,2.02%,0.81
08-05-2025,CMP-AFF-01,166.78,11267,238,2.11%,0.7
08-05-2025,CMP-ORG-00,0,1344,41,3.05%,
09-05-2025,CMP-META-01,270.41,14608,328,2.25%,0.82
09-05-2025,CMP-META-02,372.72,20898,585,2.80%,0.64
09-05-2025,CMP-GOOG-01,600.32,24996,683,2.73%,0.88
09-05-2025,CMP-GOOG-02,623.64,32823,1303,3.97%,0.48
09-05-2025,CMP-EML-01,57.52,3632,101,2.78%,0.57
09-05-2025,CMP-AFF-01,180.9,13060,345,2.64%,0.52
09-05-2025,CMP-ORG-00,0,1258,34,2.70%,
10-05-2025,CMP-META-01,377.76,25179,428,1.70%,0.88
10-05-2025,CMP-META-02,717.86,45757,840,1.84%,0.85
10-05-2025,CMP-GOOG-01,712.54,42033,788,1.87%,0.9
10-05-2025,CMP-GOOG-02,644.03,36841,845,2.29%,0.76
10-05-2025,CMP-EML-01,34.07,2569,88,3.43%,0.39
10-05-2025,CMP-AFF-01,105.78,4467,136,3.04%,0.78
10-05-2025,CMP-ORG-00,0,1404,21,1.50%,
11-05-2025,CMP-META-01,339.84,22975,714,3.11%,0.48
11-05-2025,CMP-META-02,554.58,35397,730,2.06%,0.76
11-05-2025,CMP-GOOG-01,606.02,26907,846,3.14%,0.72
11-05-2025,CMP-GOOG-02,514.51,28154,968,3.44%,0.53
11-05-2025,CMP-EML-01,31.19,1464,25,1.71%,1.25
11-05-2025,CMP-AFF-01,165.25,7691,128,1.66%,1.29
11-05-2025,CMP-ORG-00,0,878,19,2.16%,
12-05-2025,CMP-META-01,276.59,19528,741,3.79%,0.37
12-05-2025,CMP-META-02,475.66,25177,855,3.40%,0.56
12-05-2025,CMP-GOOG-01,792.63,59854,1308,2.19%,0.61
12-05-2025,CMP-GOOG-02,466.05,0,749,0.00%,0.62
12-05-2025,CMP-EML-01,64.09,3927,101,2.57%,0.63
12-05-2025,CMP-AFF-01,197.2,10508,293,2.79%,0.67
12-05-2025,CMP-ORG-00,0,1437,35,2.44%,
13-05-2025,CMP-META-01,316.98,14897,518,3.48%,0.61
13-05-2025,CMP-META-02,734.44,39637,1552,3.92%,0.47
13-05-2025,CMP-GOOG-01,374.64,24941,601,2.41%,0.62
13-05-2025,CMP-GOOG-02,739.49,55973,1928,3.44%,0.38
13-05-2025,CMP-EML-01,0,3192,83,2.60%,
13-05-2025,CMP-AFF-01,117.35,5626,119,2.12%,0.99
13-05-2025,CMP-ORG-00,0,510,19,3.73%,
14-05-2025,CMP-META-01,474.51,28951,1086,3.75%,0.44
14-05-2025,CMP-META-02,609.56,39357,1436,3.65%,0.42
14-05-2025,CMP-GOOG-01,563.42,44038,1374,3.12%,0.41
14-05-2025,CMP-GOOG-02,442.17,27559,923,3.35%,0.48
14-05-2025,CMP-EML-01,73.86,4089,149,3.64%,0.5
14-05-2025,CMP-AFF-01,144.96,9351,312,3.34%,0.46
14-05-2025,CMP-ORG-00,0,1079,17,1.58%,
15-05-2025,CMP-META-01,658.67,44391,1490,3.36%,0.44
15-05-2025,CMP-META-02,488.65,24294,917,3.77%,0.53
15-05-2025,CMP-GOOG-01,710.81,38007,793,2.09%,0.9
15-05-2025,CMP-GOOG-02,470.47,37360,1323,3.54%,0.36
15-05-2025,CMP-EML-01,57.75,0,141,0.00%,0.41
15-05-2025,CMP-AFF-01,205.2,12703,486,3.83%,0.42
15-05-2025,CMP-ORG-00,0,528,20,3.79%,
16-05-2025,CMP-META-01,607.78,31009,1088,3.51%,0.56
16-05-2025,CMP-META-02,701.29,45689,1592,3.48%,0.44
16-05-2025,CMP-GOOG-01,628.79,32273,487,1.51%,1.29
16-05-2025,CMP-GOOG-02,832.88,63396,2165,3.42%,0.38
16-05-2025,CMP-EML-01,42.61,2127,57,2.68%,0.75
16-05-2025,CMP-AFF-01,177.02,13530,237,1.75%,0.75
16-05-2025,CMP-ORG-00,0,1086,21,1.93%,
17-05-2025,CMP-META-01,466.28,22429,336,1.50%,1.39
17-05-2025,CMP-META-02,375.59,21345,458,2.15%,0.82
17-05-2025,CMP-GOOG-01,352.09,17898,703,3.93%,0.5
17-05-2025,CMP-GOOG-02,536.84,42608,771,1.81%,0.7
17-05-2025,CMP-EML-01,59.28,3843,125,3.25%,0.47
17-05-2025,CMP-AFF-01,183.9,10285,403,3.92%,0.46
17-05-2025,CMP-ORG-00,0,1025,32,3.12%,
18-05-2025,CMP-META-01,688.08,30944,756,2.44%,0.91
18-05-2025,CMP-META-02,0,14471,573,3.96%,
18-05-2025,CMP-GOOG-01,355.43,26208,660,2.52%,0.54
18-05-2025,CMP-GOOG-02,798.21,46494,1268,2.73%,0.63
18-05-2025,CMP-EML-01,60.36,2807,104,3.71%,0.58
18-05-2025,CMP-AFF-01,209.75,9347,259,2.77%,0.81
18-05-2025,CMP-ORG-00,0,586,11,1.88%,
19-05-2025,CMP-META-01,0,26252,680,2.59%,
19-05-2025,CMP-META-02,620.24,41354,764,1.85%,0.81
19-05-2025,CMP-GOOG-01,386.47,29198,1042,3.57%,0.37
19-05-2025,CMP-GOOG-02,497.78,29372,1004,3.42%,0.5
19-05-2025,CMP-EML-01,33.75,2273,35,1.54%,0.96
19-05-2025,CMP-AFF-01,191.65,15225,356,2.34%,0.54
19-05-2025,CMP-ORG-00,0,571,21,3.68%,
20-05-2025,CMP-META-02,523.73,21386,837,3.91%,0.63
20-05-2025,CMP-GOOG-01,350.09,21895,330,1.51%,1.06
20-05-2025,CMP-GOOG-02,301.85,13347,470,3.52%,0.64
20-05-2025,CMP-EML-01,54.72,2647,80,3.02%,0.68
20-05-2025,CMP-AFF-01,186.15,14501,473,3.26%,0.39
20-05-2025,CMP-ORG-00,0,678,20,2.95%,
21-05-2025,CMP-META-01,558.81,34133,761,2.23%,0.73
21-05-2025,CMP-META-02,544.71,37778,1341,3.55%,0.41
21-05-2025,CMP-GOOG-01,565.4,35997,1048,2.91%,0.54
21-05-2025,CMP-GOOG-02,382.32,26497,1004,3.79%,0.38
21-05-2025,CMP-EML-01,31.13,1292,36,2.79%,0.86
21-05-2025,CMP-AFF-01,84.2,4903,138,2.81%,0.61
21-05-2025,CMP-ORG-00,0,940,24,2.55%,
22-05-2025,CMP-META-01,534.59,25216,1003,3.98%,0.53
22-05-2025,CMP-META-02,345.35,26187,736,2.81%,0.47
22-05-2025,CMP-GOOG-01,459.49,23513,533,2.27%,0.86
22-05-2025,CMP-GOOG-02,515.93,23841,446,1.87%,1.16
22-05-2025,CMP-EML-01,58.26,3022,104,3.44%,0.56
22-05-2025,CMP-AFF-01,104.76,7799,218,2.80%,0.48
22-05-2025,CMP-ORG-00,0,948,32,3.38%,
23-05-2025,CMP-META-01,463.33,19995,489,2.45%,0.95
23-05-2025,CMP-META-02,514.16,27864,529,1.90%,0.97
23-05-2025,CMP-GOOG-02,391.99,15741,512,3.25%,0.77
23-05-2025,CMP-EML-01,47.46,2204,69,3.13%,0.69
23-05-2025,CMP-AFF-01,161.79,9672,386,3.99%,0.42
23-05-2025,CMP-ORG-00,0,1050,31,2.95%,
24-05-2025,CMP-META-01,0,17628,654,3.71%,
24-05-2025,CMP-GOOG-01,325.14,23298,582,2.50%,0.56
24-05-2025,CMP-GOOG-02,407.99,28233,700,2.48%,0.58
24-05-2025,CMP-EML-01,39.68,2464,71,2.88%,0.56
24-05-2025,CMP-AFF-01,0,14182,305,2.15%,
24-05-2025,CMP-ORG-00,0,763,28,3.67%,
25-05-2025,CMP-META-01,332.31,15802,494,3.13%,0.67
25-05-2025,CMP-META-02,652.64,33504,929,2.77%,0.7
25-05-2025,CMP-GOOG-01,443.94,30876,489,1.58%,0.91
25-05-2025,CMP-GOOG-02,728.65,42133,1393,3.31%,0.52
25-05-2025,CMP-EML-01,78.98,5579,177,3.17%,0.45
25-05-2025,CMP-AFF-01,101.35,7610,144,1.89%,0.7
25-05-2025,CMP-ORG-00,0,692,20,2.89%,
26-05-2025,CMP-META-01,275.04,16298,480,2.95%,0.57
26-05-2025,CMP-META-02,411.04,19951,797,3.99%,0.52
26-05-2025,CMP-GOOG-01,479.81,23044,479,2.08%,1
26-05-2025,CMP-GOOG-02,746.88,40647,706,1.74%,1.06
26-05-2025,CMP-EML-01,53.84,3132,74,2.36%,0.73
26-05-2025,CMP-AFF-01,97.6,7104,117,1.65%,0.83
26-05-2025,CMP-ORG-00,0,1324,36,2.72%,
27-05-2025,CMP-META-01,496.95,34571,679,1.96%,0.73
27-05-2025,CMP-META-02,556.08,33987,820,2.41%,0.68
27-05-2025,CMP-GOOG-01,689.03,37156,1173,3.16%,0.59
27-05-2025,CMP-GOOG-02,624.12,43905,1238,2.82%,0.5
27-05-2025,CMP-EML-01,74.26,3540,99,2.80%,0.75
27-05-2025,CMP-AFF-01,95.93,4506,113,2.51%,0.85
27-05-2025,CMP-ORG-00,0,678,21,3.10%,
28-05-2025,CMP-META-01,281.64,19926,442,2.22%,0.64
28-05-2025,CMP-META-02,354.81,15222,514,3.38%,0.69
28-05-2025,CMP-GOOG-01,788.15,40736,796,1.95%,0.99
28-05-2025,CMP-GOOG-02,774.89,36430,1306,3.58%,0.59
28-05-2025,CMP-EML-01,56.15,3910,125,3.20%,0.45
28-05-2025,CMP-AFF-01,163.64,8163,287,3.52%,0.57
28-05-2025,CMP-ORG-00,0,1105,27,2.44%,
29-05-2025,CMP-META-01,274.37,18825,657,3.49%,0.42
29-05-2025,CMP-META-02,256.91,12891,486,3.77%,0.53
29-05-2025,CMP-GOOG-01,757.98,49412,1145,2.32%,0.66
29-05-2025,CMP-GOOG-02,522.54,21199,814,3.84%,0.64
29-05-2025,CMP-EML-01,67.16,4536,71,1.57%,0.95
29-05-2025,CMP-AFF-01,189.87,11838,204,1.72%,0.93
29-05-2025,CMP-ORG-00,0,1408,36,2.56%,
30-05-2025,CMP-META-01,598.78,0,498,0.00%,1.2
30-05-2025,CMP-META-02,558.16,28122,1019,3.62%,0.55
30-05-2025,CMP-GOOG-01,397.55,25069,867,3.46%,0.46
30-05-2025,CMP-GOOG-02,730.35,0,1019,0.00%,0.72
30-05-2025,CMP-EML-01,78.88,3929,111,2.83%,0.71
30-05-2025,CMP-AFF-01,0,4003,148,3.70%,
30-05-2025,CMP-ORG-00,0,0,19,0.00%,
31-05-2025,CMP-META-01,490.09,22961,861,3.75%,0.57
31-05-2025,CMP-META-02,407.37,21656,628,2.90%,0.65
31-05-2025,CMP-GOOG-01,658.42,29622,1077,3.64%,0.61
31-05-2025,CMP-GOOG-02,537.32,33045,1096,3.32%,0.49
31-05-2025,CMP-EML-01,48.29,2519,42,1.67%,1.15
31-05-2025,CMP-AFF-01,115.34,8094,143,1.77%,0.81
31-05-2025,CMP-ORG-00,0,755,22,2.91%,
01-06-2025,CMP-META-01,612.86,33967,1200,3.53%,0.51
01-06-2025,CMP-META-02,360.41,24129,545,2.26%,0.66
01-06-2025,CMP-GOOG-01,347.88,19513,746,3.82%,0.47
01-06-2025,CMP-GOOG-02,820.92,49711,1526,3.07%,0.54
01-06-2025,CMP-EML-01,53.72,2566,68,2.65%,0.79
01-06-2025,CMP-AFF-01,84.26,5563,147,2.64%,0.57
01-06-2025,CMP-ORG-00,0,1138,27,2.37%,
02-06-2025,CMP-META-01,521.99,41524,1351,3.25%,0.39
02-06-2025,CMP-GOOG-01,740.91,50235,811,1.61%,0.91
02-06-2025,CMP-GOOG-02,300.57,15163,586,3.86%,0.51
02-06-2025,CMP-EML-01,62.44,3667,145,3.95%,0.43
02-06-2025,CMP-AFF-01,179.78,14092,341,2.42%,0.53
02-06-2025,CMP-ORG-00,0,798,17,2.13%,
03-06-2025,CMP-META-01,419.48,25668,904,3.52%,0.46
03-06-2025,CMP-META-02,678.63,42823,1574,3.68%,0.43
03-06-2025,CMP-GOOG-01,468,28174,586,2.08%,0.8
03-06-2025,CMP-EML-01,77.46,3893,98,2.52%,0.79
03-06-2025,CMP-AFF-01,192.78,8732,281,3.22%,0.69
03-06-2025,CMP-ORG-00,0,1010,29,2.87%,
04-06-2025,CMP-META-01,303.68,13501,481,3.56%,0.63
04-06-2025,CMP-META-02,538.7,22839,791,3.46%,0.68
04-06-2025,CMP-GOOG-01,807.19,60004,1359,2.26%,0.59
04-06-2025,CMP-EML-01,30.99,1557,53,3.40%,0.58
04-06-2025,CMP-AFF-01,87.52,4896,146,2.98%,0.6
04-06-2025,CMP-ORG-00,0,1431,34,2.38%,
05-06-2025,CMP-META-01,258.58,20206,553,2.74%,0.47
05-06-2025,CMP-META-02,497.48,21950,346,1.58%,1.44
05-06-2025,CMP-GOOG-01,690.31,49417,1927,3.90%,0.36
05-06-2025,CMP-GOOG-02,451.79,28140,502,1.78%,0.9
05-06-2025,CMP-EML-01,56.67,3094,92,2.97%,0.62
05-06-2025,CMP-AFF-01,184.66,12248,482,3.94%,0.38
05-06-2025,CMP-ORG-00,0,1137,43,3.78%,
06-06-2025,CMP-META-01,256.64,15942,513,3.22%,0.5
06-06-2025,CMP-META-02,556.63,44053,853,1.94%,0.65
06-06-2025,CMP-GOOG-02,342.16,22291,451,2.02%,0.76
06-06-2025,CMP-EML-01,61.05,3695,107,2.90%,0.57
06-06-2025,CMP-AFF-01,166.6,11106,382,3.44%,0.44
06-06-2025,CMP-ORG-00,0,852,15,1.76%,
07-06-2025,CMP-META-01,558.33,24657,975,3.95%,0.57
07-06-2025,CMP-META-02,576.34,40491,1163,2.87%,0.5
07-06-2025,CMP-GOOG-01,0,44947,1224,2.72%,
07-06-2025,CMP-GOOG-02,0,32352,894,2.76%,
07-06-2025,CMP-EML-01,73.09,5454,133,2.44%,0.55
07-06-2025,CMP-AFF-01,0,7857,238,3.03%,
07-06-2025,CMP-ORG-00,0,1469,56,3.81%,
08-06-2025,CMP-META-01,608.11,42416,1440,3.39%,0.42
08-06-2025,CMP-META-02,738.99,46957,1471,3.13%,0.5
08-06-2025,CMP-GOOG-01,534.93,22855,441,1.93%,1.21
08-06-2025,CMP-GOOG-02,515.58,39073,587,1.50%,0.88
08-06-2025,CMP-EML-01,53.8,2633,92,3.49%,0.58
08-06-2025,CMP-AFF-01,0,7238,171,2.36%,
09-06-2025,CMP-META-01,0,19041,671,3.52%,
09-06-2025,CMP-META-02,268.12,16252,507,3.12%,0.53
09-06-2025,CMP-GOOG-01,0,54072,1101,2.04%,
09-06-2025,CMP-GOOG-02,0,24556,458,1.87%,
09-06-2025,CMP-EML-01,54.91,3303,97,2.94%,0.57
09-06-2025,CMP-AFF-01,97.54,4957,182,3.67%,0.54
09-06-2025,CMP-ORG-00,0,1234,42,3.40%,
10-06-2025,CMP-META-01,441.77,21602,558,2.58%,0.79
10-06-2025,CMP-META-02,515.1,25981,496,1.91%,1.04
10-06-2025,CMP-GOOG-01,578.6,31685,992,3.13%,0.58
10-06-2025,CMP-GOOG-02,360.2,21364,614,2.87%,0.59
10-06-2025,CMP-EML-01,57.34,4499,164,3.65%,0.35
10-06-2025,CMP-AFF-01,129.01,8578,307,3.58%,0.42
10-06-2025,CMP-ORG-00,0,1269,23,1.81%,
11-06-2025,CMP-META-01,0,37378,1190,3.18%,
11-06-2025,CMP-META-02,649.83,0,990,0.00%,0.66
11-06-2025,CMP-GOOG-01,577.17,40182,1148,2.86%,0.5
11-06-2025,CMP-GOOG-02,481.64,19394,462,2.38%,1.04
11-06-2025,CMP-EML-01,60.69,3880,79,2.04%,0.77
11-06-2025,CMP-AFF-01,86.07,5986,134,2.24%,0.64
11-06-2025,CMP-ORG-00,0,720,14,1.94%,
12-06-2025,CMP-META-01,334.34,0,416,0.00%,0.8
12-06-2025,CMP-META-02,402.5,20394,609,2.99%,0.66
12-06-2025,CMP-GOOG-01,432.12,21281,413,1.94%,1.05
12-06-2025,CMP-GOOG-02,804.78,62968,1827,2.90%,0.44
12-06-2025,CMP-EML-01,57.39,3118,72,2.31%,0.8
12-06-2025,CMP-AFF-01,214.46,14918,553,3.71%,0.39
12-06-2025,CMP-ORG-00,0,774,28,3.62%,
13-06-2025,CMP-META-01,654.58,44082,812,1.84%,0.81
13-06-2025,CMP-META-02,391.1,23879,861,3.61%,0.45
13-06-2025,CMP-GOOG-01,844.38,35697,936,2.62%,0.9
13-06-2025,CMP-GOOG-02,348.19,21930,399,1.82%,0.87
13-06-2025,CMP-EML-01,58.75,2991,80,2.67%,0.73
13-06-2025,CMP-AFF-01,101.74,7816,214,2.74%,0.48
13-06-2025,CMP-ORG-00,0,1175,43,3.66%,
14-06-2025,CMP-META-01,445.31,24986,671,2.69%,0.66
14-06-2025,CMP-META-02,703.26,29191,773,2.65%,0.91
14-06-2025,CMP-GOOG-01,813.31,43429,1245,2.87%,0.65
14-06-2025,CMP-GOOG-02,420.77,22269,585,2.63%,0.72
14-06-2025,CMP-EML-01,46.25,3277,117,3.57%,0.4
14-06-2025,CMP-AFF-01,122.28,5585,131,2.35%,0.93
14-06-2025,CMP-ORG-00,0,889,27,3.04%,
15-06-2025,CMP-META-01,566.8,27433,1002,3.65%,0.57
15-06-2025,CMP-META-02,503.92,29489,697,2.36%,0.72
15-06-2025,CMP-GOOG-01,781.53,59204,1035,1.75%,0.76
15-06-2025,CMP-GOOG-02,746.58,54987,1334,2.43%,0.56
15-06-2025,CMP-EML-01,0,1755,33,1.88%,
15-06-2025,CMP-AFF-01,141.02,6566,138,2.10%,1.02
16-06-2025,CMP-META-01,736.81,37833,877,2.32%,0.84
16-06-2025,CMP-META-02,415.43,23105,420,1.82%,0.99
16-06-2025,CMP-GOOG-01,353.3,25525,494,1.94%,0.72
16-06-2025,CMP-GOOG-02,501.58,20859,329,1.58%,1.52
16-06-2025,CMP-EML-01,77.91,4221,73,1.73%,1.07
16-06-2025,CMP-ORG-00,0,521,15,2.88%,
17-06-2025,CMP-META-01,317.68,14426,280,1.94%,1.13
17-06-2025,CMP-META-02,394.99,19131,514,2.69%,0.77
17-06-2025,CMP-GOOG-01,706.41,42462,854,2.01%,0.83
17-06-2025,CMP-GOOG-02,738.78,56140,2052,3.66%,0.36
17-06-2025,CMP-EML-01,38.32,2693,92,3.42%,0.42
17-06-2025,CMP-AFF-01,141.85,6472,97,1.50%,1.46
17-06-2025,CMP-ORG-00,0,1058,22,2.08%,
18-06-2025,CMP-META-01,466.33,27380,937,3.42%,0.5
18-06-2025,CMP-META-02,0,0,366,0.00%,
18-06-2025,CMP-GOOG-01,578.92,23184,494,2.13%,1.17
18-06-2025,CMP-GOOG-02,752.25,39120,811,2.07%,0.93
18-06-2025,CMP-EML-01,0,2906,53,1.82%,
18-06-2025,CMP-AFF-01,103.01,6986,214,3.06%,0.48
18-06-2025,CMP-ORG-00,0,632,12,1.90%,
19-06-2025,CMP-META-01,435.41,18959,598,3.15%,0.73
19-06-2025,CMP-META-02,352.98,22206,439,1.98%,0.8
19-06-2025,CMP-GOOG-01,613.01,44871,924,2.06%,0.66
19-06-2025,CMP-GOOG-02,827.89,45693,1411,3.09%,0.59
19-06-2025,CMP-EML-01,47.11,2180,83,3.81%,0.57
19-06-2025,CMP-AFF-01,213.85,14662,251,1.71%,0.85
19-06-2025,CMP-ORG-00,0,979,19,1.94%,
20-06-2025,CMP-META-01,587.03,42210,865,2.05%,0.68
20-06-2025,CMP-META-02,624.59,44970,820,1.82%,0.76
20-06-2025,CMP-GOOG-01,355.89,27271,645,2.37%,0.55
20-06-2025,CMP-EML-01,42.78,3342,68,2.03%,0.63
20-06-2025,CMP-ORG-00,0,1269,21,1.65%,
21-06-2025,CMP-META-01,407.83,32377,587,1.81%,0.69
21-06-2025,CMP-META-02,387.22,18352,571,3.11%,0.68
21-06-2025,CMP-GOOG-01,665.47,37805,596,1.58%,1.12
21-06-2025,CMP-GOOG-02,634.65,32871,536,1.63%,1.18
21-06-2025,CMP-EML-01,74.54,4275,147,3.44%,0.51
21-06-2025,CMP-AFF-01,184.89,9371,286,3.05%,0.65
21-06-2025,CMP-ORG-00,0,796,25,3.14%,
22-06-2025,CMP-META-01,647.49,49175,1318,2.68%,0.49
22-06-2025,CMP-META-02,617.45,35078,743,2.12%,0.83
22-06-2025,CMP-GOOG-01,732.34,30408,575,1.89%,1.27
22-06-2025,CMP-GOOG-02,0,49682,1637,3.29%,
22-06-2025,CMP-EML-01,32.37,1718,40,2.33%,0.81
22-06-2025,CMP-AFF-01,99.98,4846,122,2.52%,0.82
22-06-2025,CMP-ORG-00,0,538,10,1.86%,
23-06-2025,CMP-META-01,534.43,31078,631,2.03%,0.85
23-06-2025,CMP-META-02,494.6,33655,1276,3.79%,0.39
23-06-2025,CMP-GOOG-01,738.68,30724,812,2.64%,0.91
23-06-2025,CMP-GOOG-02,792.7,37731,1500,3.98%,0.53
23-06-2025,CMP-EML-01,78.44,4835,107,2.21%,0.73
23-06-2025,CMP-AFF-01,173.26,7061,157,2.22%,1.1
23-06-2025,CMP-ORG-00,0,1425,28,1.96%,
24-06-2025,CMP-META-01,299.07,23666,448,1.89%,0.67
24-06-2025,CMP-META-02,335.67,22060,348,1.58%,0.96
24-06-2025,CMP-GOOG-01,797.19,49789,1087,2.18%,0.73
24-06-2025,CMP-GOOG-02,456.99,28278,817,2.89%,0.56
24-06-2025,CMP-EML-01,69.69,5057,173,3.42%,0.4
24-06-2025,CMP-AFF-01,107.3,5983,172,2.87%,0.62
24-06-2025,CMP-ORG-00,0,1209,44,3.64%,
25-06-2025,CMP-META-01,347.31,16629,552,3.32%,0.63
25-06-2025,CMP-META-02,723.21,29954,770,2.57%,0.94
25-06-2025,CMP-GOOG-01,0,19599,337,1.72%,
25-06-2025,CMP-GOOG-02,687.33,29232,513,1.75%,1.34
25-06-2025,CMP-EML-01,48.53,3169,57,1.80%,0.85
25-06-2025,CMP-AFF-01,103.84,5871,211,3.59%,0.49
25-06-2025,CMP-ORG-00,0,785,17,2.17%,
26-06-2025,CMP-META-01,689.65,0,1258,0.00%,0.55
26-06-2025,CMP-META-02,633.12,46785,714,1.53%,0.89
26-06-2025,CMP-GOOG-01,347.56,23904,599,2.51%,0.58
26-06-2025,CMP-GOOG-02,383.3,27171,661,2.43%,0.58
26-06-2025,CMP-EML-01,44.72,1802,47,2.61%,0.95
26-06-2025,CMP-AFF-01,147.09,11224,267,2.38%,0.55
26-06-2025,CMP-ORG-00,0,1494,29,1.94%,
27-06-2025,CMP-META-01,331.55,22725,890,3.92%,0.37
27-06-2025,CMP-META-02,413.43,16964,644,3.80%,0.64
27-06-2025,CMP-GOOG-01,594.04,38975,1184,3.04%,0.5
27-06-2025,CMP-GOOG-02,525.34,23584,378,1.60%,1.39
27-06-2025,CMP-EML-01,41.5,2220,44,1.98%,0.94
27-06-2025,CMP-AFF-01,161.76,11492,397,3.45%,0.41
27-06-2025,CMP-ORG-00,0,1230,36,2.93%,
28-06-2025,CMP-META-01,725.87,55842,1399,2.51%,0.52
28-06-2025,CMP-META-02,264.43,15134,594,3.92%,0.45
28-06-2025,CMP-GOOG-01,418.84,18610,610,3.28%,0.69
28-06-2025,CMP-GOOG-02,565.91,42931,1046,2.44%,0.54
28-06-2025,CMP-EML-01,31.93,2257,55,2.44%,0.58
28-06-2025,CMP-AFF-01,190.5,8938,187,2.09%,1.02
28-06-2025,CMP-ORG-00,0,1426,21,1.47%,
29-06-2025,CMP-META-01,636.79,32414,845,2.61%,0.75
29-06-2025,CMP-META-02,643.07,33972,1197,3.52%,0.54
29-06-2025,CMP-GOOG-01,522.98,41529,794,1.91%,0.66
29-06-2025,CMP-GOOG-02,519.72,40242,972,2.42%,0.53
29-06-2025,CMP-EML-01,37.64,1611,34,2.11%,1.11
29-06-2025,CMP-AFF-01,132.59,10502,164,1.56%,0.81
30-06-2025,CMP-META-01,552.88,24186,571,2.36%,0.97
30-06-2025,CMP-META-02,435.42,21103,775,3.67%,0.56
30-06-2025,CMP-GOOG-01,0,38989,1047,2.69%,
30-06-2025,CMP-GOOG-02,489.94,34244,771,2.25%,0.64
30-06-2025,CMP-EML-01,62.45,3642,131,3.60%,0.48
30-06-2025,CMP-AFF-01,170.33,8174,190,2.32%,0.9
30-06-2025,CMP-ORG-00,0,1105,38,3.44%,
01-07-2025,CMP-META-01,258.68,14037,271,1.93%,0.95
01-07-2025,CMP-META-02,566.64,27003,1074,3.98%,0.53
01-07-2025,CMP-GOOG-01,839.18,51844,1414,2.73%,0.59
01-07-2025,CMP-GOOG-02,441.8,29355,1014,3.45%,0.44
01-07-2025,CMP-EML-01,49.95,3756,109,2.90%,0.46
01-07-2025,CMP-AFF-01,104.78,7564,286,3.78%,0.37
01-07-2025,CMP-ORG-00,0,700,23,3.29%,
02-07-2025,CMP-META-02,417.58,17601,546,3.10%,0.76
02-07-2025,CMP-GOOG-01,553.74,35123,1237,3.52%,0.45
02-07-2025,CMP-GOOG-02,325.17,25492,572,2.24%,0.57
02-07-2025,CMP-EML-01,67.92,3354,101,3.01%,0.67
02-07-2025,CMP-AFF-01,168.59,8956,207,2.31%,0.81
02-07-2025,CMP-ORG-00,0,519,15,2.89%,
03-07-2025,CMP-META-01,594.83,24889,387,1.55%,1.54
03-07-2025,CMP-META-02,0,14003,294,2.10%,
03-07-2025,CMP-GOOG-01,628.37,33636,1287,3.83%,0.49
03-07-2025,CMP-GOOG-02,330.8,16075,609,3.79%,0.54
03-07-2025,CMP-EML-01,74.25,4706,90,1.91%,0.83
03-07-2025,CMP-AFF-01,189.68,8604,156,1.81%,1.22
03-07-2025,CMP-ORG-00,0,1013,17,1.68%,
04-07-2025,CMP-META-01,388.4,18163,501,2.76%,0.78
04-07-2025,CMP-META-02,678.65,27199,871,3.20%,0.78
04-07-2025,CMP-GOOG-01,845.58,35726,1192,3.34%,0.71
04-07-2025,CMP-GOOG-02,556.34,42006,735,1.75%,0.76
04-07-2025,CMP-EML-01,54.18,3977,141,3.55%,0.38
04-07-2025,CMP-AFF-01,89.69,3885,155,3.99%,0.58
04-07-2025,CMP-ORG-00,0,1327,30,2.26%,
05-07-2025,CMP-META-01,385.41,22785,715,3.14%,0.54
05-07-2025,CMP-META-02,544.62,30391,762,2.51%,0.71
05-07-2025,CMP-GOOG-01,688.31,52752,1324,2.51%,0.52
05-07-2025,CMP-GOOG-02,566.55,32845,598,1.82%,0.95
05-07-2025,CMP-EML-01,58.69,2485,96,3.86%,0.61
05-07-2025,CMP-AFF-01,210.14,12584,307,2.44%,0.68
05-07-2025,CMP-ORG-00,0,1233,27,2.19%,
06-07-2025,CMP-META-01,542.6,31713,940,2.96%,0.58
06-07-2025,CMP-META-02,0,17558,354,2.02%,
06-07-2025,CMP-GOOG-01,697.47,48842,886,1.81%,0.79
06-07-2025,CMP-GOOG-02,706.13,52232,1782,3.41%,0.4
06-07-2025,CMP-EML-01,48.92,3868,129,3.34%,0.38
06-07-2025,CMP-AFF-01,128.19,9399,273,2.90%,0.47
06-07-2025,CMP-ORG-00,0,621,15,2.42%,
07-07-2025,CMP-META-01,409.63,31290,772,2.47%,0.53
07-07-2025,CMP-META-02,743.39,47602,991,2.08%,0.75
07-07-2025,CMP-GOOG-01,436.02,24141,465,1.93%,0.94
07-07-2025,CMP-GOOG-02,0,23462,517,2.20%,
07-07-2025,CMP-EML-01,56.13,2599,79,3.04%,0.71
07-07-2025,CMP-AFF-01,137.74,8607,199,2.31%,0.69
07-07-2025,CMP-ORG-00,0,1445,23,1.59%,
08-07-2025,CMP-META-01,269.37,12872,215,1.67%,1.25
08-07-2025,CMP-META-02,548.92,26932,682,2.53%,0.8
08-07-2025,CMP-GOOG-01,696.36,45051,1044,2.32%,0.67
08-07-2025,CMP-GOOG-02,625.84,46050,1409,3.06%,0.44
08-07-2025,CMP-EML-01,34.94,2511,56,2.23%,0.62
08-07-2025,CMP-AFF-01,195.41,11910,336,2.82%,0.58
08-07-2025,CMP-ORG-00,0,892,29,3.25%,
09-07-2025,CMP-META-01,495.93,33109,1026,3.10%,0.48
09-07-2025,CMP-META-02,469.56,36798,1277,3.47%,0.37
09-07-2025,CMP-GOOG-01,620.81,44787,1143,2.55%,0.54
09-07-2025,CMP-GOOG-02,455.91,25355,390,1.54%,1.17
09-07-2025,CMP-EML-01,73.93,4226,126,2.98%,0.59
09-07-2025,CMP-AFF-01,120.56,0,172,0.00%,0.7
09-07-2025,CMP-ORG-00,0,967,26,2.69%,
10-07-2025,CMP-META-01,522.73,27518,688,2.50%,0.76
10-07-2025,CMP-META-02,525.91,35674,950,2.66%,0.55
10-07-2025,CMP-GOOG-01,408.3,18299,501,2.74%,0.81
10-07-2025,CMP-GOOG-02,311.92,21116,491,2.33%,0.64
10-07-2025,CMP-EML-01,56.27,4241,105,2.48%,0.54
10-07-2025,CMP-AFF-01,217.83,13105,273,2.08%,0.8
10-07-2025,CMP-ORG-00,0,1487,36,2.42%,
11-07-2025,CMP-META-01,467.22,36385,1217,3.34%,0.38
11-07-2025,CMP-META-02,407.41,27442,670,2.44%,0.61
11-07-2025,CMP-GOOG-01,622.92,34793,713,2.05%,0.87
11-07-2025,CMP-GOOG-02,543.8,0,1106,0.00%,0.49
11-07-2025,CMP-EML-01,42.42,1911,48,2.51%,0.88
11-07-2025,CMP-ORG-00,0,535,20,3.74%,
12-07-2025,CMP-META-01,607.9,38912,627,1.61%,0.97
12-07-2025,CMP-META-02,385.15,17299,684,3.95%,0.56
12-07-2025,CMP-GOOG-01,345.41,15263,516,3.38%,0.67
12-07-2025,CMP-GOOG-02,646.27,50666,1008,1.99%,0.64
12-07-2025,CMP-EML-01,33.84,2049,31,1.51%,1.09
12-07-2025,CMP-AFF-01,89.67,0,224,0.00%,0.4
12-07-2025,CMP-ORG-00,0,802,23,2.87%,
13-07-2025,CMP-META-02,662.54,45662,1388,3.04%,0.48
13-07-2025,CMP-GOOG-01,364.26,22145,671,3.03%,0.54
13-07-2025,CMP-GOOG-02,518.87,24201,404,1.67%,1.28
13-07-2025,CMP-EML-01,79.01,4669,133,2.85%,0.59
13-07-2025,CMP-AFF-01,195.18,10009,242,2.42%,0.81
13-07-2025,CMP-ORG-00,0,685,21,3.07%,
14-07-2025,CMP-META-01,307.45,20404,416,2.04%,0.74
14-07-2025,CMP-META-02,351.87,14335,275,1.92%,1.28
14-07-2025,CMP-GOOG-01,802.08,35140,527,1.50%,1.52
14-07-2025,CMP-GOOG-02,762.73,47822,1244,2.60%,0.61
14-07-2025,CMP-AFF-01,94.41,7419,240,3.23%,0.39
14-07-2025,CMP-ORG-00,0,723,16,2.21%,
15-07-2025,CMP-META-01,535.85,40819,969,2.37%,0.55
15-07-2025,CMP-META-02,709.67,40183,1246,3.10%,0.57
15-07-2025,CMP-GOOG-01,685.72,44671,1306,2.92%,0.53
15-07-2025,CMP-GOOG-02,304.29,17813,511,2.87%,0.6
15-07-2025,CMP-EML-01,55.45,2559,57,2.23%,0.97
15-07-2025,CMP-AFF-01,97.42,4660,71,1.52%,1.37
15-07-2025,CMP-ORG-00,0,1120,21,1.88%,
16-07-2025,CMP-META-01,263.7,10878,263,2.42%,1
16-07-2025,CMP-META-02,652.76,28763,935,3.25%,0.7
16-07-2025,CMP-GOOG-01,628.34,32574,718,2.20%,0.88
16-07-2025,CMP-GOOG-02,809.29,38333,907,2.37%,0.89
16-07-2025,CMP-EML-01,46.4,2140,36,1.68%,1.29
16-07-2025,CMP-AFF-01,214.97,0,234,0.00%,0.92
16-07-2025,CMP-ORG-00,0,1097,31,2.83%,
17-07-2025,CMP-META-01,258.62,13700,362,2.64%,0.71
17-07-2025,CMP-META-02,419.33,26487,722,2.73%,0.58
17-07-2025,CMP-GOOG-01,669.86,48471,974,2.01%,0.69
17-07-2025,CMP-GOOG-02,482.23,33698,1163,3.45%,0.41
17-07-2025,CMP-EML-01,38.25,2497,96,3.84%,0.4
17-07-2025,CMP-AFF-01,111.83,4520,136,3.01%,0.82
17-07-2025,CMP-ORG-00,0,759,16,2.11%,
18-07-2025,CMP-META-01,279.53,18411,568,3.09%,0.49
18-07-2025,CMP-META-02,428.25,34018,1253,3.68%,0.34
18-07-2025,CMP-GOOG-01,0,19898,705,3.54%,
18-07-2025,CMP-GOOG-02,0,33152,1220,3.68%,
18-07-2025,CMP-EML-01,79.21,6066,115,1.90%,0.69
18-07-2025,CMP-AFF-01,147.16,8115,240,2.96%,0.61
18-07-2025,CMP-ORG-00,0,608,11,1.81%,
19-07-2025,CMP-META-01,511.73,23169,439,1.89%,1.17
19-07-2025,CMP-META-02,503.28,32559,1204,3.70%,0.42
19-07-2025,CMP-GOOG-01,600.96,31631,833,2.63%,0.72
19-07-2025,CMP-GOOG-02,420.6,26771,571,2.13%,0.74
19-07-2025,CMP-EML-01,73.5,3779,84,2.22%,0.88
19-07-2025,CMP-AFF-01,80.19,4300,104,2.42%,0.77
19-07-2025,CMP-ORG-00,0,1049,27,2.57%,
20-07-2025,CMP-META-01,614.35,30907,624,2.02%,0.98
20-07-2025,CMP-META-02,748.91,55038,931,1.69%,0.8
20-07-2025,CMP-GOOG-01,407.78,22605,613,2.71%,0.67
20-07-2025,CMP-GOOG-02,684.62,40694,1418,3.48%,0.48
20-07-2025,CMP-EML-01,76.2,5291,137,2.59%,0.56
20-07-2025,CMP-AFF-01,219.4,8861,302,3.41%,0.73
20-07-2025,CMP-ORG-00,0,693,24,3.46%,
21-07-2025,CMP-META-01,727.68,38792,1393,3.59%,0.52
21-07-2025,CMP-META-02,563.56,27176,952,3.50%,0.59
21-07-2025,CMP-GOOG-01,737.53,0,1503,0.00%,0.49
21-07-2025,CMP-GOOG-02,682.77,52030,1078,2.07%,0.63
21-07-2025,CMP-EML-01,72.26,4137,84,2.03%,0.86
21-07-2025,CMP-AFF-01,149.18,7353,253,3.44%,0.59
22-07-2025,CMP-META-01,646.69,29608,1181,3.99%,0.55
22-07-2025,CMP-META-02,687.67,38990,1438,3.69%,0.48
22-07-2025,CMP-GOOG-02,805.97,54979,916,1.67%,0.88
22-07-2025,CMP-EML-01,50.17,3057,58,1.90%,0.87
22-07-2025,CMP-AFF-01,124.24,8077,169,2.09%,0.74
22-07-2025,CMP-ORG-00,0,790,12,1.52%,
23-07-2025,CMP-META-01,686.63,45966,1621,3.53%,0.42
23-07-2025,CMP-META-02,653.89,39091,1320,3.38%,0.5
23-07-2025,CMP-GOOG-01,473.44,36118,1284,3.56%,0.37
23-07-2025,CMP-GOOG-02,775,53966,838,1.55%,0.92
23-07-2025,CMP-EML-01,59.02,2553,85,3.33%,0.69
23-07-2025,CMP-AFF-01,103.95,6644,190,2.86%,0.55
23-07-2025,CMP-ORG-00,0,1369,43,3.14%,
24-07-2025,CMP-META-01,510.12,32344,1201,3.71%,0.42
24-07-2025,CMP-META-02,290.87,14616,319,2.18%,0.91
24-07-2025,CMP-GOOG-01,717.83,51554,1787,3.47%,0.4
24-07-2025,CMP-GOOG-02,378.03,26718,951,3.56%,0.4
24-07-2025,CMP-EML-01,43.82,3085,83,2.69%,0.53
24-07-2025,CMP-AFF-01,217.54,13566,448,3.30%,0.49
24-07-2025,CMP-ORG-00,0,558,16,2.87%,
25-07-2025,CMP-META-01,390.63,20800,667,3.21%,0.59
25-07-2025,CMP-META-02,274.69,12491,475,3.80%,0.58
25-07-2025,CMP-GOOG-01,628.07,25816,516,2.00%,1.22
25-07-2025,CMP-GOOG-02,549.39,30592,1127,3.68%,0.49
25-07-2025,CMP-EML-01,48.41,3147,47,1.49%,1.03
25-07-2025,CMP-AFF-01,152.59,12017,286,2.38%,0.53
25-07-2025,CMP-ORG-00,0,934,18,1.93%,
26-07-2025,CMP-META-01,279.5,16807,440,2.62%,0.64
26-07-2025,CMP-META-02,353.58,16549,615,3.72%,0.57
26-07-2025,CMP-GOOG-01,796.56,59057,1646,2.79%,0.48
26-07-2025,CMP-GOOG-02,763.9,35449,833,2.35%,0.92
26-07-2025,CMP-EML-01,38.09,2375,80,3.37%,0.48
26-07-2025,CMP-AFF-01,89.11,4626,106,2.29%,0.84
26-07-2025,CMP-ORG-00,0,659,19,2.88%,
27-07-2025,CMP-META-01,699.79,31098,513,1.65%,1.36
27-07-2025,CMP-META-02,543.08,32777,1099,3.35%,0.49
27-07-2025,CMP-GOOG-01,517.67,30625,487,1.59%,1.06
27-07-2025,CMP-EML-01,0,2532,94,3.71%,
27-07-2025,CMP-AFF-01,115.07,6839,211,3.09%,0.55
27-07-2025,CMP-ORG-00,0,1340,43,3.21%,
28-07-2025,CMP-META-01,262.17,10944,404,3.69%,0.65
28-07-2025,CMP-META-02,551.27,31368,739,2.36%,0.75
28-07-2025,CMP-GOOG-01,828.74,51548,1917,3.72%,0.43
28-07-2025,CMP-GOOG-02,314.1,15513,423,2.73%,0.74
28-07-2025,CMP-EML-01,40.84,3002,55,1.83%,0.74
28-07-2025,CMP-AFF-01,0,4200,78,1.86%,
28-07-2025,CMP-ORG-00,0,986,19,1.93%,
29-07-2025,CMP-META-01,729.23,40496,1453,3.59%,0.5
29-07-2025,CMP-META-02,392.02,23540,490,2.08%,0.8
29-07-2025,CMP-GOOG-01,301.28,15029,344,2.29%,0.88
29-07-2025,CMP-EML-01,45.68,3322,123,3.70%,0.37
29-07-2025,CMP-AFF-01,201.65,15247,268,1.76%,0.75
29-07-2025,CMP-ORG-00,0,1282,41,3.20%,
30-07-2025,CMP-META-01,497.37,32657,793,2.43%,0.63
30-07-2025,CMP-META-02,611.77,46846,745,1.59%,0.82
30-07-2025,CMP-GOOG-01,481.03,33598,1017,3.03%,0.47
30-07-2025,CMP-GOOG-02,511.37,29901,851,2.85%,0.6
30-07-2025,CMP-EML-01,0,4696,82,1.75%,
30-07-2025,CMP-AFF-01,115.84,5556,124,2.23%,0.93
30-07-2025,CMP-ORG-00,0,1315,26,1.98%,
31-07-2025,CMP-META-01,546.86,30516,1102,3.61%,0.5
31-07-2025,CMP-META-02,404.42,18002,288,1.60%,1.4
31-07-2025,CMP-GOOG-01,363.53,19626,457,2.33%,0.8
31-07-2025,CMP-GOOG-02,658.68,52287,1037,1.98%,0.64
31-07-2025,CMP-EML-01,75.38,5396,175,3.24%,0.43
31-07-2025,CMP-AFF-01,107.5,7979,316,3.96%,0.34
31-07-2025,CMP-ORG-00,0,1444,32,2.22%,
01-08-2025,CMP-META-01,410.04,16885,475,2.81%,0.86
01-08-2025,CMP-META-02,317.87,20139,564,2.80%,0.56
01-08-2025,CMP-GOOG-01,404.7,29494,805,2.73%,0.5
01-08-2025,CMP-GOOG-02,590.96,41004,904,2.20%,0.65
01-08-2025,CMP-EML-01,51.6,3023,109,3.61%,0.47
01-08-2025,CMP-AFF-01,179.34,10538,392,3.72%,0.46
01-08-2025,CMP-ORG-00,0,697,27,3.87%,
02-08-2025,CMP-META-01,463.85,19173,317,1.65%,1.46
02-08-2025,CMP-GOOG-01,333.15,22079,786,3.56%,0.42
02-08-2025,CMP-GOOG-02,569.98,35430,621,1.75%,0.92
02-08-2025,CMP-EML-01,63.38,4325,101,2.34%,0.63
02-08-2025,CMP-AFF-01,157.26,7790,136,1.75%,1.16
02-08-2025,CMP-ORG-00,0,812,16,1.97%,
03-08-2025,CMP-META-01,471.74,20648,527,2.55%,0.9
03-08-2025,CMP-META-02,745.92,31607,1049,3.32%,0.71
03-08-2025,CMP-GOOG-01,327.12,20735,479,2.31%,0.68
03-08-2025,CMP-GOOG-02,585.98,40872,1133,2.77%,0.52
03-08-2025,CMP-EML-01,55.96,3157,111,3.52%,0.5
03-08-2025,CMP-AFF-01,155.48,11076,392,3.54%,0.4
03-08-2025,CMP-ORG-00,0,1139,40,3.51%,
04-08-2025,CMP-META-01,361.81,15860,396,2.50%,0.91
04-08-2025,CMP-META-02,432.66,31446,525,1.67%,0.82
04-08-2025,CMP-GOOG-01,661.66,43472,1015,2.33%,0.65
04-08-2025,CMP-GOOG-02,817.17,33267,1090,3.28%,0.75
04-08-2025,CMP-EML-01,0,1783,31,1.74%,
04-08-2025,CMP-AFF-01,147.96,8074,182,2.25%,0.81
04-08-2025,CMP-ORG-00,0,511,7,1.37%,
05-08-2025,CMP-META-01,702.66,46160,1200,2.60%,0.59
05-08-2025,CMP-META-02,361.76,15236,596,3.91%,0.61
05-08-2025,CMP-GOOG-01,564.87,26140,985,3.77%,0.57
05-08-2025,CMP-GOOG-02,441.08,27016,718,2.66%,0.61
05-08-2025,CMP-EML-01,74.11,3468,102,2.94%,0.73
05-08-2025,CMP-AFF-01,186.59,9887,284,2.87%,0.66
05-08-2025,CMP-ORG-00,0,1409,39,2.77%,
06-08-2025,CMP-META-01,580.55,31800,815,2.56%,0.71
06-08-2025,CMP-META-02,317.26,0,589,0.00%,0.54
06-08-2025,CMP-GOOG-01,559.59,38050,1072,2.82%,0.52
06-08-2025,CMP-GOOG-02,553.48,41624,891,2.14%,0.62
06-08-2025,CMP-EML-01,33.57,2258,88,3.90%,0.38
06-08-2025,CMP-AFF-01,210.54,8714,213,2.44%,0.99
06-08-2025,CMP-ORG-00,0,1012,35,3.46%,
07-08-2025,CMP-META-01,722.02,47807,930,1.95%,0.78
07-08-2025,CMP-META-02,275.67,14317,499,3.49%,0.55
07-08-2025,CMP-GOOG-01,0,47208,824,1.75%,
07-08-2025,CMP-GOOG-02,0,35746,1357,3.80%,
07-08-2025,CMP-EML-01,52.49,4013,105,2.62%,0.5
07-08-2025,CMP-AFF-01,207.59,12569,238,1.89%,0.87
07-08-2025,CMP-ORG-00,0,1109,40,3.61%,
08-08-2025,CMP-META-01,630.27,44538,706,1.59%,0.89
08-08-2025,CMP-META-02,562.63,40550,742,1.83%,0.76
08-08-2025,CMP-GOOG-01,848.02,44344,1336,3.01%,0.63
08-08-2025,CMP-GOOG-02,710.23,31130,1111,3.57%,0.64
08-08-2025,CMP-EML-01,78.97,3375,82,2.43%,0.96
08-08-2025,CMP-AFF-01,99.79,7867,144,1.83%,0.69
08-08-2025,CMP-ORG-00,0,994,24,2.41%,
09-08-2025,CMP-META-01,673.72,31509,614,1.95%,1.1
09-08-2025,CMP-META-02,394.22,30609,794,2.59%,0.5
09-08-2025,CMP-GOOG-01,457.33,31903,1206,3.78%,0.38
09-08-2025,CMP-GOOG-02,638.32,26122,699,2.68%,0.91
09-08-2025,CMP-EML-01,41.83,3299,126,3.82%,0.33
09-08-2025,CMP-AFF-01,171.7,12956,279,2.15%,0.62
09-08-2025,CMP-ORG-00,0,574,19,3.31%,
10-08-2025,CMP-META-01,263.08,19553,683,3.49%,0.39
10-08-2025,CMP-META-02,748.79,36236,763,2.11%,0.98
10-08-2025,CMP-GOOG-01,574.07,41506,1554,3.74%,0.37
10-08-2025,CMP-GOOG-02,763.46,48659,1325,2.72%,0.58
10-08-2025,CMP-EML-01,34.4,2040,37,1.81%,0.93
10-08-2025,CMP-AFF-01,157.92,7434,175,2.35%,0.9
10-08-2025,CMP-ORG-00,0,608,16,2.63%,
11-08-2025,CMP-META-01,626.6,40355,619,1.53%,1.01
11-08-2025,CMP-META-02,494.23,25783,757,2.94%,0.65
11-08-2025,CMP-GOOG-01,390.96,27148,1083,3.99%,0.36
11-08-2025,CMP-GOOG-02,390.21,18911,613,3.24%,0.64
11-08-2025,CMP-EML-01,32.23,2535,90,3.55%,0.36
11-08-2025,CMP-AFF-01,130.16,7498,134,1.79%,0.97
11-08-2025,CMP-ORG-00,0,1489,34,2.28%,
12-08-2025,CMP-META-01,413.1,25186,706,2.80%,0.59
12-08-2025,CMP-META-02,743.62,30248,731,2.42%,1.02
12-08-2025,CMP-GOOG-01,717.64,50476,1787,3.54%,0.4
12-08-2025,CMP-GOOG-02,577.92,42397,1515,3.57%,0.38
12-08-2025,CMP-EML-01,37.18,1766,43,2.43%,0.86
12-08-2025,CMP-AFF-01,195.71,13372,252,1.88%,0.78
12-08-2025,CMP-ORG-00,0,944,28,2.97%,
13-08-2025,CMP-META-01,407.87,30241,672,2.22%,0.61
13-08-2025,CMP-META-02,289.22,15041,562,3.74%,0.51
13-08-2025,CMP-GOOG-01,733.6,33003,1131,3.43%,0.65
13-08-2025,CMP-GOOG-02,346.87,17581,587,3.34%,0.59
13-08-2025,CMP-EML-01,36.22,1913,70,3.66%,0.52
13-08-2025,CMP-AFF-01,102.43,6346,97,1.53%,1.06
13-08-2025,CMP-ORG-00,0,603,16,2.65%,
14-08-2025,CMP-META-01,368.81,26526,933,3.52%,0.4
14-08-2025,CMP-META-02,521.55,34434,1192,3.46%,0.44
14-08-2025,CMP-GOOG-01,720.2,56965,1857,3.26%,0.39
14-08-2025,CMP-GOOG-02,603.56,44543,732,1.64%,0.82
14-08-2025,CMP-EML-01,50.17,2194,35,1.60%,1.43
14-08-2025,CMP-AFF-01,108.06,8131,271,3.33%,0.4
14-08-2025,CMP-ORG-00,0,676,14,2.07%,
15-08-2025,CMP-META-01,286.23,17713,359,2.03%,0.8
15-08-2025,CMP-META-02,317.78,22026,650,2.95%,0.49
15-08-2025,CMP-GOOG-01,781.92,32543,1107,3.40%,0.71
15-08-2025,CMP-GOOG-02,761.29,53728,1788,3.33%,0.43
15-08-2025,CMP-EML-01,77.86,5954,171,2.87%,0.46
15-08-2025,CMP-AFF-01,94.84,6298,154,2.45%,0.62
15-08-2025,CMP-ORG-00,0,612,9,1.47%,
16-08-2025,CMP-META-01,425.67,31391,484,1.54%,0.88
16-08-2025,CMP-META-02,577.42,42146,1014,2.41%,0.57
16-08-2025,CMP-GOOG-01,578.34,44756,748,1.67%,0.77
16-08-2025,CMP-GOOG-02,491.45,38060,950,2.50%,0.52
16-08-2025,CMP-EML-01,33.22,2115,78,3.69%,0.43
16-08-2025,CMP-AFF-01,158.74,10932,283,2.59%,0.56
16-08-2025,CMP-ORG-00,0,644,17,2.64%,
17-08-2025,CMP-META-01,459.72,33723,987,2.93%,0.47
17-08-2025,CMP-META-02,694.18,29548,807,2.73%,0.86
17-08-2025,CMP-GOOG-01,348.42,26772,1029,3.84%,0.34
17-08-2025,CMP-GOOG-02,716.06,43784,1212,2.77%,0.59
17-08-2025,CMP-EML-01,0,1874,70,3.74%,
17-08-2025,CMP-AFF-01,179.93,7747,262,3.38%,0.69
17-08-2025,CMP-ORG-00,0,1176,31,2.64%,
18-08-2025,CMP-META-01,567.39,27623,478,1.73%,1.19
18-08-2025,CMP-META-02,451.51,0,970,0.00%,0.47
18-08-2025,CMP-GOOG-01,698.77,45029,1341,2.98%,0.52
18-08-2025,CMP-GOOG-02,742.79,42231,1481,3.51%,0.5
18-08-2025,CMP-EML-01,53.09,3502,97,2.77%,0.55
18-08-2025,CMP-AFF-01,120.08,0,198,0.00%,0.61
18-08-2025,CMP-ORG-00,0,691,15,2.17%,
19-08-2025,CMP-META-01,558.98,26666,434,1.63%,1.29
19-08-2025,CMP-META-02,257.67,18699,668,3.57%,0.39
19-08-2025,CMP-GOOG-01,401.12,24196,408,1.69%,0.98
19-08-2025,CMP-GOOG-02,388.61,19252,537,2.79%,0.72
19-08-2025,CMP-EML-01,65.14,4741,81,1.71%,0.8
19-08-2025,CMP-AFF-01,189.86,10258,325,3.17%,0.58
19-08-2025,CMP-ORG-00,0,669,17,2.54%,
20-08-2025,CMP-META-01,432.36,20230,717,3.54%,0.6
20-08-2025,CMP-EML-01,57,2424,48,1.98%,1.19
20-08-2025,CMP-AFF-01,0,6399,132,2.06%,
20-08-2025,CMP-ORG-00,0,645,21,3.26%,
21-08-2025,CMP-META-01,334.89,22604,861,3.81%,0.39
21-08-2025,CMP-META-02,743.23,56267,976,1.73%,0.76
21-08-2025,CMP-GOOG-01,558.08,29475,1021,3.46%,0.55
21-08-2025,CMP-GOOG-02,416.61,23330,383,1.64%,1.09
21-08-2025,CMP-EML-01,48.89,2587,82,3.17%,0.6
21-08-2025,CMP-AFF-01,164.95,8361,177,2.12%,0.93
21-08-2025,CMP-ORG-00,0,879,31,3.53%,
22-08-2025,CMP-META-01,521.7,0,952,0.00%,0.55
22-08-2025,CMP-META-02,351.68,27773,692,2.49%,0.51
22-08-2025,CMP-GOOG-01,683.73,48300,1463,3.03%,0.47
22-08-2025,CMP-GOOG-02,664.75,43222,1353,3.13%,0.49
22-08-2025,CMP-EML-01,50.69,3906,103,2.64%,0.49
22-08-2025,CMP-AFF-01,99.09,7223,215,2.98%,0.46
23-08-2025,CMP-META-01,477.87,26517,611,2.30%,0.78
23-08-2025,CMP-META-02,418.44,26291,420,1.60%,1
23-08-2025,CMP-GOOG-01,726.48,40834,1020,2.50%,0.71
23-08-2025,CMP-GOOG-02,681.44,44088,963,2.18%,0.71
23-08-2025,CMP-EML-01,48.22,2799,71,2.54%,0.68
23-08-2025,CMP-AFF-01,0,7822,196,2.51%,
23-08-2025,CMP-ORG-00,0,1251,33,2.64%,
24-08-2025,CMP-META-02,0,35770,944,2.64%,
24-08-2025,CMP-GOOG-01,0,39917,635,1.59%,
24-08-2025,CMP-GOOG-02,563.53,31304,1227,3.92%,0.46
24-08-2025,CMP-EML-01,35.48,2239,74,3.31%,0.48
24-08-2025,CMP-AFF-01,191.4,9641,237,2.46%,0.81
24-08-2025,CMP-ORG-00,0,1319,44,3.34%,
25-08-2025,CMP-META-01,611.53,42638,790,1.85%,0.77
25-08-2025,CMP-META-02,536.08,29700,821,2.76%,0.65
25-08-2025,CMP-GOOG-01,765.59,53094,991,1.87%,0.77
25-08-2025,CMP-GOOG-02,423.65,33620,892,2.65%,0.47
25-08-2025,CMP-EML-01,38.74,2363,81,3.43%,0.48
25-08-2025,CMP-AFF-01,84.3,6282,215,3.42%,0.39
25-08-2025,CMP-ORG-00,0,1181,20,1.69%,
26-08-2025,CMP-META-01,368.23,27910,461,1.65%,0.8
26-08-2025,CMP-META-02,324.71,25364,488,1.92%,0.67
26-08-2025,CMP-GOOG-01,651.14,41125,1559,3.79%,0.42
26-08-2025,CMP-GOOG-02,357.28,23750,947,3.99%,0.38
26-08-2025,CMP-EML-01,42.58,1822,65,3.57%,0.66
26-08-2025,CMP-AFF-01,150.31,8052,268,3.33%,0.56
26-08-2025,CMP-ORG-00,0,856,17,1.99%,
27-08-2025,CMP-META-01,449.1,24198,609,2.52%,0.74
27-08-2025,CMP-META-02,737.5,31082,640,2.06%,1.15
27-08-2025,CMP-GOOG-01,739.75,43851,1387,3.16%,0.53
27-08-2025,CMP-GOOG-02,379.49,28664,677,2.36%,0.56
27-08-2025,CMP-EML-01,0,2867,90,3.14%,
27-08-2025,CMP-AFF-01,185.42,13891,224,1.61%,0.83
27-08-2025,CMP-ORG-00,0,924,23,2.49%,
28-08-2025,CMP-META-01,250.83,14684,237,1.61%,1.06
28-08-2025,CMP-META-02,514.22,26860,603,2.24%,0.85
28-08-2025,CMP-GOOG-02,344.14,26541,482,1.82%,0.71
28-08-2025,CMP-EML-01,32.77,1706,28,1.64%,1.17
28-08-2025,CMP-AFF-01,181.62,12205,374,3.06%,0.49
28-08-2025,CMP-ORG-00,0,1455,33,2.27%,
29-08-2025,CMP-META-02,662.62,36047,801,2.22%,0.83
29-08-2025,CMP-GOOG-01,570.7,40821,931,2.28%,0.61
29-08-2025,CMP-GOOG-02,404.09,18374,369,2.01%,1.1
29-08-2025,CMP-EML-01,54.89,3114,100,3.21%,0.55
29-08-2025,CMP-AFF-01,140.1,9489,297,3.13%,0.47
29-08-2025,CMP-ORG-00,0,0,23,0.00%,
30-08-2025,CMP-META-01,318.68,19565,512,2.62%,0.62
30-08-2025,CMP-META-02,487.68,19699,342,1.74%,1.43
30-08-2025,CMP-GOOG-01,526.1,36612,628,1.72%,0.84
30-08-2025,CMP-GOOG-02,754.14,54965,1256,2.29%,0.6
30-08-2025,CMP-EML-01,31.71,2186,51,2.33%,0.62
30-08-2025,CMP-AFF-01,0,10580,394,3.72%,
30-08-2025,CMP-ORG-00,0,636,24,3.77%,
31-08-2025,CMP-META-01,616.97,43820,1516,3.46%,0.41
31-08-2025,CMP-META-02,483.49,20358,693,3.40%,0.7
31-08-2025,CMP-GOOG-01,652.74,45830,698,1.52%,0.94
31-08-2025,CMP-GOOG-02,833.54,36715,643,1.75%,1.3
31-08-2025,CMP-EML-01,49.83,3490,99,2.84%,0.5
31-08-2025,CMP-AFF-01,117.44,6978,248,3.55%,0.47
31-08-2025,CMP-ORG-00,0,1065,19,1.78%,
01-09-2025,CMP-META-01,743.16,30788,612,1.99%,1.21
01-09-2025,CMP-META-02,0,17870,304,1.70%,
01-09-2025,CMP-GOOG-01,385.04,16127,370,2.29%,1.04
01-09-2025,CMP-GOOG-02,321.02,24197,872,3.60%,0.37
01-09-2025,CMP-EML-01,30.23,2134,54,2.53%,0.56
01-09-2025,CMP-AFF-01,175.05,10035,198,1.97%,0.88
01-09-2025,CMP-ORG-00,0,0,18,0.00%,
02-09-2025,CMP-META-01,607.13,38760,1189,3.07%,0.51
02-09-2025,CMP-META-02,578.77,44113,1538,3.49%,0.38
02-09-2025,CMP-GOOG-01,658.98,31003,1087,3.51%,0.61
02-09-2025,CMP-GOOG-02,448.75,28918,1033,3.57%,0.43
02-09-2025,CMP-EML-01,78.61,3281,93,2.83%,0.85
02-09-2025,CMP-AFF-01,168.5,12247,343,2.80%,0.49
02-09-2025,CMP-ORG-00,0,1418,26,1.83%,
03-09-2025,CMP-META-01,733.19,48692,1580,3.24%,0.46
03-09-2025,CMP-META-02,304.34,14881,354,2.38%,0.86
03-09-2025,CMP-GOOG-01,668.04,0,1684,0.00%,0.4
03-09-2025,CMP-GOOG-02,531.48,40415,1130,2.80%,0.47
03-09-2025,CMP-EML-01,73.19,4284,77,1.80%,0.95
03-09-2025,CMP-AFF-01,210.16,12152,312,2.57%,0.67
03-09-2025,CMP-ORG-00,0,1147,25,2.18%,
04-09-2025,CMP-META-01,544.57,25263,828,3.28%,0.66
04-09-2025,CMP-META-02,379.75,28408,759,2.67%,0.5
04-09-2025,CMP-GOOG-01,813.75,0,962,0.00%,0.85
04-09-2025,CMP-GOOG-02,592.07,24714,511,2.07%,1.16
04-09-2025,CMP-EML-01,46.08,1886,44,2.33%,1.05
04-09-2025,CMP-AFF-01,193.65,8127,269,3.31%,0.72
04-09-2025,CMP-ORG-00,0,1400,38,2.71%,
05-09-2025,CMP-META-01,744.18,39921,700,1.75%,1.06
05-09-2025,CMP-META-02,360.22,21449,852,3.97%,0.42
05-09-2025,CMP-GOOG-01,523.96,32749,789,2.41%,0.66
05-09-2025,CMP-GOOG-02,727.8,46400,1483,3.20%,0.49
05-09-2025,CMP-EML-01,74.21,5481,139,2.54%,0.53
05-09-2025,CMP-AFF-01,103.18,6820,217,3.18%,0.48
05-09-2025,CMP-ORG-00,0,557,14,2.51%,
06-09-2025,CMP-META-01,701.94,47133,1384,2.94%,0.51
06-09-2025,CMP-META-02,442.98,28779,533,1.85%,0.83
06-09-2025,CMP-GOOG-02,791.97,48967,1453,2.97%,0.55
06-09-2025,CMP-EML-01,48.87,3607,68,1.89%,0.72
06-09-2025,CMP-AFF-01,209.8,16055,305,1.90%,0.69
06-09-2025,CMP-ORG-00,0,1079,17,1.58%,
07-09-2025,CMP-META-01,420.08,28945,706,2.44%,0.6
07-09-2025,CMP-META-02,583.31,35885,1316,3.67%,0.44
07-09-2025,CMP-GOOG-02,361.58,14716,300,2.04%,1.21
07-09-2025,CMP-EML-01,71.26,3293,69,2.10%,1.03
07-09-2025,CMP-AFF-01,166.13,7512,256,3.41%,0.65
07-09-2025,CMP-ORG-00,0,1016,22,2.17%,
08-09-2025,CMP-META-01,648.12,38017,1478,3.89%,0.44
08-09-2025,CMP-META-02,296.79,22993,464,2.02%,0.64
08-09-2025,CMP-GOOG-01,613.79,29999,713,2.38%,0.86
08-09-2025,CMP-GOOG-02,373.57,28638,887,3.10%,0.42
08-09-2025,CMP-EML-01,63.62,4264,131,3.07%,0.49
08-09-2025,CMP-AFF-01,94.44,4614,180,3.90%,0.52
08-09-2025,CMP-ORG-00,0,1082,26,2.40%,
09-09-2025,CMP-META-01,388.41,17309,583,3.37%,0.67
09-09-2025,CMP-META-02,309.96,20034,405,2.02%,0.77
09-09-2025,CMP-GOOG-01,445.74,21607,675,3.12%,0.66
09-09-2025,CMP-GOOG-02,315.14,15748,340,2.16%,0.93
09-09-2025,CMP-EML-01,69.49,3667,104,2.84%,0.67
09-09-2025,CMP-AFF-01,92.14,4989,177,3.55%,0.52
09-09-2025,CMP-ORG-00,0,1356,27,1.99%,
10-09-2025,CMP-META-01,445.7,20089,494,2.46%,0.9
10-09-2025,CMP-META-02,621.67,26581,665,2.50%,0.93
10-09-2025,CMP-GOOG-01,390.14,22662,705,3.11%,0.55
10-09-2025,CMP-GOOG-02,688.15,30431,737,2.42%,0.93
10-09-2025,CMP-EML-01,44.27,2925,98,3.35%,0.45
10-09-2025,CMP-AFF-01,113.79,7704,185,2.40%,0.62
10-09-2025,CMP-ORG-00,0,813,17,2.09%,
11-09-2025,CMP-META-01,452.7,24521,798,3.25%,0.57
11-09-2025,CMP-META-02,341.23,16111,242,1.50%,1.41
11-09-2025,CMP-GOOG-01,846.99,67754,1112,1.64%,0.76
11-09-2025,CMP-GOOG-02,333.36,14738,413,2.80%,0.81
11-09-2025,CMP-EML-01,43.39,1812,53,2.92%,0.82
11-09-2025,CMP-AFF-01,97.55,4660,114,2.45%,0.86
11-09-2025,CMP-ORG-00,0,1252,20,1.60%,
12-09-2025,CMP-META-01,303.42,19133,645,3.37%,0.47
12-09-2025,CMP-META-02,611.98,45605,1003,2.20%,0.61
12-09-2025,CMP-GOOG-01,300.7,15950,330,2.07%,0.91
12-09-2025,CMP-GOOG-02,560.08,35567,840,2.36%,0.67
12-09-2025,CMP-EML-01,78.88,5237,153,2.92%,0.52
12-09-2025,CMP-AFF-01,216.86,10709,194,1.81%,1.12
12-09-2025,CMP-ORG-00,0,927,21,2.27%,
13-09-2025,CMP-META-01,732.48,46642,720,1.54%,1.02
13-09-2025,CMP-META-02,268.93,10955,247,2.25%,1.09
13-09-2025,CMP-GOOG-01,431.41,30015,1122,3.74%,0.38
13-09-2025,CMP-GOOG-02,638.15,25919,974,3.76%,0.66
13-09-2025,CMP-EML-01,60.77,3900,84,2.15%,0.72
13-09-2025,CMP-AFF-01,158.33,12573,235,1.87%,0.67
13-09-2025,CMP-ORG-00,0,748,15,2.01%,
14-09-2025,CMP-META-01,500.52,30145,590,1.96%,0.85
14-09-2025,CMP-META-02,621.24,26813,1014,3.78%,0.61
14-09-2025,CMP-GOOG-01,649.35,39855,1008,2.53%,0.64
14-09-2025,CMP-GOOG-02,614.31,28958,1056,3.65%,0.58
14-09-2025,CMP-EML-01,63.53,4473,121,2.71%,0.53
14-09-2025,CMP-AFF-01,145.33,9423,233,2.47%,0.62
14-09-2025,CMP-ORG-00,0,733,22,3.00%,
15-09-2025,CMP-META-01,519.67,23733,662,2.79%,0.79
15-09-2025,CMP-META-02,257.24,19955,685,3.43%,0.38
15-09-2025,CMP-GOOG-01,803.95,39788,876,2.20%,0.92
15-09-2025,CMP-GOOG-02,562.02,26474,614,2.32%,0.92
15-09-2025,CMP-EML-01,30.47,1695,64,3.78%,0.48
15-09-2025,CMP-AFF-01,112.28,6491,163,2.51%,0.69
15-09-2025,CMP-ORG-00,0,1096,16,1.46%,
16-09-2025,CMP-META-01,309.17,24385,425,1.74%,0.73
16-09-2025,CMP-META-02,273.94,21314,846,3.97%,0.32
16-09-2025,CMP-GOOG-01,314.21,13969,455,3.26%,0.69
16-09-2025,CMP-GOOG-02,389.67,15999,548,3.43%,0.71
16-09-2025,CMP-EML-01,35.54,2149,57,2.65%,0.62
16-09-2025,CMP-AFF-01,88.96,3637,96,2.64%,0.93
16-09-2025,CMP-ORG-00,0,861,17,1.97%,
17-09-2025,CMP-META-01,700.89,31053,545,1.76%,1.29
17-09-2025,CMP-META-02,0,23877,736,3.08%,
17-09-2025,CMP-GOOG-01,830.81,63755,1018,1.60%,0.82
17-09-2025,CMP-GOOG-02,662.87,40068,1211,3.02%,0.55
17-09-2025,CMP-EML-01,54.06,3974,156,3.93%,0.35
17-09-2025,CMP-AFF-01,111.18,7319,207,2.83%,0.54
17-09-2025,CMP-ORG-00,0,1446,42,2.90%,
18-09-2025,CMP-META-01,640.93,28265,846,2.99%,0.76
18-09-2025,CMP-META-02,661.86,49192,870,1.77%,0.76
18-09-2025,CMP-GOOG-01,435.84,31269,666,2.13%,0.65
18-09-2025,CMP-GOOG-02,548.26,0,502,0.00%,1.09
18-09-2025,CMP-EML-01,0,5267,99,1.88%,
18-09-2025,CMP-AFF-01,154.38,8934,222,2.48%,0.7
19-09-2025,CMP-META-01,635.88,32781,1033,3.15%,0.62
19-09-2025,CMP-META-02,403.33,23312,816,3.50%,0.49
19-09-2025,CMP-GOOG-01,775.26,32189,756,2.35%,1.03
19-09-2025,CMP-EML-01,49.09,3358,113,3.37%,0.43
19-09-2025,CMP-AFF-01,110.81,7108,252,3.55%,0.44
19-09-2025,CMP-ORG-00,0,625,10,1.60%,
20-09-2025,CMP-META-01,396.36,27624,545,1.97%,0.73
20-09-2025,CMP-GOOG-01,798.57,54447,912,1.68%,0.88
20-09-2025,CMP-GOOG-02,692.54,30128,583,1.94%,1.19
20-09-2025,CMP-AFF-01,209.76,11416,307,2.69%,0.68
20-09-2025,CMP-ORG-00,0,1168,46,3.94%,
21-09-2025,CMP-META-01,480.6,32964,969,2.94%,0.5
21-09-2025,CMP-META-02,575.74,37390,772,2.06%,0.75
21-09-2025,CMP-GOOG-01,844.72,64999,2414,3.71%,0.35
21-09-2025,CMP-GOOG-02,486.54,34870,858,2.46%,0.57
21-09-2025,CMP-EML-01,73.71,4078,105,2.57%,0.7
21-09-2025,CMP-AFF-01,0,8007,210,2.62%,
21-09-2025,CMP-ORG-00,0,606,19,3.14%,
22-09-2025,CMP-META-01,608.57,48670,1543,3.17%,0.39
22-09-2025,CMP-META-02,695.53,35666,1381,3.87%,0.5
22-09-2025,CMP-GOOG-01,0,42067,1151,2.74%,
22-09-2025,CMP-GOOG-02,754.3,47809,1655,3.46%,0.46
22-09-2025,CMP-EML-01,0,4486,160,3.57%,
22-09-2025,CMP-AFF-01,164.35,12631,203,1.61%,0.81
22-09-2025,CMP-ORG-00,0,692,26,3.76%,
23-09-2025,CMP-META-01,272.87,17931,637,3.55%,0.43
23-09-2025,CMP-META-02,710.35,43139,1601,3.71%,0.44
23-09-2025,CMP-GOOG-01,629.73,29568,1102,3.73%,0.57
23-09-2025,CMP-GOOG-02,461.97,19278,504,2.61%,0.92
23-09-2025,CMP-EML-01,67.05,4123,88,2.13%,0.76
23-09-2025,CMP-AFF-01,183.26,9873,345,3.49%,0.53
23-09-2025,CMP-ORG-00,0,554,10,1.81%,
24-09-2025,CMP-META-01,602.89,37855,713,1.88%,0.85
24-09-2025,CMP-META-02,512.21,22009,661,3.00%,0.77
24-09-2025,CMP-GOOG-01,539.13,39749,1333,3.35%,0.4
24-09-2025,CMP-GOOG-02,538.47,37636,1405,3.73%,0.38
24-09-2025,CMP-EML-01,71.57,4389,131,2.98%,0.55
24-09-2025,CMP-AFF-01,0,4896,133,2.72%,
24-09-2025,CMP-ORG-00,0,1399,55,3.93%,
25-09-2025,CMP-META-01,700.24,33331,980,2.94%,0.71
25-09-2025,CMP-META-02,437.88,28796,773,2.68%,0.57
25-09-2025,CMP-GOOG-01,412.55,32019,763,2.38%,0.54
25-09-2025,CMP-GOOG-02,716.73,45104,1672,3.71%,0.43
25-09-2025,CMP-EML-01,67.56,3883,70,1.80%,0.97
25-09-2025,CMP-AFF-01,110.14,6750,158,2.34%,0.7
25-09-2025,CMP-ORG-00,0,978,24,2.45%,
26-09-2025,CMP-META-01,476.95,31773,922,2.90%,0.52
26-09-2025,CMP-META-02,453.1,34253,751,2.19%,0.6
26-09-2025,CMP-GOOG-01,355.74,26293,750,2.85%,0.47
26-09-2025,CMP-GOOG-02,384.46,25933,860,3.32%,0.45
26-09-2025,CMP-EML-01,78.32,6114,143,2.34%,0.55
26-09-2025,CMP-AFF-01,182.28,14254,418,2.93%,0.44
27-09-2025,CMP-META-01,322.97,16294,559,3.43%,0.58
27-09-2025,CMP-META-02,481.9,25861,831,3.21%,0.58
27-09-2025,CMP-GOOG-01,381.58,24289,909,3.74%,0.42
27-09-2025,CMP-GOOG-02,417.02,25065,788,3.14%,0.53
27-09-2025,CMP-EML-01,39.02,2499,45,1.80%,0.87
27-09-2025,CMP-AFF-01,129.86,9000,182,2.02%,0.71
27-09-2025,CMP-ORG-00,0,526,9,1.71%,
28-09-2025,CMP-META-01,629.62,39267,1146,2.92%,0.55
28-09-2025,CMP-META-02,291.19,13610,293,2.15%,0.99
28-09-2025,CMP-GOOG-01,516.11,29981,918,3.06%,0.56
28-09-2025,CMP-GOOG-02,673.46,32198,833,2.59%,0.81
28-09-2025,CMP-EML-01,58.65,3595,143,3.98%,0.41
28-09-2025,CMP-AFF-01,169.27,7341,140,1.91%,1.21
28-09-2025,CMP-ORG-00,0,1281,48,3.75%,
29-09-2025,CMP-META-01,547.35,34733,802,2.31%,0.68
29-09-2025,CMP-GOOG-01,350.89,17472,691,3.95%,0.51
29-09-2025,CMP-GOOG-02,629.38,31720,1169,3.69%,0.54
29-09-2025,CMP-EML-01,60.92,3325,82,2.47%,0.74
29-09-2025,CMP-AFF-01,106.11,6924,138,1.99%,0.77
29-09-2025,CMP-ORG-00,0,1222,28,2.29%,
30-09-2025,CMP-META-01,679.51,53988,1216,2.25%,0.56
30-09-2025,CMP-GOOG-01,331.82,15718,354,2.25%,0.94
30-09-2025,CMP-GOOG-02,594.22,42321,1331,3.15%,0.45
30-09-2025,CMP-EML-01,33.38,2095,51,2.43%,0.65
30-09-2025,CMP-AFF-01,119.57,5967,127,2.13%,0.94
30-09-2025,CMP-ORG-00,0,1401,37,2.64%,
01-10-2025,CMP-META-01,694.84,48694,1541,3.16%,0.45
01-10-2025,CMP-META-02,623.07,28297,1121,3.96%,0.56
01-10-2025,CMP-GOOG-01,358.35,28565,491,1.72%,0.73
01-10-2025,CMP-GOOG-02,349.84,24273,829,3.42%,0.42
01-10-2025,CMP-EML-01,31.68,2416,64,2.65%,0.5
01-10-2025,CMP-AFF-01,156.31,7375,144,1.95%,1.09
01-10-2025,CMP-ORG-00,0,661,14,2.12%,
02-10-2025,CMP-META-01,278.45,21400,482,2.25%,0.58
02-10-2025,CMP-META-02,550.15,0,557,0.00%,0.99
02-10-2025,CMP-GOOG-02,496.76,32303,1142,3.54%,0.43
02-10-2025,CMP-EML-01,55.45,2294,72,3.14%,0.77
02-10-2025,CMP-AFF-01,182.57,11066,205,1.85%,0.89
02-10-2025,CMP-ORG-00,0,513,14,2.73%,
03-10-2025,CMP-META-01,642.8,27077,737,2.72%,0.87
03-10-2025,CMP-META-02,700.07,35874,1067,2.97%,0.66
03-10-2025,CMP-GOOG-01,735.28,55609,1036,1.86%,0.71
03-10-2025,CMP-GOOG-02,822.43,45496,923,2.03%,0.89
03-10-2025,CMP-EML-01,50.55,3917,113,2.88%,0.45
03-10-2025,CMP-AFF-01,87.88,4309,106,2.46%,0.83
03-10-2025,CMP-ORG-00,0,1148,19,1.66%,
04-10-2025,CMP-META-01,614.9,38019,1081,2.84%,0.57
04-10-2025,CMP-META-02,365.55,19002,489,2.57%,0.75
04-10-2025,CMP-GOOG-01,486.82,30930,1037,3.35%,0.47
04-10-2025,CMP-GOOG-02,693.98,38382,1433,3.73%,0.48
04-10-2025,CMP-EML-01,55.55,3526,109,3.09%,0.51
04-10-2025,CMP-AFF-01,88.67,5985,163,2.72%,0.54
04-10-2025,CMP-ORG-00,0,869,26,2.99%,
05-10-2025,CMP-META-01,478.2,25492,612,2.40%,0.78
05-10-2025,CMP-META-02,694.83,37295,1219,3.27%,0.57
05-10-2025,CMP-GOOG-01,352.75,18149,640,3.53%,0.55
05-10-2025,CMP-GOOG-02,811.42,60846,2043,3.36%,0.4
05-10-2025,CMP-EML-01,55.94,3538,113,3.19%,0.5
05-10-2025,CMP-AFF-01,183.26,11360,183,1.61%,1
05-10-2025,CMP-ORG-00,0,1314,29,2.21%,
06-10-2025,CMP-META-01,702.04,36866,1108,3.01%,0.63
06-10-2025,CMP-META-02,432.02,20647,660,3.20%,0.65
06-10-2025,CMP-GOOG-01,656.28,28070,1003,3.57%,0.65
06-10-2025,CMP-GOOG-02,593.7,23988,672,2.80%,0.88
06-10-2025,CMP-EML-01,43.64,2778,77,2.77%,0.57
06-10-2025,CMP-AFF-01,173.2,11165,255,2.28%,0.68
06-10-2025,CMP-ORG-00,0,862,25,2.90%,
07-10-2025,CMP-META-01,323.32,25480,901,3.54%,0.36
07-10-2025,CMP-META-02,335.38,21542,498,2.31%,0.67
07-10-2025,CMP-GOOG-01,364.88,19338,536,2.77%,0.68
07-10-2025,CMP-GOOG-02,575.46,31077,733,2.36%,0.79
07-10-2025,CMP-EML-01,51.14,3810,140,3.67%,0.37
07-10-2025,CMP-AFF-01,136.04,6195,101,1.63%,1.35
07-10-2025,CMP-ORG-00,0,1413,34,2.41%,
08-10-2025,CMP-META-01,748.08,46901,732,1.56%,1.02
08-10-2025,CMP-META-02,363.41,19587,348,1.78%,1.04
08-10-2025,CMP-GOOG-01,812.65,33335,583,1.75%,1.39
08-10-2025,CMP-GOOG-02,317.01,13640,421,3.09%,0.75
08-10-2025,CMP-EML-01,79.56,5081,130,2.56%,0.61
08-10-2025,CMP-AFF-01,187.14,8615,222,2.58%,0.84
08-10-2025,CMP-ORG-00,0,1312,52,3.96%,
09-10-2025,CMP-META-01,599.95,45194,1598,3.54%,0.38
09-10-2025,CMP-META-02,632.97,26093,635,2.43%,1
09-10-2025,CMP-GOOG-01,754.42,47081,1088,2.31%,0.69
09-10-2025,CMP-GOOG-02,660.53,46230,1772,3.83%,0.37
09-10-2025,CMP-EML-01,34.4,2480,78,3.15%,0.44
09-10-2025,CMP-AFF-01,204.11,15437,600,3.89%,0.34
09-10-2025,CMP-ORG-00,0,1433,37,2.58%,
10-10-2025,CMP-META-01,644.85,47955,722,1.51%,0.89
10-10-2025,CMP-META-02,413.15,22977,611,2.66%,0.68
10-10-2025,CMP-GOOG-01,551.75,36703,1249,3.40%,0.44
10-10-2025,CMP-GOOG-02,328.15,21523,583,2.71%,0.56
10-10-2025,CMP-AFF-01,202.18,15415,451,2.93%,0.45
10-10-2025,CMP-ORG-00,0,834,27,3.24%,
11-10-2025,CMP-META-01,0,34018,1088,3.20%,
11-10-2025,CMP-META-02,345.88,18203,508,2.79%,0.68
11-10-2025,CMP-GOOG-01,426.1,30916,891,2.88%,0.48
11-10-2025,CMP-GOOG-02,690.74,42578,1590,3.73%,0.43
11-10-2025,CMP-EML-01,57.11,3891,117,3.01%,0.49
11-10-2025,CMP-AFF-01,98.5,4847,117,2.41%,0.84
11-10-2025,CMP-ORG-00,0,714,11,1.54%,
12-10-2025,CMP-GOOG-01,744.76,54659,1527,2.79%,0.49
12-10-2025,CMP-GOOG-02,444.48,19070,440,2.31%,1.01
12-10-2025,CMP-EML-01,50.11,3834,63,1.64%,0.8
12-10-2025,CMP-AFF-01,196.29,12033,363,3.02%,0.54
12-10-2025,CMP-ORG-00,0,967,28,2.90%,
13-10-2025,CMP-META-01,685.66,38236,1250,3.27%,0.55
13-10-2025,CMP-META-02,390.91,28694,646,2.25%,0.61
13-10-2025,CMP-GOOG-01,847.15,58714,1070,1.82%,0.79
13-10-2025,CMP-GOOG-02,665.1,35622,868,2.44%,0.77
13-10-2025,CMP-EML-01,74.47,5385,174,3.23%,0.43
13-10-2025,CMP-AFF-01,202.21,9922,386,3.89%,0.52
13-10-2025,CMP-ORG-00,0,1467,48,3.27%,
14-10-2025,CMP-META-01,709.25,0,1182,0.00%,0.6
14-10-2025,CMP-META-02,641.81,44433,1322,2.98%,0.49
14-10-2025,CMP-GOOG-01,0,34621,973,2.81%,
14-10-2025,CMP-GOOG-02,811.51,63736,1131,1.77%,0.72
14-10-2025,CMP-EML-01,72.87,3017,66,2.19%,1.1
14-10-2025,CMP-AFF-01,126.69,9273,278,3.00%,0.46
14-10-2025,CMP-ORG-00,0,1171,19,1.62%,
15-10-2025,CMP-META-01,668.36,33605,1047,3.12%,0.64
15-10-2025,CMP-META-02,619.02,42748,1449,3.39%,0.43
15-10-2025,CMP-GOOG-02,0,30525,564,1.85%,
15-10-2025,CMP-EML-01,64.59,4718,179,3.79%,0.36
15-10-2025,CMP-AFF-01,0,6634,159,2.40%,
15-10-2025,CMP-ORG-00,0,695,12,1.73%,
16-10-2025,CMP-META-01,284.5,22441,813,3.62%,0.35
16-10-2025,CMP-META-02,577.06,43098,1671,3.88%,0.35
16-10-2025,CMP-GOOG-01,792.59,0,1361,0.00%,0.58
16-10-2025,CMP-GOOG-02,668.27,37509,604,1.61%,1.11
16-10-2025,CMP-EML-01,32.28,1954,40,2.05%,0.81
16-10-2025,CMP-AFF-01,0,8806,287,3.26%,
16-10-2025,CMP-ORG-00,0,905,17,1.88%,
17-10-2025,CMP-META-01,669.91,32514,1028,3.16%,0.65
17-10-2025,CMP-META-02,473.12,27079,476,1.76%,0.99
17-10-2025,CMP-GOOG-01,734.8,55205,1408,2.55%,0.52
17-10-2025,CMP-GOOG-02,729.87,57458,1070,1.86%,0.68
17-10-2025,CMP-EML-01,78.97,3326,70,2.10%,1.13
17-10-2025,CMP-AFF-01,0,5810,179,3.08%,
17-10-2025,CMP-ORG-00,0,528,13,2.46%,
18-10-2025,CMP-META-01,272,16853,365,2.17%,0.75
18-10-2025,CMP-META-02,343.36,15498,357,2.30%,0.96
18-10-2025,CMP-GOOG-01,388.6,20600,347,1.68%,1.12
18-10-2025,CMP-GOOG-02,762.95,36883,1423,3.86%,0.54
18-10-2025,CMP-EML-01,59.85,2572,57,2.22%,1.05
18-10-2025,CMP-AFF-01,123.59,8925,137,1.54%,0.9
18-10-2025,CMP-ORG-00,0,1493,47,3.15%,
19-10-2025,CMP-META-01,642.17,45827,1712,3.74%,0.38
19-10-2025,CMP-META-02,361.75,27013,515,1.91%,0.7
19-10-2025,CMP-GOOG-01,551.12,28891,1055,3.65%,0.52
19-10-2025,CMP-GOOG-02,455.77,36111,1126,3.12%,0.4
19-10-2025,CMP-EML-01,53.33,2968,86,2.90%,0.62
19-10-2025,CMP-AFF-01,0,9090,235,2.59%,
19-10-2025,CMP-ORG-00,0,1311,37,2.82%,
20-10-2025,CMP-META-01,623.66,35531,1206,3.39%,0.52
20-10-2025,CMP-GOOG-01,808.96,0,1639,0.00%,0.49
20-10-2025,CMP-GOOG-02,334.82,21733,612,2.82%,0.55
20-10-2025,CMP-EML-01,37.65,2032,36,1.77%,1.05
20-10-2025,CMP-AFF-01,201.53,13526,512,3.79%,0.39
20-10-2025,CMP-ORG-00,0,1371,39,2.84%,
21-10-2025,CMP-META-01,639.49,34449,810,2.35%,0.79
21-10-2025,CMP-META-02,545.39,33702,758,2.25%,0.72
21-10-2025,CMP-GOOG-01,788.78,46095,987,2.14%,0.8
21-10-2025,CMP-GOOG-02,768.23,53832,1524,2.83%,0.5
21-10-2025,CMP-EML-01,50.67,3724,113,3.03%,0.45
21-10-2025,CMP-AFF-01,94.01,5549,120,2.16%,0.78
21-10-2025,CMP-ORG-00,0,1296,45,3.47%,
22-10-2025,CMP-META-01,680.74,47637,1182,2.48%,0.58
22-10-2025,CMP-META-02,468.01,21892,511,2.33%,0.92
22-10-2025,CMP-GOOG-01,324.28,18558,473,2.55%,0.69
22-10-2025,CMP-GOOG-02,0,36514,1354,3.71%,
22-10-2025,CMP-EML-01,31.9,2381,41,1.72%,0.78
22-10-2025,CMP-AFF-01,111.13,4731,92,1.94%,1.21
22-10-2025,CMP-ORG-00,0,689,21,3.05%,
23-10-2025,CMP-META-01,546.22,22506,549,2.44%,0.99
23-10-2025,CMP-META-02,738.68,49497,1498,3.03%,0.49
23-10-2025,CMP-GOOG-01,608.25,27401,732,2.67%,0.83
23-10-2025,CMP-GOOG-02,606.68,26070,573,2.20%,1.06
23-10-2025,CMP-EML-01,77.2,4069,103,2.53%,0.75
23-10-2025,CMP-AFF-01,97.54,5135,104,2.03%,0.94
23-10-2025,CMP-ORG-00,0,1301,27,2.08%,
24-10-2025,CMP-META-01,287.63,16752,615,3.67%,0.47
24-10-2025,CMP-META-02,416.53,32499,1060,3.26%,0.39
24-10-2025,CMP-GOOG-01,375.3,26933,862,3.20%,0.44
24-10-2025,CMP-GOOG-02,573.77,43637,1187,2.72%,0.48
24-10-2025,CMP-EML-01,37.79,2870,107,3.73%,0.35
24-10-2025,CMP-AFF-01,206.49,10881,222,2.04%,0.93
24-10-2025,CMP-ORG-00,0,1169,20,1.71%,
25-10-2025,CMP-META-01,720.8,45840,1549,3.38%,0.47
25-10-2025,CMP-META-02,355.51,16167,299,1.85%,1.19
25-10-2025,CMP-GOOG-01,489.39,38279,976,2.55%,0.5
25-10-2025,CMP-GOOG-02,548.55,22545,422,1.87%,1.3
25-10-2025,CMP-EML-01,34.77,1466,53,3.62%,0.66
25-10-2025,CMP-AFF-01,188.12,0,559,0.00%,0.34
25-10-2025,CMP-ORG-00,0,1027,29,2.82%,
26-10-2025,CMP-META-01,691.22,35834,1076,3.00%,0.64
26-10-2025,CMP-META-02,355.47,23360,898,3.84%,0.4
26-10-2025,CMP-GOOG-01,704.28,51983,1613,3.10%,0.44
26-10-2025,CMP-GOOG-02,379.23,22608,424,1.88%,0.89
26-10-2025,CMP-EML-01,72.88,5243,99,1.89%,0.74
26-10-2025,CMP-AFF-01,172.62,9875,257,2.60%,0.67
26-10-2025,CMP-ORG-00,0,1320,28,2.12%,
27-10-2025,CMP-META-01,698.35,40321,1166,2.89%,0.6
27-10-2025,CMP-META-02,400.5,26618,992,3.73%,0.4
27-10-2025,CMP-GOOG-01,302.19,22483,649,2.89%,0.47
27-10-2025,CMP-GOOG-02,385.66,19811,341,1.72%,1.13
27-10-2025,CMP-EML-01,77.22,5536,214,3.87%,0.36
27-10-2025,CMP-AFF-01,151.56,6433,120,1.87%,1.26
27-10-2025,CMP-ORG-00,0,977,36,3.68%,
28-10-2025,CMP-META-01,314.74,17576,372,2.12%,0.85
28-10-2025,CMP-META-02,460.12,19222,336,1.75%,1.37
28-10-2025,CMP-GOOG-01,653.05,40554,1156,2.85%,0.56
28-10-2025,CMP-GOOG-02,674.12,50930,1588,3.12%,0.42
28-10-2025,CMP-EML-01,38.88,2932,60,2.05%,0.65
28-10-2025,CMP-AFF-01,135.11,5912,124,2.10%,1.09
28-10-2025,CMP-ORG-00,0,724,21,2.90%,
29-10-2025,CMP-META-01,336.85,17526,518,2.96%,0.65
29-10-2025,CMP-META-02,519.47,28407,987,3.47%,0.53
29-10-2025,CMP-GOOG-01,637.26,42419,1035,2.44%,0.62
29-10-2025,CMP-GOOG-02,572.07,35179,1317,3.74%,0.43
29-10-2025,CMP-EML-01,76.94,4535,119,2.62%,0.65
29-10-2025,CMP-AFF-01,178.45,11986,278,2.32%,0.64
29-10-2025,CMP-ORG-00,0,0,22,0.00%,
30-10-2025,CMP-META-01,254.44,14799,378,2.55%,0.67
30-10-2025,CMP-META-02,307.76,15114,374,2.47%,0.82
30-10-2025,CMP-GOOG-01,441.17,20396,498,2.44%,0.89
30-10-2025,CMP-GOOG-02,575.01,31791,1074,3.38%,0.54
30-10-2025,CMP-EML-01,77.21,4841,105,2.17%,0.74
30-10-2025,CMP-AFF-01,140.9,10621,161,1.52%,0.88
30-10-2025,CMP-ORG-00,0,1244,42,3.38%,
31-10-2025,CMP-META-01,572.36,29316,1031,3.52%,0.56
31-10-2025,CMP-META-02,445.11,34597,541,1.56%,0.82
31-10-2025,CMP-GOOG-02,521.07,39970,947,2.37%,0.55
31-10-2025,CMP-EML-01,54.54,2857,83,2.91%,0.66
31-10-2025,CMP-AFF-01,91.03,6339,158,2.49%,0.58
31-10-2025,CMP-ORG-00,0,504,9,1.79%,
01-11-2025,CMP-META-01,595.7,40732,1546,3.80%,0.39
01-11-2025,CMP-META-02,626.73,44351,1305,2.94%,0.48
01-11-2025,CMP-GOOG-01,759.67,60499,1396,2.31%,0.54
01-11-2025,CMP-GOOG-02,754.27,47481,1359,2.86%,0.56
01-11-2025,CMP-EML-01,63.36,3165,81,2.56%,0.78
01-11-2025,CMP-AFF-01,109.74,4972,97,1.95%,1.13
01-11-2025,CMP-ORG-00,0,709,25,3.53%,
02-11-2025,CMP-META-01,713.55,51365,992,1.93%,0.72
02-11-2025,CMP-META-02,466.24,28324,504,1.78%,0.93
02-11-2025,CMP-GOOG-01,441.84,33887,1034,3.05%,0.43
02-11-2025,CMP-GOOG-02,479.98,20676,695,3.36%,0.69
02-11-2025,CMP-EML-01,41.86,3294,131,3.98%,0.32
02-11-2025,CMP-AFF-01,90.97,7254,230,3.17%,0.4
02-11-2025,CMP-ORG-00,0,782,12,1.53%,
03-11-2025,CMP-META-01,485.77,37089,1436,3.87%,0.34
03-11-2025,CMP-META-02,423.58,0,667,0.00%,0.64
03-11-2025,CMP-GOOG-01,0,40028,1193,2.98%,
03-11-2025,CMP-GOOG-02,665.6,51923,1927,3.71%,0.35
03-11-2025,CMP-EML-01,62.49,2892,48,1.66%,1.3
03-11-2025,CMP-AFF-01,105.38,6465,114,1.76%,0.92
03-11-2025,CMP-ORG-00,0,592,14,2.36%,
04-11-2025,CMP-META-01,524.56,38321,1459,3.81%,0.36
04-11-2025,CMP-META-02,326.08,20600,771,3.74%,0.42
04-11-2025,CMP-GOOG-01,325.83,15349,318,2.07%,1.02
04-11-2025,CMP-GOOG-02,352.8,15705,295,1.88%,1.2
04-11-2025,CMP-EML-01,66.33,3617,123,3.40%,0.54
04-11-2025,CMP-AFF-01,209.87,10907,328,3.01%,0.64
04-11-2025,CMP-ORG-00,0,638,17,2.66%,
05-11-2025,CMP-META-01,470.7,20484,313,1.53%,1.5
05-11-2025,CMP-META-02,508.42,35527,1336,3.76%,0.38
05-11-2025,CMP-GOOG-02,487.07,37908,1293,3.41%,0.38
05-11-2025,CMP-EML-01,34.93,2472,97,3.92%,0.36
05-11-2025,CMP-AFF-01,166.79,11160,385,3.45%,0.43
05-11-2025,CMP-ORG-00,0,800,17,2.13%,
06-11-2025,CMP-META-01,501.25,38395,1296,3.38%,0.39
06-11-2025,CMP-META-02,547,25665,726,2.83%,0.75
06-11-2025,CMP-GOOG-01,598.97,24788,375,1.51%,1.6
06-11-2025,CMP-GOOG-02,302.5,17850,587,3.29%,0.52
06-11-2025,CMP-EML-01,65.35,4703,101,2.15%,0.65
06-11-2025,CMP-AFF-01,104.03,4266,78,1.83%,1.33
06-11-2025,CMP-ORG-00,0,537,11,2.05%,
07-11-2025,CMP-META-01,578.43,45360,1261,2.78%,0.46
07-11-2025,CMP-META-02,635.23,43959,865,1.97%,0.73
07-11-2025,CMP-GOOG-01,755.97,36544,1304,3.57%,0.58
07-11-2025,CMP-GOOG-02,303.84,12750,379,2.97%,0.8
07-11-2025,CMP-EML-01,0,3046,77,2.53%,
07-11-2025,CMP-AFF-01,88.69,4094,84,2.05%,1.06
07-11-2025,CMP-ORG-00,0,549,17,3.10%,
08-11-2025,CMP-META-02,450.89,27744,852,3.07%,0.53
08-11-2025,CMP-GOOG-01,361.03,22894,868,3.79%,0.42
08-11-2025,CMP-GOOG-02,790.77,60618,2391,3.94%,0.33
08-11-2025,CMP-EML-01,60.03,2801,96,3.43%,0.63
08-11-2025,CMP-AFF-01,0,12939,202,1.56%,
08-11-2025,CMP-ORG-00,0,1485,56,3.77%,
09-11-2025,CMP-META-01,263.71,20292,593,2.92%,0.44
09-11-2025,CMP-META-02,261.42,19288,403,2.09%,0.65
09-11-2025,CMP-GOOG-01,712.43,32781,888,2.71%,0.8
09-11-2025,CMP-GOOG-02,472.43,23481,470,2.00%,1.01
09-11-2025,CMP-EML-01,39.66,2645,81,3.06%,0.49
09-11-2025,CMP-AFF-01,206.79,11215,244,2.18%,0.85
09-11-2025,CMP-ORG-00,0,1464,42,2.87%,
10-11-2025,CMP-META-01,626.76,48554,1217,2.51%,0.52
10-11-2025,CMP-META-02,669.94,44791,997,2.23%,0.67
10-11-2025,CMP-GOOG-01,0,23924,615,2.57%,
10-11-2025,CMP-GOOG-02,776.39,57799,1052,1.82%,0.74
10-11-2025,CMP-EML-01,52.6,3670,92,2.51%,0.57
10-11-2025,CMP-AFF-01,112.65,5870,154,2.62%,0.73
10-11-2025,CMP-ORG-00,0,1135,37,3.26%,
11-11-2025,CMP-META-01,406.05,17069,483,2.83%,0.84
11-11-2025,CMP-GOOG-01,457.98,19920,643,3.23%,0.71
11-11-2025,CMP-GOOG-02,443.22,28672,925,3.23%,0.48
11-11-2025,CMP-EML-01,61.74,2806,100,3.56%,0.62
11-11-2025,CMP-AFF-01,131.26,9879,324,3.28%,0.41
11-11-2025,CMP-ORG-00,0,981,37,3.77%,
12-11-2025,CMP-META-01,581.16,44568,1195,2.68%,0.49
12-11-2025,CMP-META-02,610.78,31391,592,1.89%,1.03
12-11-2025,CMP-GOOG-01,553.75,34918,1122,3.21%,0.49
12-11-2025,CMP-GOOG-02,546.65,33184,1088,3.28%,0.5
12-11-2025,CMP-EML-01,73.39,5271,200,3.79%,0.37
12-11-2025,CMP-AFF-01,205.91,14655,313,2.14%,0.66
12-11-2025,CMP-ORG-00,0,746,24,3.22%,
13-11-2025,CMP-META-01,616.46,42041,1370,3.26%,0.45
13-11-2025,CMP-META-02,391.13,23182,796,3.43%,0.49
13-11-2025,CMP-GOOG-01,549.02,25805,772,2.99%,0.71
13-11-2025,CMP-GOOG-02,581.6,32103,742,2.31%,0.78
13-11-2025,CMP-EML-01,30.93,1446,56,3.87%,0.55
13-11-2025,CMP-AFF-01,206.01,10126,233,2.30%,0.88
13-11-2025,CMP-ORG-00,0,1208,47,3.89%,
14-11-2025,CMP-META-01,622.3,40819,1454,3.56%,0.43
14-11-2025,CMP-META-02,0,28936,587,2.03%,
14-11-2025,CMP-GOOG-01,693.84,49167,1669,3.39%,0.42
14-11-2025,CMP-GOOG-02,484.47,33152,1258,3.79%,0.39
14-11-2025,CMP-EML-01,58.91,4542,96,2.11%,0.61
14-11-2025,CMP-AFF-01,146.78,7662,300,3.92%,0.49
14-11-2025,CMP-ORG-00,0,1127,39,3.46%,
15-11-2025,CMP-META-01,607.76,33111,1113,3.36%,0.55
15-11-2025,CMP-META-02,339.87,26452,699,2.64%,0.49
15-11-2025,CMP-GOOG-01,719.5,46073,1424,3.09%,0.51
15-11-2025,CMP-GOOG-02,681.44,39539,637,1.61%,1.07
15-11-2025,CMP-EML-01,59.44,2756,104,3.77%,0.57
15-11-2025,CMP-ORG-00,0,1042,39,3.74%,
16-11-2025,CMP-META-02,604.27,31024,779,2.51%,0.78
16-11-2025,CMP-GOOG-01,539.12,22407,518,2.31%,1.04
16-11-2025,CMP-GOOG-02,621.65,48998,986,2.01%,0.63
16-11-2025,CMP-EML-01,42.79,2687,41,1.53%,1.04
16-11-2025,CMP-AFF-01,194.6,9579,284,2.96%,0.69
16-11-2025,CMP-ORG-00,0,1363,27,1.98%,
17-11-2025,CMP-META-01,668.96,30788,1148,3.73%,0.58
17-11-2025,CMP-META-02,481.98,24926,503,2.02%,0.96
17-11-2025,CMP-GOOG-01,686.26,47182,834,1.77%,0.82
17-11-2025,CMP-GOOG-02,789.63,46925,1117,2.38%,0.71
17-11-2025,CMP-EML-01,33.03,2019,44,2.18%,0.75
17-11-2025,CMP-AFF-01,178.05,9015,160,1.77%,1.11
17-11-2025,CMP-ORG-00,0,1138,24,2.11%,
18-11-2025,CMP-META-01,474.21,33751,790,2.34%,0.6
18-11-2025,CMP-GOOG-01,375.21,24480,823,3.36%,0.46
18-11-2025,CMP-GOOG-02,0,19583,340,1.74%,
18-11-2025,CMP-EML-01,55.68,3062,101,3.30%,0.55
18-11-2025,CMP-AFF-01,188.02,13095,337,2.57%,0.56
18-11-2025,CMP-ORG-00,0,1184,36,3.04%,
19-11-2025,CMP-META-01,486.64,35883,968,2.70%,0.5
19-11-2025,CMP-META-02,382.73,21136,476,2.25%,0.8
19-11-2025,CMP-GOOG-01,400.08,27556,677,2.46%,0.59
19-11-2025,CMP-GOOG-02,821.39,33472,1007,3.01%,0.82
19-11-2025,CMP-EML-01,64.87,4583,83,1.81%,0.78
19-11-2025,CMP-AFF-01,198.24,8537,272,3.19%,0.73
19-11-2025,CMP-ORG-00,0,913,31,3.40%,
20-11-2025,CMP-META-01,515.38,21625,366,1.69%,1.41
20-11-2025,CMP-META-02,591.34,45695,1222,2.67%,0.48
20-11-2025,CMP-GOOG-01,590.42,27692,712,2.57%,0.83
20-11-2025,CMP-EML-01,35.3,1545,28,1.81%,1.26
20-11-2025,CMP-AFF-01,168.21,11390,286,2.51%,0.59
20-11-2025,CMP-ORG-00,0,1260,42,3.33%,
21-11-2025,CMP-META-01,0,40369,1534,3.80%,
21-11-2025,CMP-META-02,615.54,35295,1223,3.47%,0.5
21-11-2025,CMP-GOOG-01,566.66,34195,1279,3.74%,0.44
21-11-2025,CMP-GOOG-02,681.76,36805,880,2.39%,0.77
21-11-2025,CMP-EML-01,61.5,3654,71,1.94%,0.87
21-11-2025,CMP-AFF-01,101.04,5442,136,2.50%,0.74
21-11-2025,CMP-ORG-00,0,1174,25,2.13%,
22-11-2025,CMP-META-01,454.03,18532,295,1.59%,1.54
22-11-2025,CMP-META-02,508.39,33461,1073,3.21%,0.47
22-11-2025,CMP-GOOG-01,305.79,12811,248,1.94%,1.23
22-11-2025,CMP-GOOG-02,768.59,41787,1449,3.47%,0.53
22-11-2025,CMP-EML-01,57.36,2756,73,2.65%,0.79
22-11-2025,CMP-AFF-01,0,11938,282,2.36%,
22-11-2025,CMP-ORG-00,0,1263,36,2.85%,
23-11-2025,CMP-META-01,455.63,28321,752,2.66%,0.61
23-11-2025,CMP-META-02,721.93,32897,949,2.88%,0.76
23-11-2025,CMP-GOOG-01,357.08,26842,987,3.68%,0.36
23-11-2025,CMP-GOOG-02,446.69,34103,1140,3.34%,0.39
23-11-2025,CMP-EML-01,0,3040,110,3.62%,
23-11-2025,CMP-AFF-01,141.76,9738,161,1.65%,0.88
23-11-2025,CMP-ORG-00,0,991,22,2.22%,
24-11-2025,CMP-META-01,328.16,15316,294,1.92%,1.12
24-11-2025,CMP-META-02,710.46,41855,757,1.81%,0.94
24-11-2025,CMP-GOOG-01,0,40000,1489,3.72%,
24-11-2025,CMP-GOOG-02,582.52,44291,1407,3.18%,0.41
24-11-2025,CMP-EML-01,0,0,91,0.00%,
24-11-2025,CMP-AFF-01,176.5,13110,417,3.18%,0.42
24-11-2025,CMP-ORG-00,0,833,28,3.36%,
25-11-2025,CMP-META-01,648.78,35228,733,2.08%,0.89
25-11-2025,CMP-META-02,566.66,41872,1008,2.41%,0.56
25-11-2025,CMP-GOOG-01,828.95,43110,1471,3.41%,0.56
25-11-2025,CMP-GOOG-02,788.86,35432,1376,3.88%,0.57
25-11-2025,CMP-EML-01,53.58,3732,66,1.77%,0.81
25-11-2025,CMP-AFF-01,81,5987,131,2.19%,0.62
25-11-2025,CMP-ORG-00,0,1455,23,1.58%,
26-11-2025,CMP-META-02,741.26,34334,1373,4.00%,0.54
26-11-2025,CMP-GOOG-01,327.49,18660,520,2.79%,0.63
26-11-2025,CMP-GOOG-02,355.76,24090,598,2.48%,0.59
26-11-2025,CMP-EML-01,68.69,3675,90,2.45%,0.76
26-11-2025,CMP-AFF-01,215.17,12249,434,3.54%,0.5
26-11-2025,CMP-ORG-00,0,853,28,3.28%,
27-11-2025,CMP-META-01,623.24,38465,979,2.55%,0.64
27-11-2025,CMP-META-02,533.14,35705,978,2.74%,0.55
27-11-2025,CMP-GOOG-01,361.61,18192,493,2.71%,0.73
27-11-2025,CMP-GOOG-02,557.62,29427,1114,3.79%,0.5
27-11-2025,CMP-EML-01,34.81,2754,59,2.14%,0.59
27-11-2025,CMP-AFF-01,167.29,12783,440,3.44%,0.38
27-11-2025,CMP-ORG-00,0,1300,33,2.54%,
28-11-2025,CMP-META-01,359.33,15097,353,2.34%,1.02
28-11-2025,CMP-GOOG-01,791.07,33598,1229,3.66%,0.64
28-11-2025,CMP-GOOG-02,683.72,42731,1595,3.73%,0.43
28-11-2025,CMP-EML-01,30.43,2051,49,2.39%,0.62
28-11-2025,CMP-AFF-01,118.87,9198,147,1.60%,0.81
28-11-2025,CMP-ORG-00,0,724,15,2.07%,
29-11-2025,CMP-META-01,316.01,15750,404,2.57%,0.78
29-11-2025,CMP-META-02,402.09,18068,565,3.13%,0.71
29-11-2025,CMP-GOOG-01,361.88,26582,770,2.90%,0.47
29-11-2025,CMP-GOOG-02,670.48,32458,1148,3.54%,0.58
29-11-2025,CMP-EML-01,36.51,1663,54,3.25%,0.68
29-11-2025,CMP-AFF-01,90.58,6116,117,1.91%,0.77
29-11-2025,CMP-ORG-00,0,566,16,2.83%,
30-11-2025,CMP-META-01,702.2,35338,1148,3.25%,0.61
30-11-2025,CMP-META-02,429.19,0,1027,0.00%,0.42
30-11-2025,CMP-GOOG-02,744.5,48713,892,1.83%,0.83
30-11-2025,CMP-EML-01,30.15,1656,44,2.66%,0.69
30-11-2025,CMP-AFF-01,116.07,4943,178,3.60%,0.65
30-11-2025,CMP-ORG-00,0,689,20,2.90%,
01-12-2025,CMP-META-01,606.55,44792,1489,3.32%,0.41
01-12-2025,CMP-META-02,451.26,23719,520,2.19%,0.87
01-12-2025,CMP-GOOG-01,0,21288,850,3.99%,
01-12-2025,CMP-GOOG-02,599.45,38554,1261,3.27%,0.48
01-12-2025,CMP-EML-01,78.38,3801,104,2.74%,0.75
01-12-2025,CMP-AFF-01,133.74,10498,262,2.50%,0.51
01-12-2025,CMP-ORG-00,0,1302,31,2.38%,
02-12-2025,CMP-META-02,339.83,23882,607,2.54%,0.56
02-12-2025,CMP-GOOG-01,345.97,21663,557,2.57%,0.62
02-12-2025,CMP-GOOG-02,772.27,34998,1192,3.41%,0.65
02-12-2025,CMP-EML-01,37.21,2042,67,3.28%,0.56
02-12-2025,CMP-AFF-01,108.56,7632,261,3.42%,0.42
02-12-2025,CMP-ORG-00,0,510,15,2.94%,
03-12-2025,CMP-META-01,554.81,32300,1008,3.12%,0.55
03-12-2025,CMP-META-02,297.42,0,690,0.00%,0.43
03-12-2025,CMP-GOOG-01,652.11,44786,1243,2.78%,0.52
03-12-2025,CMP-GOOG-02,610.35,33128,1244,3.76%,0.49
03-12-2025,CMP-EML-01,38.71,1894,37,1.95%,1.05
03-12-2025,CMP-AFF-01,142.05,7200,196,2.72%,0.72
03-12-2025,CMP-ORG-00,0,0,41,0.00%,
04-12-2025,CMP-META-01,600.52,30134,648,2.15%,0.93
04-12-2025,CMP-META-02,658.48,30098,1130,3.75%,0.58
04-12-2025,CMP-GOOG-01,378.32,25594,646,2.52%,0.59
04-12-2025,CMP-GOOG-02,435.2,26390,657,2.49%,0.66
04-12-2025,CMP-EML-01,30.61,2148,58,2.70%,0.53
04-12-2025,CMP-AFF-01,219.14,12506,308,2.46%,0.71
04-12-2025,CMP-ORG-00,0,921,32,3.47%,
05-12-2025,CMP-META-01,606.71,34952,1132,3.24%,0.54
05-12-2025,CMP-META-02,0,0,879,0.00%,
05-12-2025,CMP-GOOG-01,317.59,21298,345,1.62%,0.92
05-12-2025,CMP-GOOG-02,502.27,29530,778,2.63%,0.65
05-12-2025,CMP-EML-01,54.29,3110,55,1.77%,0.99
05-12-2025,CMP-AFF-01,134.15,5843,107,1.83%,1.25
05-12-2025,CMP-ORG-00,0,517,9,1.74%,
06-12-2025,CMP-META-01,438.98,32215,1012,3.14%,0.43
06-12-2025,CMP-META-02,552.26,22631,580,2.56%,0.95
06-12-2025,CMP-GOOG-01,326.67,16727,259,1.55%,1.26
06-12-2025,CMP-GOOG-02,319,23933,838,3.50%,0.38
06-12-2025,CMP-EML-01,31.96,1892,72,3.81%,0.44
06-12-2025,CMP-AFF-01,189.68,8580,341,3.97%,0.56
07-12-2025,CMP-META-01,339.37,25824,465,1.80%,0.73
07-12-2025,CMP-META-02,417.64,25068,855,3.41%,0.49
07-12-2025,CMP-GOOG-01,780.28,45120,1566,3.47%,0.5
07-12-2025,CMP-GOOG-02,844.96,51600,908,1.76%,0.93
07-12-2025,CMP-AFF-01,167.38,11510,230,2.00%,0.73
07-12-2025,CMP-ORG-00,0,1027,19,1.85%,
08-12-2025,CMP-META-01,380.91,0,498,0.00%,0.76
08-12-2025,CMP-META-02,541.01,40248,1146,2.85%,0.47
08-12-2025,CMP-GOOG-01,358.61,28139,1015,3.61%,0.35
08-12-2025,CMP-GOOG-02,750.48,42398,946,2.23%,0.79
08-12-2025,CMP-EML-01,32.68,2406,95,3.95%,0.34
08-12-2025,CMP-AFF-01,182.07,8386,211,2.52%,0.86
08-12-2025,CMP-ORG-00,0,1388,53,3.82%,
09-12-2025,CMP-META-01,318.03,24873,815,3.28%,0.39
09-12-2025,CMP-GOOG-01,778.98,39689,1583,3.99%,0.49
09-12-2025,CMP-GOOG-02,564.9,43638,794,1.82%,0.71
09-12-2025,CMP-EML-01,58.93,4528,88,1.94%,0.67
09-12-2025,CMP-AFF-01,211.09,16488,317,1.92%,0.67
09-12-2025,CMP-ORG-00,0,1235,23,1.86%,
10-12-2025,CMP-META-01,411.07,30934,1196,3.87%,0.34
10-12-2025,CMP-META-02,381,22541,528,2.34%,0.72
10-12-2025,CMP-GOOG-01,350.05,16334,474,2.90%,0.74
10-12-2025,CMP-GOOG-02,534.62,30618,621,2.03%,0.86
10-12-2025,CMP-EML-01,67.21,4011,60,1.50%,1.12
10-12-2025,CMP-AFF-01,112.61,5048,85,1.68%,1.32
10-12-2025,CMP-ORG-00,0,875,20,2.29%,
11-12-2025,CMP-META-01,311.39,17246,290,1.68%,1.07
11-12-2025,CMP-META-02,512.98,35676,1284,3.60%,0.4
11-12-2025,CMP-GOOG-01,665.19,49903,1001,2.01%,0.66
11-12-2025,CMP-GOOG-02,431.69,23249,883,3.80%,0.49
11-12-2025,CMP-EML-01,43.19,1747,52,2.98%,0.83
11-12-2025,CMP-AFF-01,118.87,6651,125,1.88%,0.95
11-12-2025,CMP-ORG-00,0,586,16,2.73%,
12-12-2025,CMP-META-01,690.15,31642,1200,3.79%,0.58
12-12-2025,CMP-META-02,580.96,34035,1345,3.95%,0.43
12-12-2025,CMP-GOOG-01,739.71,32640,1214,3.72%,0.61
12-12-2025,CMP-GOOG-02,729.76,55397,1922,3.47%,0.38
12-12-2025,CMP-EML-01,33.13,1872,33,1.76%,1
12-12-2025,CMP-AFF-01,158.71,8855,282,3.18%,0.56
12-12-2025,CMP-ORG-00,0,584,23,3.94%,
13-12-2025,CMP-META-01,564.29,31647,963,3.04%,0.59
13-12-2025,CMP-META-02,665.01,42027,655,1.56%,1.02
13-12-2025,CMP-GOOG-01,514.67,32223,999,3.10%,0.52
13-12-2025,CMP-GOOG-02,375.58,22600,887,3.92%,0.42
13-12-2025,CMP-EML-01,59.16,4145,146,3.52%,0.41
13-12-2025,CMP-AFF-01,114.85,6757,219,3.24%,0.52
13-12-2025,CMP-ORG-00,0,1152,26,2.26%,
14-12-2025,CMP-META-01,414.98,27887,496,1.78%,0.84
14-12-2025,CMP-META-02,534.66,25472,455,1.79%,1.18
14-12-2025,CMP-GOOG-01,692.3,43203,1403,3.25%,0.49
14-12-2025,CMP-GOOG-02,459.31,31539,913,2.89%,0.5
14-12-2025,CMP-EML-01,58,3415,128,3.75%,0.45
14-12-2025,CMP-AFF-01,126.55,8516,307,3.60%,0.41
14-12-2025,CMP-ORG-00,0,612,14,2.29%,
15-12-2025,CMP-META-01,696.34,30484,857,2.81%,0.81
15-12-2025,CMP-META-02,707.81,54434,1060,1.95%,0.67
15-12-2025,CMP-GOOG-01,784.4,53397,1941,3.64%,0.4
15-12-2025,CMP-GOOG-02,589.32,36964,918,2.48%,0.64
15-12-2025,CMP-EML-01,70.33,4904,152,3.10%,0.46
15-12-2025,CMP-AFF-01,216.89,11496,231,2.01%,0.94
15-12-2025,CMP-ORG-00,0,828,18,2.17%,
16-12-2025,CMP-META-01,674.58,49556,797,1.61%,0.85
16-12-2025,CMP-META-02,591.58,44166,1491,3.38%,0.4
16-12-2025,CMP-GOOG-01,507.26,34922,1004,2.87%,0.51
16-12-2025,CMP-GOOG-02,315.68,18741,327,1.74%,0.97
16-12-2025,CMP-EML-01,38.58,2019,71,3.52%,0.54
16-12-2025,CMP-AFF-01,156.3,10636,376,3.54%,0.42
16-12-2025,CMP-ORG-00,0,1062,23,2.17%,
17-12-2025,CMP-META-01,392.63,31123,1148,3.69%,0.34
17-12-2025,CMP-META-02,725.98,44346,811,1.83%,0.9
17-12-2025,CMP-GOOG-01,738.09,55806,1411,2.53%,0.52
17-12-2025,CMP-GOOG-02,434.66,23955,552,2.30%,0.79
17-12-2025,CMP-EML-01,65.36,3423,118,3.45%,0.55
17-12-2025,CMP-AFF-01,202.84,14861,259,1.74%,0.78
17-12-2025,CMP-ORG-00,0,827,25,3.02%,
18-12-2025,CMP-META-01,373.53,15977,503,3.15%,0.74
18-12-2025,CMP-META-02,724.34,46404,956,2.06%,0.76
18-12-2025,CMP-GOOG-01,844.42,44687,1100,2.46%,0.77
18-12-2025,CMP-GOOG-02,710.88,31970,548,1.71%,1.3
18-12-2025,CMP-EML-01,42.31,1942,75,3.86%,0.56
18-12-2025,CMP-AFF-01,88.47,4250,75,1.76%,1.18
18-12-2025,CMP-ORG-00,0,611,9,1.47%,
19-12-2025,CMP-META-01,629.73,28769,475,1.65%,1.33
19-12-2025,CMP-META-02,712.71,36308,586,1.61%,1.22
19-12-2025,CMP-GOOG-01,735.98,43275,1175,2.72%,0.63
19-12-2025,CMP-GOOG-02,548.42,38294,1242,3.24%,0.44
19-12-2025,CMP-EML-01,43.09,2005,33,1.65%,1.31
19-12-2025,CMP-AFF-01,174.6,8907,274,3.08%,0.64
19-12-2025,CMP-ORG-00,0,676,21,3.11%,
20-12-2025,CMP-META-01,324.95,21211,778,3.67%,0.42
20-12-2025,CMP-META-02,511.91,23572,486,2.06%,1.05
20-12-2025,CMP-GOOG-01,557.12,25744,414,1.61%,1.35
20-12-2025,CMP-GOOG-02,438.18,32513,916,2.82%,0.48
20-12-2025,CMP-EML-01,32.24,2549,53,2.08%,0.61
20-12-2025,CMP-AFF-01,164.61,12018,241,2.01%,0.68
20-12-2025,CMP-ORG-00,0,920,23,2.50%,
21-12-2025,CMP-META-01,488.46,35307,936,2.65%,0.52
21-12-2025,CMP-META-02,532.84,37006,1093,2.95%,0.49
21-12-2025,CMP-GOOG-01,0,37799,1458,3.86%,
21-12-2025,CMP-GOOG-02,457.03,25966,914,3.52%,0.5
21-12-2025,CMP-EML-01,62.63,3256,56,1.72%,1.12
21-12-2025,CMP-AFF-01,124.8,9978,329,3.30%,0.38
21-12-2025,CMP-ORG-00,0,1400,33,2.36%,
22-12-2025,CMP-META-01,393.24,19683,450,2.29%,0.87
22-12-2025,CMP-META-02,630.86,33603,551,1.64%,1.14
22-12-2025,CMP-GOOG-01,443.59,19319,440,2.28%,1.01
22-12-2025,CMP-GOOG-02,556.68,34867,799,2.29%,0.7
22-12-2025,CMP-EML-01,35.73,2761,92,3.33%,0.39
22-12-2025,CMP-AFF-01,204.8,8855,144,1.63%,1.42
22-12-2025,CMP-ORG-00,0,659,25,3.79%,
23-12-2025,CMP-META-01,501.07,22433,401,1.79%,1.25
23-12-2025,CMP-META-02,601.61,25648,1009,3.93%,0.6
23-12-2025,CMP-GOOG-01,760.53,45328,1133,2.50%,0.67
23-12-2025,CMP-GOOG-02,597.73,27169,528,1.94%,1.13
23-12-2025,CMP-EML-01,71.8,5104,101,1.98%,0.71
23-12-2025,CMP-AFF-01,104.74,6550,199,3.04%,0.53
23-12-2025,CMP-ORG-00,0,1039,40,3.85%,
24-12-2025,CMP-META-01,742.29,29930,953,3.18%,0.78
24-12-2025,CMP-META-02,336.81,21031,724,3.44%,0.47
24-12-2025,CMP-GOOG-01,605.24,33548,598,1.78%,1.01
24-12-2025,CMP-GOOG-02,684.48,51693,1547,2.99%,0.44
24-12-2025,CMP-EML-01,69.84,4968,94,1.89%,0.74
24-12-2025,CMP-AFF-01,109.29,7644,236,3.09%,0.46
24-12-2025,CMP-ORG-00,0,0,36,0.00%,
25-12-2025,CMP-META-01,631.29,40223,1259,3.13%,0.5
25-12-2025,CMP-META-02,283.85,15802,543,3.44%,0.52
25-12-2025,CMP-GOOG-01,413.55,31252,743,2.38%,0.56
25-12-2025,CMP-GOOG-02,617.4,38756,1299,3.35%,0.48
25-12-2025,CMP-AFF-01,214.74,16443,650,3.95%,0.33
25-12-2025,CMP-ORG-00,0,924,33,3.57%,
26-12-2025,CMP-META-01,435.34,24738,710,2.87%,0.61
26-12-2025,CMP-META-02,648.99,44610,1056,2.37%,0.61
26-12-2025,CMP-GOOG-01,504.76,27553,704,2.56%,0.72
26-12-2025,CMP-GOOG-02,625.74,28053,833,2.97%,0.75
26-12-2025,CMP-AFF-01,152.55,11171,224,2.01%,0.68
26-12-2025,CMP-ORG-00,0,611,19,3.11%,
27-12-2025,CMP-META-01,602.67,26316,714,2.71%,0.84
27-12-2025,CMP-META-02,491.87,23420,844,3.60%,0.58
27-12-2025,CMP-GOOG-01,586.02,40289,1385,3.44%,0.42
27-12-2025,CMP-GOOG-02,373.22,26681,1042,3.91%,0.36
27-12-2025,CMP-EML-01,52.95,2599,49,1.89%,1.08
27-12-2025,CMP-AFF-01,186.28,14009,341,2.43%,0.55
27-12-2025,CMP-ORG-00,0,1319,33,2.50%,
28-12-2025,CMP-META-01,292.9,18936,511,2.70%,0.57
28-12-2025,CMP-META-02,624.91,35095,641,1.83%,0.97
28-12-2025,CMP-GOOG-01,738.71,30040,564,1.88%,1.31
28-12-2025,CMP-GOOG-02,345.29,21521,556,2.58%,0.62
28-12-2025,CMP-EML-01,71.59,5315,144,2.71%,0.5
28-12-2025,CMP-AFF-01,187.19,7517,296,3.94%,0.63
28-12-2025,CMP-ORG-00,0,501,17,3.39%,
29-12-2025,CMP-META-01,525.49,35233,1231,3.49%,0.43
29-12-2025,CMP-META-02,505.74,33945,670,1.97%,0.75
29-12-2025,CMP-GOOG-02,628.87,41824,1098,2.63%,0.57
29-12-2025,CMP-EML-01,38.78,3075,73,2.37%,0.53
29-12-2025,CMP-AFF-01,165.05,12933,234,1.81%,0.71
29-12-2025,CMP-ORG-00,0,1233,37,3.00%,
30-12-2025,CMP-META-01,511.53,0,1205,0.00%,0.42
30-12-2025,CMP-META-02,601.73,33811,1234,3.65%,0.49
30-12-2025,CMP-GOOG-01,635.39,48810,1741,3.57%,0.36
30-12-2025,CMP-GOOG-02,377.08,25878,600,2.32%,0.63
30-12-2025,CMP-EML-01,54.65,2576,89,3.45%,0.61
30-12-2025,CMP-AFF-01,169.81,11010,180,1.63%,0.94
30-12-2025,CMP-ORG-00,0,1237,23,1.86%,
31-12-2025,CMP-META-01,271.91,12738,262,2.06%,1.04
31-12-2025,CMP-META-02,674.96,29766,846,2.84%,0.8
31-12-2025,CMP-GOOG-01,763.83,40261,1552,3.85%,0.49
31-12-2025,CMP-GOOG-02,703.64,49254,861,1.75%,0.82
31-12-2025,CMP-EML-01,67.78,3519,94,2.67%,0.72
31-12-2025,CMP-AFF-01,211.11,15207,234,1.54%,0.9
31-12-2025,CMP-ORG-00,0,1194,45,3.77%,
